create database HotelManagementSystem2

go
use HotelManagementSystem2

CREATE TABLE Hotel 
	(HotelID VARCHAR (10) PRIMARY KEY,
    Name VARCHAR(255),
    Address VARCHAR(255),
    Phone VARCHAR(15),
    Email VARCHAR(255)
	)

CREATE TABLE Staff
	(StaffID Int Primary key,
	HotelID VARCHAR (10) Foreign Key References Hotel (HotelID),
	FirstName VARCHAR(25),
	LastName VARCHAR(25),
	Position VARCHAR(25),
	Salary Decimal (10,2),
	DateOfBirth VARCHAR(25),
	Phone VARCHAR(55),
	Email VARCHAR(55),
	HireDate VARCHAR(25));


CREATE TABLE RoomType
(RoomTypeID INT PRIMARY KEY,
 Name VARCHAR(50),
 Description VARCHAR(255),
 PricePerNight DECIMAL(10, 2),
 Capacity INT);


CREATE TABLE Room 
(RoomNumber INT PRIMARY KEY,
 HotelID VARCHAR (10) FOREIGN KEY REFERENCES Hotel (HotelID),
 RoomTypeID INT,
 Status VARCHAR(20),
 FOREIGN KEY (RoomTypeID) REFERENCES RoomType(RoomTypeID));

 create table Customer(
        customer_id int primary key,
        Name varchar(30),
        gender varchar(20),
        nationality varchar(30),
	    phone_number varchar(18),
	    Email varchar(50),
        address varchar (250)
    );

 create table Booking(
        Booking_id numeric(9,0) primary key,
        customer_id int FOREIGN KEY references Customer(customer_id),
        RoomNumber INT,
        check_in_date varchar(255),
        check_out_date varchar(255),
        total_room_price int,
        FOREIGN KEY(RoomNumber) references Room(RoomNumber)
    );

Create Table Payment
(PaymentID int IDENTITY(1,1) Primary key,
PaymentType Varchar(255),
PaymentDate Varchar (255),
Booking_ID numeric(9,0) Foreign Key References Booking(Booking_ID));

Create Table CustomerReview 
(ReviewID int IDENTITY(1,1) Primary Key,
ReviewRating decimal,
DateOfReview Varchar(255),

WouldVisitAgain Varchar(4),
Booking_ID numeric(9,0) Foreign Key References Booking(Booking_ID),
);

 
INSERT INTO Hotel (HotelID, Name, Address, Phone, Email) VALUES
('h1', 'The Grand Palace', '123 Royal St, New York, NY 10001', '212-555-1234', 'info@grandpalace.com'),
('h2', 'Oceanview Resort', '456 Seaside Blvd, Miami, FL 33101', '305-555-5678', 'contact@oceanviewresort.com'),
('h3', 'Mountain Retreat', '789 Alpine Rd, Aspen, CO 81611', '970-555-8765', 'stay@mountainretreat.com'),
('h4', 'City Center Inn', '101 Downtown Ave, Chicago, IL 60601', '312-555-2345', 'hello@citycenterinn.com'),
('h5', 'Lakeside Lodge', '202 Lakeview Dr, Orlando, FL 32801', '407-555-3456', 'reservations@lakesidelodge.com'),
('h6', 'Desert Oasis', '303 Sand Dunes Rd, Phoenix, AZ 85001', '602-555-4567', 'info@desertoasis.com'),
('h7', 'Urban Stay Hotel', '404 Metropolis St, Los Angeles, CA 90001', '213-555-5678', 'bookings@urbanstay.com'),
('h8', 'Countryside Inn', '505 Green Fields Rd, Nashville, TN 37201', '615-555-6789', 'inquiry@countrysideinn.com'),
('h9', 'Beachside Bungalows', '606 Ocean Dr, Honolulu, HI 96801', '808-555-7890', 'stay@beachsidebungalows.com'),
('h10', 'Historic Hotel', '707 Heritage Ln, Boston, MA 02101', '617-555-8901', 'info@historichotel.com');

Select * From Hotel


INSERT INTO Staff VALUES
(1, 'h1', 'John', 'Doe', 'Manager', 60000.00, '1980-05-15', '+1234567890', 'john.doe@example.com', '2015-01-10'),
(2, 'h1', 'Jane', 'Smith', 'Receptionist', 40000.00, '1990-08-22', '+1987654321', 'jane.smith@example.com', '2016-03-20'),
(3, 'h1', 'Michael', 'Johnson', 'Chef', 55000.00, '1985-11-10', '+1555555501', 'michael.johnson@example.com', '2015-06-05'),
(4, 'h1', 'Emily', 'Williams', 'Housekeeper', 35000.00, '1995-02-28', '+1777777017', 'emily.williams@example.com', '2014-02-15'),
(5, 'h1', 'David', 'Brown', 'Waiter', 30000.00, '1992-04-20', '+1444444104', 'david.brown@example.com', '2013-01-30'),
(6, 'h1', 'Jessica', 'Jones', 'Bartender', 32000.00, '1993-07-12', '+18888245888', 'jessica.jones@example.com', '2016-12-10'),
(7, 'h1', 'Christopher', 'Garcia', 'Security', 45000.00, '1988-09-18', '+16666654566', 'christopher.garcia@example.com', '2017-08-25'),
(8, 'h1', 'Sophia', 'Martinez', 'Housekeeping Supervisor', 48000.00, '1987-12-05', '+1993659999', 'sophia.martinez@example.com', '2016-11-17'),
(9, 'h1', 'Ethan', 'Robinson', 'Concierge', 42000.00, '1991-03-30', '+1228722222', 'ethan.robinson@example.com', '2017-04-02'),
(10, 'h1', 'Olivia', 'Clark', 'Front Desk Manager', 55000.00, '1986-06-25', '+1777785777', 'olivia.clark@example.com', '2017-07-12'),
(11, 'h1', 'Daniel', 'Lewis', 'Bellman', 38000.00, '1994-10-02', '+1333983333', 'daniel.lewis@example.com', '2015-11-28'),
(12, 'h1', 'Ava', 'Lee', 'Waitress', 32000.00, '1996-08-18', '+1222222322', 'ava.lee@example.com', '2016-12-05'),
(13, 'h1', 'Matthew', 'Walker', 'Chef', 57000.00, '1984-04-05', '+1777234777', 'matthew.walker@example.com', '2015-09-15'),
(14, 'h1', 'Emma', 'Hall', 'Housekeeper', 36000.00, '1993-05-20', '+1888882348', 'emma.hall@example.com', '2016-06-30'),
(15, 'h1', 'James', 'Young', 'Front Desk Clerk', 33000.00, '1990-09-12', '+1444844444', 'james.young@example.com', '2016-03-12'),
(16, 'h3', 'Oliver', 'Lopez', 'Bartender', 34000.00, '1989-01-28', '+1555538555', 'oliver.lopez@example.com', '2016-04-20'),
(17, 'h3', 'Isabella', 'King', 'Security Guard', 46000.00, '1986-07-04', '+1689666666', 'isabella.king@example.com', '2016-10-01'),
(18, 'h3', 'Mason', 'Harris', 'Housekeeping Supervisor', 49000.00, '1983-02-15', '+1999991999', 'mason.harris@example.com', '2015-01-25'),
(19, 'h3', 'Charlotte', 'Scott', 'Concierge', 43000.00, '1992-11-30', '+1333331833', 'charlotte.scott@example.com', '2017-03-15'),
(20, 'h3', 'William', 'Green', 'Front Desk Manager', 56000.00, '1988-03-22', '+1888817888', 'william.green@example.com', '2017-04-28'),
(21, 'h3', 'Amelia', 'Perez', 'Receptionist', 41000.00, '1995-06-10', '+1222210222', 'amelia.perez@example.com', '2015-09-05'),
(22, 'h3', 'Benjamin', 'Morales', 'Chef', 59000.00, '1987-10-08', '+1777777197', 'benjamin.morales@example.com', '2016-11-20'),
(23, 'h3', 'Evelyn', 'Nguyen', 'Housekeeper', 37000.00, '1991-09-25', '+1444417444', 'evelyn.nguyen@example.com', '2016-02-02'),
(24, 'h3', 'Alexander', 'Garcia', 'Waiter', 31000.00, '1994-12-12', '+1555552455', 'alexander.garcia@example.com', '2016-05-18'),
(25, 'h3', 'Samantha', 'Rodriguez', 'Bartender', 33000.00, '1993-08-05', '+1608666666', 'samantha.rodriguez@example.com', '2017-08-01'),
(26, 'h3', 'Logan', 'Martinez', 'Security', 47000.00, '1988-04-30', '+1999999069', 'logan.martinez@example.com', '2016-11-10'),
(27, 'h3', 'Avery', 'Lopez', 'Housekeeping Supervisor', 50000.00, '1985-12-20', '+1333339533', 'avery.lopez@example.com', '2016-02-12'),
(29, 'h2', 'Ethan', 'Kim', 'Front Desk Manager', 57000.00, '1986-10-15', '+1222221422', 'ethan.kim@example.com', '2017-05-30'),
(30, 'h2', 'Mia', 'Chen', 'Receptionist', 42000.00, '1991-05-28', '+1777771977', 'mia.chen@example.com', '2016-06-15'),
(31, 'h2', 'Noah', 'Wong', 'Chef', 60000.00, '1984-11-02', '+1444444224', 'noah.wong@example.com', '2016-09-20'),
(32, 'h2', 'Abigail', 'Gonzalez', 'Housekeeper', 38000.00, '1993-02-18', '+1555551155', 'abigail.gonzalez@example.com', '2016-12-05'),
(33, 'h2', 'Elijah', 'Martinez', 'Waiter', 32000.00, '1996-04-05', '+1611666666', 'elijah.martinez@example.com', '2016-07-15'),
(34, 'h2', 'Grace', 'Kim', 'Bartender', 34000.00, '1995-08-20', '+1999933999', 'grace.kim@example.com', '2016-08-10'),
(35, 'h2', 'Lucas', 'Liu', 'Security', 48000.00, '1987-07-04', '+1333355333', 'lucas.liu@example.com', '2017-01-01'),
(36, 'h2', 'Avery', 'Nguyen', 'Housekeeping Supervisor', 51000.00, '1984-12-15', '+1222288222', 'avery.nguyen@example.com', '2016-04-05'),
(37, 'h2', 'Liam', 'Patel', 'Concierge', 45000.00, '1990-11-30', '+1777117777', 'liam.patel@example.com', '2016-05-18'),
(38, 'h2', 'Zoe', 'Jones', 'Front Desk Manager', 58000.00, '1988-06-25', '+1888833288', 'zoe.jones@example.com', '2016-07-12'),
(39, 'h5', 'Mason', 'Hernandez', 'Receptionist', 43000.00, '1992-01-10', '+1551125555', 'mason.hernandez@example.com', '2016-10-25'),
(40, 'h5', 'Madison', 'Tran', 'Chef', 61000.00, '1986-05-22', '+1666690666', 'madison.tran@example.com', '2016-12-30'),
(41, 'h5', 'Alexander', 'Chang', 'Housekeeper', 39000.00, '1994-08-02', '+1999809999', 'alexander.chang@example.com', '2016-11-28'),
(42, 'h5', 'Sophia', 'Ramirez', 'Waiter', 33000.00, '1993-12-18', '+122210222', 'sophia.ramirez@example.com', '2016-02-15'),
(43, 'h5', 'James', 'Garcia', 'Bartender', 35000.00, '1992-05-25', '+1777237777', 'james.garcia@example.com', '2015-03-30'),
(44, 'h5', 'Charlotte', 'Nguyen', 'Security', 49000.00, '1988-10-12', '+1444412444', 'charlotte.nguyen@example.com', '2017-07-10'),
(45, 'h5', 'Benjamin', 'Cruz', 'Housekeeping Supervisor', 52000.00, '1985-03-20', '+1551255555', 'benjamin.cruz@example.com', '2016-08-28'),
(46, 'h5', 'Ava', 'Roberts', 'Concierge', 46000.00, '1991-06-30', '+1666661266', 'ava.roberts@example.com', '2016-09-05'),
(47, 'h5', 'William', 'Liu', 'Front Desk Manager', 59000.00, '1987-09-15', '+1999129999', 'william.liu@example.com', '2016-10-12'),
(48, 'h5', 'Evelyn', 'Torres', 'Receptionist', 44000.00, '1990-02-28', '+1222222342', 'evelyn.torres@example.com', '2016-03-20'),
(49, 'h5', 'Michael', 'Flores', 'Chef', 62000.00, '1986-07-10', '+1777774477', 'michael.flores@example.com', '2016-04-02'),
(50, 'h5', 'Emily', 'Tran', 'Housekeeper', 40000.00, '1994-12-03', '+1444446744', 'emily.tran@example.com', '2016-07-05'),
(51, 'h5', 'Daniel', 'Lopez', 'Waiter', 34000.00, '1993-05-20', '+1888847888', 'daniel.lopez@example.com', '2015-08-15'),
(52, 'h2', 'Mia', 'Wang', 'Bartender', 36000.00, '1992-08-05', '+1666666346', 'mia.wang@example.com', '2017-09-01'),
(53, 'h2', 'Noah', 'Gonzalez', 'Security', 50000.00, '1988-04-30', '+1999239999', 'noah.gonzalez@example.com', '2016-11-10'),
(54, 'h2', 'Emma', 'Lee', 'Housekeeping Supervisor', 53000.00, '1985-12-20', '+1333113333', 'emma.lee@example.com', '2014-12-12'),
(55, 'h2', 'Liam', 'Martinez', 'Concierge', 47000.00, '1990-07-10', '+1222222092', 'liam.martinez@example.com', '2015-01-05'),
(57, 'h2', 'Ethan', 'Hernandez', 'Receptionist', 45000.00, '1992-02-28', '+1777967777', 'ethan.hernandez@example.com', '2016-03-10'),
(58, 'h2', 'Ava', 'Nguyen', 'Chef', 63000.00, '1986-06-25', '+1888888128', 'ava.nguyen@example.com', '2017-04-12'),
(59, 'h2', 'Logan', 'Liu', 'Housekeeper', 41000.00, '1991-11-12', '+1666612666', 'logan.liu@example.com', '2016-12-18'),
(60, 'h2', 'Ella', 'Chang', 'Waiter', 35000.00, '1994-04-20', '+1999990899', 'ella.chang@example.com', '2015-07-28'),
(61, 'h2', 'Mason', 'Garcia', 'Bartender', 37000.00, '1993-08-15', '+1222221322', 'mason.garcia@example.com', '2016-10-05'),
(62, 'h2', 'Evelyn', 'Torres', 'Security', 51000.00, '1988-03-02', '+1333332233', 'evelyn.torres@example.com', '2017-01-10'),
(63, 'h2', 'William', 'Wang', 'Housekeeping Supervisor', 54000.00, '1985-09-18', '+1444554444', 'william.wang@example.com', '2014-02-15'),
(64, 'h2', 'Sophia', 'Martinez', 'Concierge', 48000.00, '1990-12-03', '+1555555005', 'sophia.martinez@example.com', '2017-03-28'),
(65, 'h2', 'Lucas', 'Lee', 'Front Desk Manager', 60000.00, '1986-05-22', '+1666688666', 'lucas.lee@example.com', '2017-06-12'),
(66, 'h2', 'Grace', 'Gonzalez', 'Receptionist', 46000.00, '1991-10-08', '+1777779877', 'grace.gonzalez@example.com', '2016-09-20'),
(67, 'h2', 'Daniel', 'Chen', 'Chef', 64000.00, '1985-04-15', '+1888887688', 'daniel.chen@example.com', '2016-11-30'),
(68, 'h2', 'Ava', 'Liu', 'Housekeeper', 42000.00, '1992-09-30', '+1999359999', 'ava.liu@example.com', '2014-12-15'),
(69, 'h7', 'Noah', 'Brown', 'Waiter', 36000.00, '1993-12-12', '+1222225422', 'noah.brown@example.com', '2015-02-28'),
(70, 'h7', 'Emma', 'Tran', 'Bartender', 38000.00, '1994-07-05', '+1333333321', 'emma.tran@example.com', '2016-04-10'),
(71, 'h7', 'Liam', 'Nguyen', 'Security', 52000.00, '1987-02-15', '+1444444354', 'liam.nguyen@example.com', '2015-05-18'),
(72, 'h7', 'Charlotte', 'Kim', 'Housekeeping Supervisor', 55000.00, '1984-07-30', '+1555587555', 'charlotte.kim@example.com', '2016-06-05'),
(73, 'h7', 'Benjamin', 'Martinez', 'Concierge', 49000.00, '1990-11-10', '+1666666236', 'benjamin.martinez@example.com', '2016-07-12'),
(74, 'h7', 'Avery', 'Gonzalez', 'Front Desk Manager', 61000.00, '1986-12-25', '+1777237777', 'avery.gonzalez@example.com', '2015-08-28'),
(75, 'h7', 'Olivia', 'Lee', 'Receptionist', 43000.00, '1992-05-10', '+1888328888', 'olivia.lee@example.com', '2015-09-05'),
(76, 'h7', 'Ethan', 'Wang', 'Chef', 65000.00, '1984-08-02', '+19999954999', 'ethan.wang@example.com', '2016-10-20'),
(77, 'h7', 'Mia', 'Garcia', 'Housekeeper', 43000.00, '1995-01-28', '+1222224522', 'mia.garcia@example.com', '2015-01-05'),
(78, 'h7', 'Noah', 'Liu', 'Waiter', 37000.00, '1994-04-15', '+1333335433', 'noah.liu@example.com', '2016-02-20'),
(79, 'h7', 'Emma', 'Chang', 'Bartender', 39000.00, '1993-09-02', '+1445644444', 'emma.chang@example.com', '2016-03-28'),
(80, 'h7', 'Liam', 'Martinez', 'Security', 53000.00, '1988-01-10', '+1555534555', 'liam.martinez@example.com', '2016-05-12'),
(81, 'h7', 'Olivia', 'Wang', 'Housekeeping Supervisor', 56000.00, '1987-06-30', '+1666216666', 'olivia.wang@example.com', '2017-08-28'),
(82, 'h7', 'Lucas', 'Torres', 'Concierge', 50000.00, '1990-09-15', '+1777771277', 'lucas.torres@example.com', '2015-11-10'),
(83, 'h7', 'Sophia', 'Lee', 'Front Desk Manager', 62000.00, '1986-02-28', '+1888888538', 'sophia.lee@example.com', '2016-12-20'),
(85, 'h7', 'Ava', 'Garcia', 'Chef', 66000.00, '1985-07-10', '+1999995499', 'ava.garcia@example.com', '2016-10-05'),
(86, 'h7', 'Logan', 'Wang', 'Housekeeper', 44000.00, '1991-04-20', '+1222234222', 'logan.wang@example.com', '2016-05-18'),
(87, 'h7', 'Charlotte', 'Liu', 'Waiter', 38000.00, '1994-09-05', '+1777779877', 'charlotte.liu@example.com', '2017-06-01'),
(88, 'h7', 'William', 'Martinez', 'Bartender', 40000.00, '1993-01-10', '+1881288888', 'william.martinez@example.com', '2015-09-10'),
(89, 'h7', 'Emma', 'Kim', 'Security', 54000.00, '1987-04-25', '+1999994399', 'emma.kim@example.com', '2016-10-12'),
(90, 'h7', 'Liam', 'Nguyen', 'Housekeeping Supervisor', 57000.00, '1984-10-08', '+1226422222', 'liam.nguyen@example.com', '2017-11-28'),
(91, 'h3', 'Olivia', 'Chang', 'Concierge', 51000.00, '1990-03-22', '+13355533333', 'olivia.chang@example.com', '2016-02-05'),
(92, 'h3', 'Lucas', 'Gonzalez', 'Front Desk Manager', 63000.00, '1986-08-15', '+1444466444', 'lucas.gonzalez@example.com', '2016-03-20'),
(93, 'h3', 'Sophia', 'Hernandez', 'Receptionist', 45000.00, '1992-12-30', '+1509555555', 'sophia.hernandez@example.com', '2014-05-15'),
(94, 'h3', 'Ethan', 'Liu', 'Chef', 67000.00, '1985-05-02', '+1666669866', 'ethan.liu@example.com', '2015-06-28'),
(95, 'h3', 'Mia', 'Garcia', 'Housekeeper', 45000.00, '1991-08-18', '+1777797777', 'mia.garcia@example.com', '2017-09-05'),
(96, 'h3', 'Noah', 'Wang', 'Waiter', 39000.00, '1994-01-12', '+1888098888', 'noah.wang@example.com', '2015-10-10'),
(97, 'h3', 'Emma', 'Martinez', 'Bartender', 41000.00, '1993-04-05', '+1999997699', 'emma.martinez@example.com', '2016-11-28'),
(98, 'h3', 'Liam', 'Lee', 'Security', 55000.00, '1984-09-20', '+1222265222', 'liam.lee@example.com', '2015-12-15'),
(99, 'h3', 'Sophia', 'Chen', 'Housekeeping Supervisor', 58000.00, '1987-02-02', '+1321333333', 'sophia.chen@example.com', '2014-01-28'),
(100, 'h3', 'Lucas', 'Lopez', 'Concierge', 52000.00, '1990-05-18', '+1444441244', 'lucas.lopez@example.com', '2015-06-12'),
(101, 'h3', 'Isabella', 'Rodriguez', 'Manager', 70000.00, '1980-09-25', '+1234562390', 'isabella.rodriguez@example.com', '2016-05-10'),
(102, 'h3', 'Ethan', 'Martinez', 'Front Desk Clerk', 42000.00, '1991-07-15', '+1987624321', 'ethan.martinez@example.com', '2015-05-20'),
(103, 'h3', 'Sophia', 'Gonzalez', 'Housekeeping Supervisor', 55000.00, '1985-06-10', '+1555125555', 'sophia.gonzalez@example.com', '2014-08-05'),
(104, 'h3', 'William', 'Brown', 'Concierge', 48000.00, '1990-04-28', '+1777777117', 'william.brown@example.com', '2016-03-15'),
(105, 'h3', 'Ava', 'Chen', 'Waitress', 32000.00, '1993-02-12', '+1444440044', 'ava.chen@example.com', '2017-04-30'),
(106, 'h3', 'Daniel', 'Garcia', 'Security Guard', 45000.00, '1988-11-30', '+1800888888', 'daniel.garcia@example.com', '2015-12-25'),
(107, 'h3', 'Emily', 'Lopez', 'Chef', 60000.00, '1984-07-18', '+1666660066', 'emily.lopez@example.com', '2016-11-01'),
(108, 'h3', 'Mason', 'Hernandez', 'Receptionist', 43000.00, '1992-05-02', '+1999999109', 'mason.hernandez@example.com', '2015-10-10'),
(109, 'h8', 'Olivia', 'Gonzalez', 'Housekeeper', 37000.00, '1995-12-20', '+1222211222', 'olivia.gonzalez@example.com', '2017-02-28'),
(110, 'h8', 'Ethan', 'Martinez', 'Bartender', 34000.00, '1994-11-15', '+1777777117', 'ethan.martinez@example.com', '2016-03-10'),
(111, 'h8', 'Sophia', 'Rodriguez', 'Waiter', 33000.00, '1993-10-08', '+1333333113', 'sophia.rodriguez@example.com', '2015-04-20'),
(112, 'h8', 'Lucas', 'Chen', 'Housekeeper', 38000.00, '1992-09-25', '+1555511555', 'lucas.chen@example.com', '2016-06-05'),
(113, 'h8', 'Ava', 'Garcia', 'Security', 49000.00, '1987-08-12', '+1444441144', 'ava.garcia@example.com', '2017-07-20'),
(114, 'h8', 'Noah', 'Martinez', 'Housekeeping Supervisor', 51000.00, '1986-01-28', '+1119999999', 'noah.martinez@example.com', '2014-09-05'),
(115, 'h8', 'Mia', 'Liu', 'Concierge', 44000.00, '1991-06-15', '+1222200222', 'mia.liu@example.com', '2016-11-18'),
(116, 'h8', 'William', 'Garcia', 'Front Desk Manager', 63000.00, '1986-12-30', '+1888890888', 'william.garcia@example.com', '2017-12-05'),
(117, 'h8', 'Emma', 'Chang', 'Receptionist', 45000.00, '1992-03-02', '+1666668066', 'emma.chang@example.com', '2016-01-10'),
(118, 'h8', 'Liam', 'Wang', 'Chef', 62000.00, '1985-10-18', '+1999998099', 'liam.wang@example.com', '2015-02-15'),
(119, 'h8', 'Sophia', 'Lopez', 'Housekeeper', 39000.00, '1994-07-05', '+1222211222', 'sophia.lopez@example.com', '2014-09-30'),
(120, 'h9', 'Lucas', 'Tran', 'Waiter', 36000.00, '1993-04-20', '+1097777777', 'lucas.tran@example.com', '2017-05-15'),
(121, 'h9', 'Olivia', 'Chen', 'Bartender', 37000.00, '1992-05-15', '+1888812888', 'olivia.chen@example.com', '2015-10-20'),
(122, 'h9', 'Lucas', 'Garcia', 'Security', 50000.00, '1988-02-28', '+1666663466', 'lucas.garcia@example.com', '2016-11-25'),
(123, 'h9', 'Sophia', 'Martinez', 'Housekeeping Supervisor', 53000.00, '1987-05-10', '+1943999999', 'sophia.martinez@example.com', '2017-01-05'),
(124, 'h9', 'Ethan', 'Liu', 'Concierge', 46000.00, '1991-08-25', '+1222222092', 'ethan.liu@example.com', '2014-12-10'),
(125, 'h9', 'Mia', 'Nguyen', 'Front Desk Manager', 64000.00, '1986-11-10', '+1334233333', 'mia.nguyen@example.com', '2016-01-28'),
(126, 'h9', 'Noah', 'Chang', 'Receptionist', 47000.00, '1990-02-02', '+1444234444', 'noah.chang@example.com', '2017-03-10'),
(127, 'h9', 'Emma', 'Lopez', 'Chef', 63000.00, '1984-09-20', '+1555555125', 'emma.lopez@example.com', '2015-04-15'),
(129, 'h9', 'Oliver', 'Gonzalez', 'Housekeeping Supervisor', 56000.00, '1985-06-15', '+1612666666', 'oliver.gonzalez@example.com', '2016-07-10'),
(130, 'h9', 'Emma', 'Wang', 'Security', 48000.00, '1989-02-28', '+1777774577', 'emma.wang@example.com', '2017-08-28'),
(131, 'h9', 'Ava', 'Torres', 'Front Desk Clerk', 42000.00, '1992-07-10', '+1888885588', 'ava.torres@example.com', '2015-11-15'),
(132, 'h9', 'Mason', 'Garcia', 'Waitress', 35000.00, '1994-12-20', '+1992399999', 'mason.garcia@example.com', '2016-12-30'),
(133, 'h9', 'Evelyn', 'Martinez', 'Security Guard', 45000.00, '1988-09-05', '+1222255222', 'evelyn.martinez@example.com', '2017-01-05'),
(134, 'h1', 'Ethan', 'Chen', 'Chef', 61000.00, '1986-04-15', '+1331233333', 'ethan.chen@example.com', '2016-02-20'),
(135, 'h1', 'Sophia', 'Nguyen', 'Receptionist', 43000.00, '1992-11-02', '+1444409444', 'sophia.nguyen@example.com', '2017-03-28'),
(136, 'h1', 'Oliver', 'Lopez', 'Housekeeping Supervisor', 57000.00, '1984-08-18', '+1555095555', 'oliver.lopez@example.com', '2015-04-10'),
(137, 'h1', 'Lucas', 'Chang', 'Concierge', 49000.00, '1987-03-05', '+1666096666', 'lucas.chang@example.com', '2016-05-25'),
(138, 'h1', 'Isabella', 'Lee', 'Front Desk Manager', 65000.00, '1986-10-30', '+1777237777', 'isabella.lee@example.com', '2017-06-12'),
(139, 'h1', 'Emma', 'Wang', 'Receptionist', 44000.00, '1991-05-15', '+1888885688', 'emma.wang@example.com', '2016-07-20'),
(140, 'h1', 'William', 'Chen', 'Chef', 63000.00, '1985-12-02', '+1999909999', 'william.chen@example.com', '2015-08-05'),
(141, 'h1', 'Ava', 'Garcia', 'Waiter', 36000.00, '1993-04-20', '+1222287222', 'ava.garcia@example.com', '2017-09-10'),
(142, 'h1', 'Olivia', 'Chang', 'Bartender', 37000.00, '1992-05-15', '+1333309333', 'olivia.chang@example.com', '2015-10-20'),
(143, 'h1', 'Lucas', 'Garcia', 'Security', 50000.00, '1988-02-28', '+1666663466', 'lucas.garcia@example.com', '2016-11-25'),
(144, 'h1', 'Sophia', 'Martinez', 'Housekeeping Supervisor', 53000.00, '1987-05-10', '+1999459999', 'sophia.martinez@example.com', '2017-01-05'),
(145, 'h1', 'Ethan', 'Liu', 'Concierge', 46000.00, '1991-08-25', '+1222224522', 'ethan.liu@example.com', '2016-12-10'),
(146, 'h1', 'Mia', 'Nguyen', 'Front Desk Manager', 64000.00, '1986-11-10', '+1333339033', 'mia.nguyen@example.com', '2016-01-28'),
(147, 'h1', 'Noah', 'Chang', 'Receptionist', 47000.00, '1990-02-02', '+1444234444', 'noah.chang@example.com', '2017-03-10'),
(148, 'h2', 'Emma', 'Lopez', 'Chef', 63000.00, '1984-09-20', '+1555512555', 'emma.lopez@example.com', '2015-04-15'),
(149, 'h2', 'Liam', 'Wang', 'Waiter', 36000.00, '1993-07-10', '+1888881388', 'liam.wang@example.com', '2017-05-30'),
(150, 'h2', 'Sophia', 'Lopez', 'Bartender', 38000.00, '1994-01-15', '+1999999129', 'sophia.lopez@example.com', '2015-12-20'),
(151, 'h2', 'Ayesha', 'Ahmed', 'Manager', 70000.00, '1980-09-25', '+923001234437', 'ayesha.ahmed@example.com', '2016-02-10'),
(152, 'h2', 'Muhammad', 'Khan', 'Front Desk Clerk', 42000.00, '1991-07-15', '+923044378901', 'muhammad.khan@example.com', '2015-05-20'),
(153, 'h2', 'Saba', 'Ali', 'Housekeeping Supervisor', 55000.00, '1985-06-10', '+923155524555', 'saba.ali@example.com', '2014-08-05'),
(154, 'h2', 'Usman', 'Iqbal', 'Concierge', 48000.00, '1990-04-28', '+923177777724', 'usman.iqbal@example.com', '2016-03-15'),
(155, 'h2', 'Fatima', 'Amin', 'Waitress', 32000.00, '1993-02-12', '+923144444644', 'fatima.amin@example.com', '2017-04-30'),
(156, 'h2', 'Asad', 'Hussain', 'Security Guard', 45000.00, '1988-11-30', '+923188854888', 'asad.hussain@example.com', '2015-12-25'),
(157, 'h2', 'Zainab', 'Malik', 'Chef', 60000.00, '1984-07-18', '+9231666675666', 'zainab.malik@example.com', '2016-11-01'),
(158, 'h2', 'Hira', 'Abbasi', 'Receptionist', 43000.00, '1992-05-02', '+923199934999', 'hira.abbasi@example.com', '2015-10-10'),
(159, 'h5', 'Farhan', 'Chaudhry', 'Housekeeper', 37000.00, '1995-12-20', '+923122162222', 'farhan.chaudhry@example.com', '2017-02-28'),
(160, 'h5', 'Sana', 'Raza', 'Bartender', 34000.00, '1994-11-15', '+923177907777', 'sana.raza@example.com', '2016-03-10'),
(161, 'h5', 'Ali', 'Zafar', 'Waiter', 33000.00, '1993-10-08', '+923133333093', 'ali.zafar@example.com', '2015-04-20'),
(162, 'h5', 'Nimra', 'Baig', 'Housekeeper', 38000.00, '1992-09-25', '+923153455555', 'nimra.baig@example.com', '2016-06-05'),
(163, 'h5', 'Imran', 'Awan', 'Security', 49000.00, '1987-08-12', '+923144467444', 'imran.awan@example.com', '2017-07-20'),
(164, 'h5', 'Huma', 'Akhtar', 'Housekeeping Supervisor', 51000.00, '1986-01-28', '+923199995799', 'huma.akhtar@example.com', '2014-09-05'),
(165, 'h5', 'Bilal', 'Rashid', 'Concierge', 44000.00, '1991-06-15', '+923122220922', 'bilal.rashid@example.com', '2016-11-18'),
(166, 'h5', 'Sadia', 'Rafiq', 'Front Desk Manager', 63000.00, '1986-12-30', '+923188823888', 'sadia.rafiq@example.com', '2017-12-05'),
(167, 'h6', 'Ahmed', 'Khan', 'Receptionist', 45000.00, '1992-03-02', '+923166666126', 'ahmed.khan@example.com', '2016-01-10'),
(168, 'h6', 'Amna', 'Nawaz', 'Chef', 62000.00, '1985-10-18', '+923199999909', 'amna.nawaz@example.com', '2017-02-15'),
(169, 'h6', 'Saad', 'Kamran', 'Housekeeper', 39000.00, '1994-07-05', '+923122222278', 'saad.kamran@example.com', '2015-09-30'),
(171, 'h6', 'Ali', 'Hassan', 'Bartender', 37000.00, '1992-05-15', '+923133334333', 'ali.hassan@example.com', '2016-10-20'),
(172, 'h6', 'Hira', 'Amin', 'Security', 50000.00, '1988-02-28', '+923166663466', 'hira.amin@example.com', '2017-11-25'),
(173, 'h6', 'Zainab', 'Saeed', 'Housekeeping Supervisor', 53000.00, '1987-05-10', '+923192399999', 'zainab.saeed@example.com', '2015-01-05'),
(174, 'h6', 'Ahmed', 'Malik', 'Concierge', 46000.00, '1991-08-25', '+923122142222', 'ahmed.malik@example.com', '2016-12-10'),
(175, 'h6', 'Ayesha', 'Shah', 'Front Desk Manager', 64000.00, '1986-11-10', '+923133123333', 'ayesha.shah@example.com', '2017-01-28'),
(176, 'h6', 'Saad', 'Khan', 'Receptionist', 47000.00, '1990-02-02', '+923144446544', 'saad.khan@example.com', '2015-03-10'),
(177, 'h6', 'Maha', 'Abbasi', 'Chef', 63000.00, '1984-09-20', '+923155465555', 'maha.abbasi@example.com', '2016-04-15'),
(178, 'h6', 'Amin', 'Ali', 'Waiter', 36000.00, '1993-07-10', '+923188887588', 'amin.ali@example.com', '2017-05-30'),
(179, 'h6', 'Mariam', 'Nawaz', 'Bartender', 38000.00, '1994-01-15', '+9231992349999', 'mariam.nawaz@example.com', '2015-12-20'),
(180, 'h1', 'Farhan', 'Hussain', 'Housekeeping Supervisor', 56000.00, '1985-06-15', '+923166666661', 'farhan.hussain@example.com', '2016-07-10'),
(181, 'h1', 'Aisha', 'Khalid', 'Security', 48000.00, '1989-02-28', '+923177777771', 'aisha.khalid@example.com', '2017-08-28'),
(182, 'h1', 'Saima', 'Mirza', 'Front Desk Clerk', 42000.00, '1992-07-10', '+923188818888', 'saima.mirza@example.com', '2015-11-15'),
(183, 'h1', 'Bilal', 'Arif', 'Housekeeper', 37000.00, '1994-12-20', '+923199999991', 'bilal.arif@example.com', '2016-12-30'),
(184, 'h1', 'Zoya', 'Raza', 'Concierge', 48000.00, '1990-04-28', '+923188888811', 'zoya.raza@example.com', '2016-03-15'),
(185, 'h1', 'Haris', 'Mujahid', 'Waitress', 32000.00, '1993-02-12', '+923175577777', 'haris.mujahid@example.com', '2017-04-30'),
(186, 'h1', 'Sadia', 'Qureshi', 'Security Guard', 45000.00, '1988-11-30', '+923167999999', 'sadia.qureshi@example.com', '2016-12-25'),
(187, 'h1', 'Zain', 'Shahid', 'Chef', 60000.00, '1984-07-18', '+923144444774', 'zain.shahid@example.com', '2017-11-01'),
(188, 'h1', 'Saba', 'Zahid', 'Receptionist', 43000.00, '1992-05-02', '+923166666906', 'saba.zahid@example.com', '2016-01-10'),
(189, 'h1', 'Junaid', 'Azeem', 'Housekeeper', 37000.00, '1995-12-20', '+923122223422', 'junaid.azeem@example.com', '2017-02-28'),
(190, 'h1', 'Madiha', 'Shakeel', 'Bartender', 34000.00, '1994-11-15', '+923144444354', 'madiha.shakeel@example.com', '2015-03-10'),
(191, 'h1', 'Sohaib', 'Nasir', 'Waiter', 33000.00, '1993-10-08', '+923133325333', 'sohaib.nasir@example.com', '2016-04-20'),
(192, 'h1', 'Aiza', 'Siddiqui', 'Housekeeper', 38000.00, '1992-09-25', '+923153455555', 'aiza.siddiqui@example.com', '2014-06-05'),
(193, 'h1', 'Arham', 'Khan', 'Security', 49000.00, '1987-08-12', '+923144440944', 'arham.khan@example.com', '2015-07-20'),
(194, 'h4', 'Ayesha', 'Haque', 'Housekeeping Supervisor', 51000.00, '1986-01-28', '+923199990899', 'ayesha.haque@example.com', '2014-09-05'),
(195, 'h4', 'Bilal', 'Mahmood', 'Concierge', 44000.00, '1991-06-15', '+923122222122', 'bilal.mahmood@example.com', '2016-11-18'),
(196, 'h4', 'Saim', 'Rizvi', 'Front Desk Manager', 64000.00, '1986-11-10', '+923133330933', 'saim.rizvi@example.com', '2017-01-28'),
(197, 'h4', 'Mahnoor', 'Khalil', 'Receptionist', 47000.00, '1990-02-02', '+923144444784', 'mahnoor.khalil@example.com', '2016-03-10'),
(198, 'h4', 'Ahsan', 'Babar', 'Chef', 63000.00, '1984-09-20', '+923155555235', 'ahsan.babar@example.com', '2015-04-15'),
(199, 'h4', 'Sana', 'Khan', 'Waiter', 36000.00, '1993-07-10', '+923188888568', 'sana.khan@example.com', '2016-05-30'),
(200, 'h4', 'Mariam', 'Yousaf', 'Bartender', 38000.00, '1994-01-15', '+923194099999', 'mariam.yousaf@example.com', '2015-12-20'),
(201, 'h4', 'Ayan', 'Malik', 'Housekeeping Supervisor', 56000.00, '1985-06-15', '+923166666906', 'ayan.malik@example.com', '2014-07-10'),
(202, 'h4', 'Zara', 'Qureshi', 'Security', 48000.00, '1989-02-28', '+923177777237', 'zara.qureshi@example.com', '2015-08-28'),
(203, 'h4', 'Hamza', 'Rashid', 'Front Desk Clerk', 42000.00, '1992-07-10', '+923188128888', 'hamza.rashid@example.com', '2015-11-15'),
(204, 'h4', 'Alina', 'Abbasi', 'Housekeeper', 37000.00, '1994-12-20', '+923199912999', 'alina.abbasi@example.com', '2016-12-30'),
(205, 'h4', 'Soha', 'Nawaz', 'Concierge', 48000.00, '1990-04-28', '+923188888812', 'soha.nawaz@example.com', '2016-03-15'),
(206, 'h4', 'Usman', 'Akhtar', 'Waitress', 32000.00, '1993-02-12', '+923177771277', 'usman.akhtar@example.com', '2017-04-30'),
(207, 'h4', 'Fatima', 'Iqbal', 'Security Guard', 45000.00, '1988-11-30', '+923199912999', 'fatima.iqbal@example.com', '2015-12-25'),
(208, 'h4', 'Hassan', 'Ali', 'Chef', 63000.00, '1984-09-20', '+923155555125', 'hassan.ali@example.com', '2016-04-15'),
(209, 'h4', 'Sanam', 'Shah', 'Receptionist', 43000.00, '1992-05-02', '+923166126666', 'sanam.shah@example.com', '2016-01-10'),
(210, 'h4', 'Talha', 'Khan', 'Housekeeper', 37000.00, '1995-12-20', '+923122225422', 'talha.khan@example.com', '2016-02-28'),
(211, 'h10', 'Aiza', 'Ahmed', 'Bartender', 37000.00, '1992-05-15', '+923133333563', 'aiza.ahmed@example.com', '2016-10-20'),
(212, 'h10', 'Sohail', 'Khan', 'Security', 50000.00, '1988-02-28', '+923166666996', 'sohail.khan@example.com', '2016-11-25'),
(213, 'h10', 'Zara', 'Ali', 'Housekeeping Supervisor', 53000.00, '1987-05-10', '+923199999900', 'zara.ali@example.com', '2017-01-05'),
(214, 'h10', 'Ahmed', 'Iqbal', 'Concierge', 46000.00, '1991-08-25', '+923122222289', 'ahmed.iqbal@example.com', '2015-12-10'),
(215, 'h10', 'Ayesha', 'Amin', 'Front Desk Manager', 64000.00, '1986-11-10', '+923133893333', 'ayesha.amin@example.com', '2016-01-28'),
(216, 'h10', 'Saad', 'Hussain', 'Receptionist', 47000.00, '1990-02-02', '+923144444784', 'saad.hussain@example.com', '2016-03-10'),
(217, 'h10', 'Maha', 'Malik', 'Chef', 63000.00, '1984-09-20', '+923155555165', 'maha.malik@example.com', '2015-04-15'),
(218, 'h10', 'Ahsan', 'Abbasi', 'Waiter', 36000.00, '1993-07-10', '+923183488888', 'ahsan.abbasi@example.com', '2017-05-30'),
(219, 'h10', 'Sana', 'Nawaz', 'Bartender', 38000.00, '1994-01-15', '+923150999999', 'sana.nawaz@example.com', '2016-12-20'),
(220, 'h10', 'Mariam', 'Raza', 'Housekeeping Supervisor', 56000.00, '1985-06-15', '+923166690666', 'mariam.raza@example.com', '2014-07-10'),
(221, 'h10', 'Ayan', 'Zafar', 'Security', 48000.00, '1989-02-28', '+923177787777', 'ayan.zafar@example.com', '2015-08-28'),
(222, 'h10', 'Saima', 'Khan', 'Front Desk Clerk', 42000.00, '1992-07-10', '+923188678888', 'saima.khan@example.com', '2015-11-15'),
(223, 'h10', 'Bilal', 'Amin', 'Housekeeper', 37000.00, '1994-12-20', '+923199999099', 'bilal.amin@example.com', '2016-12-30'),
(224, 'h10', 'Zoya', 'Abbasi', 'Concierge', 48000.00, '1990-04-28', '+923188888809', 'zoya.abbasi@example.com', '2016-03-15'),
(225, 'h10', 'Haris', 'Shah', 'Waitress', 32000.00, '1993-02-12', '+923177777700', 'haris.shah@example.com', '2017-04-30'),
(226, 'h10', 'Sadia', 'Rizvi', 'Security Guard', 45000.00, '1988-11-30', '+923195699999', 'sadia.rizvi@example.com', '2015-12-25'),
(227, 'h10', 'Zain', 'Iqbal', 'Chef', 63000.00, '1984-09-20', '+923155555095', 'zain.iqbal@example.com', '2016-04-15'),
(228, 'h10', 'Saba', 'Ali', 'Receptionist', 43000.00, '1992-05-02', '+923166766666', 'saba.ali@example.com', '2016-01-10'),
(229, 'h10', 'Junaid', 'Shah', 'Housekeeper', 37000.00, '1995-12-20', '+923122267222', 'junaid.shah@example.com', '2016-02-28'),
(230, 'h10', 'Talha', 'Khan', 'Bartender', 34000.00, '1994-11-15', '+923144440944', 'talha.khan@example.com', '2016-03-10'),
(231, 'h10', 'Aiza', 'Ahmed', 'Manager', 70000.00, '1980-09-25', '+923001236767', 'aiza.ahmed@example.com', '2014-02-10'),
(232, 'h10', 'Sohail', 'Khan', 'Front Desk Clerk', 42000.00, '1991-07-15', '+923045679801', 'sohail.khan@example.com', '2015-05-20'),
(233, 'h10', 'Zara', 'Ali', 'Housekeeping Supervisor', 55000.00, '1985-06-10', '+923158955555', 'zara.ali@example.com', '2015-08-05'),
(234, 'h10', 'Ahmed', 'Iqbal', 'Concierge', 48000.00, '1990-04-28', '+923177772277', 'ahmed.iqbal@example.com', '2016-03-15'),
(235, 'h3', 'Ayesha', 'Amin', 'Waitress', 32000.00, '1993-02-12', '+9231444444434', 'ayesha.amin@example.com', '2017-04-30'),
(236, 'h3', 'Saad', 'Hussain', 'Security Guard', 45000.00, '1988-11-30', '+923144888888', 'saad.hussain@example.com', '2015-12-25'),
(238, 'h3', 'Ahsan', 'Abbasi', 'Waiter', 36000.00, '1993-07-10', '+923188888800', 'ahsan.abbasi@example.com', '2017-05-30'),
(239, 'h3', 'Sana', 'Nawaz', 'Bartender', 38000.00, '1994-01-15', '+92319999339', 'sana.nawaz@example.com', '2016-12-20'),
(240, 'h3', 'Mariam', 'Raza', 'Housekeeping Supervisor', 56000.00, '1985-06-15', '+923166336666', 'mariam.raza@example.com', '2014-07-10'),
(241, 'h3', 'Ayan', 'Zafar', 'Security', 48000.00, '1989-02-28', '+923177777755', 'ayan.zafar@example.com', '2015-08-28'),
(242, 'h3', 'Saima', 'Khan', 'Front Desk Clerk', 42000.00, '1992-07-10', '+923100888888', 'saima.khan@example.com', '2015-11-15'),
(243, 'h3', 'Bilal', 'Amin', 'Housekeeper', 37000.00, '1994-12-20', '+923199990999', 'bilal.amin@example.com', '2016-12-30'),
(244, 'h3', 'Zoya', 'Abbasi', 'Concierge', 48000.00, '1990-04-28', '+923188098888', 'zoya.abbasi@example.com', '2016-03-15'),
(245, 'h3', 'Haris', 'Shah', 'Waitress', 32000.00, '1993-02-12', '+923177770977', 'haris.shah@example.com', '2017-04-30'),
(246, 'h3', 'Sadia', 'Rizvi', 'Security Guard', 45000.00, '1988-11-30', '+923199099999', 'sadia.rizvi@example.com', '2015-12-25'),
(247, 'h3', 'Zain', 'Amin', 'Waiter', 50000.00, '1984-09-20', '+923155555095', 'zain.amin@example.com', '2016-04-15'),
(248, 'h3', 'Saba', 'Ali', 'Receptionist', 43000.00, '1992-05-02', '+923166660966', 'saba.ali@example.com', '2016-01-10'),
(249, 'h5', 'Junaid', 'Shah', 'Housekeeper', 37000.00, '1995-12-20', '+923122209222', 'junaid.shah@example.com', '2016-02-28'),
(250, 'h5', 'Talha', 'Khan', 'Bartender', 34000.00, '1994-11-15', '+923144440944', 'talha.khan@example.com', '2016-03-10'),
(251, 'h5', 'Aiza', 'Ahmed', 'Manager', 70000.00, '1980-09-25', '+923001230967', 'aiza.ahmed@example.com', '2015-02-10'),
(252, 'h5', 'Sohail', 'Khan', 'Front Desk Clerk', 42000.00, '1991-07-15', '+923009678901', 'sohail.khan@example.com', '2016-05-20'),
(253, 'h5', 'Zara', 'Ali', 'Housekeeping Supervisor', 55000.00, '1985-06-10', '+923155095555', 'zara.ali@example.com', '2013-08-05'),
(254, 'h5', 'Ahmed', 'Iqbal', 'Concierge', 48000.00, '1990-04-28', '+923177777097', 'ahmed.iqbal@example.com', '2017-03-15'),
(255, 'h5', 'Ayesha', 'Amin', 'Waitress', 32000.00, '1993-02-12', '+923144444467', 'ayesha.amin@example.com', '2016-04-30'),
(256, 'h5', 'Saad', 'Hussain', 'Security Guard', 45000.00, '1988-11-30', '+923180288888', 'saad.hussain@example.com', '2014-12-25'),
(257, 'h5', 'Maha', 'Malik', 'Chef', 60000.00, '1984-07-18', '+923166666216', 'maha.malik@example.com', '2015-11-01'),
(258, 'h5', 'Ahsan', 'Abbasi', 'Waiter', 36000.00, '1993-07-10', '+923180988888', 'ahsan.abbasi@example.com', '2017-05-30'),
(259, 'h5', 'Sana', 'Nawaz', 'Bartender', 38000.00, '1994-01-15', '+923101999999', 'sana.nawaz@example.com', '2014-12-20'),
(260, 'h5', 'Mariam', 'Raza', 'Housekeeping Supervisor', 56000.00, '1985-06-15', '+923166661266', 'mariam.raza@example.com', '2016-07-10'),
(261, 'h5', 'Ayan', 'Zafar', 'Security', 48000.00, '1989-02-28', '+923174477777', 'ayan.zafar@example.com', '2017-08-28'),
(262, 'h5', 'Saima', 'Khan', 'Front Desk Clerk', 42000.00, '1992-07-10', '+923188812888', 'saima.khan@example.com', '2015-11-15'),
(263, 'h5', 'Bilal', 'Amin', 'Housekeeper', 37000.00, '1994-12-20', '+923199999129', 'bilal.amin@example.com', '2016-12-30'),
(265, 'h5', 'Haris', 'Shah', 'Waitress', 32000.00, '1993-02-12', '+923177771277', 'haris.shah@example.com', '2017-04-30'),
(266, 'h5', 'Sadia', 'Rizvi', 'Security Guard', 45000.00, '1988-11-30', '+923199991299', 'sadia.rizvi@example.com', '2014-12-25'),
(267, 'h5', 'Zain', 'Shah', 'Manager', 69000.00, '1984-09-20', '+923155555512', 'zain.shah@example.com', '2015-04-15'),
(268, 'h5', 'Saba', 'Ali', 'Receptionist', 43000.00, '1992-05-02', '+923166663466', 'saba.ali@example.com', '2016-01-10'),
(269, 'h5', 'Junaid', 'Shah', 'Housekeeper', 37000.00, '1995-12-20', '+923122234222', 'junaid.shah@example.com', '2016-02-28'),
(270, 'h5', 'Talha', 'Khan', 'Bartender', 34000.00, '1994-11-15', '+923144444094', 'talha.khan@example.com', '2017-03-10'),
(271, 'h5', 'Aiza', 'Ahmed', 'Manager', 70000.00, '1980-09-25', '+923001234007', 'aiza.ahmed@example.com', '2015-02-10'),
(272, 'h5', 'Sohail', 'Khan', 'Front Desk Clerk', 42000.00, '1991-07-15', '+923045678901', 'sohail.khan@example.com', '2016-05-20'),
(273, 'h5', 'Zara', 'Ali', 'Housekeeping Supervisor', 55000.00, '1985-06-10', '+923159855555', 'zara.ali@example.com', '2013-08-05'),
(274, 'h5', 'Ahmed', 'Iqbal', 'Concierge', 48000.00, '1990-04-28', '+923177775677', 'ahmed.iqbal@example.com', '2017-03-15'),
(275, 'h5', 'Ayesha', 'Amin', 'Waitress', 32000.00, '1993-02-12', '+923144455444', 'ayesha.amin@example.com', '2016-04-30'),
(276, 'h5', 'Saad', 'Hussain', 'Security Guard', 45000.00, '1988-11-30', '+923188888118', 'saad.hussain@example.com', '2014-12-25'),
(277, 'h5', 'Maha', 'Malik', 'Chef', 60000.00, '1984-07-18', '+923166666116', 'maha.malik@example.com', '2015-11-01'),
(278, 'h5', 'Ahsan', 'Abbasi', 'Waiter', 36000.00, '1993-07-10', '+923188811888', 'ahsan.abbasi@example.com', '2017-05-30'),
(279, 'h5', 'Sana', 'Nawaz', 'Bartender', 38000.00, '1994-01-15', '+923199991199', 'sana.nawaz@example.com', '2014-12-20'),
(280, 'h5', 'Mariam', 'Raza', 'Housekeeping Supervisor', 56000.00, '1985-06-15', '+923166611666', 'mariam.raza@example.com', '2016-07-10'),
(281, 'h7', 'Ayan', 'Zafar', 'Security', 48000.00, '1989-02-28', '+923177711777', 'ayan.zafar@example.com', '2017-08-28'),
(282, 'h7', 'Saima', 'Khan', 'Front Desk Clerk', 42000.00, '1992-07-10', '+92318118888', 'saima.khan@example.com', '2015-11-15'),
(283, 'h7', 'Bilal', 'Amin', 'Housekeeper', 37000.00, '1994-12-20', '+923199999119', 'bilal.amin@example.com', '2016-12-30'),
(284, 'h7', 'Zoya', 'Abbasi', 'Concierge', 48000.00, '1990-04-28', '+923188888008', 'zoya.abbasi@example.com', '2017-03-15'),
(285, 'h7', 'Haris', 'Shah', 'Waitress', 32000.00, '1993-02-12', '+92317779077', 'haris.shah@example.com', '2016-04-30'),
(286, 'h7', 'Sadia', 'Rizvi', 'Security Guard', 45000.00, '1988-11-30', '+92319990999', 'sadia.rizvi@example.com', '2014-12-25'),
(287, 'h7', 'Zain', 'khan', 'Chef', 43000.00, '1984-09-20', '+92315521555', 'zain.khan@example.com', '2015-04-15'),
(288, 'h7', 'Saba', 'Ali', 'Receptionist', 43000.00, '1992-05-02', '+92316662366', 'saba.ali@example.com', '2016-01-10'),
(289, 'h7', 'Junaid', 'Shah', 'Housekeeper', 37000.00, '1995-12-20', '+923122265222', 'junaid.shah@example.com', '2016-02-28'),
(290, 'h7', 'Talha', 'Khan', 'Bartender', 34000.00, '1994-11-15', '+923144444754', 'talha.khan@example.com', '2017-03-10'),
(291, 'h7', 'Aiza', 'Ahmed', 'Manager', 70000.00, '1980-09-25', '+923001234237', 'aiza.ahmed@example.com', '2015-02-10'),
(292, 'h7', 'Sohail', 'Khan', 'Front Desk Clerk', 42000.00, '1991-07-15', '+923045600901', 'sohail.khan@example.com', '2016-05-20'),
(293, 'h7', 'Zara', 'Ali', 'Housekeeping Supervisor', 55000.00, '1985-06-10', '+923155005555', 'zara.ali@example.com', '2013-08-05'),
(294, 'h7', 'Ahmed', 'Iqbal', 'Concierge', 48000.00, '1990-04-28', '+923177779877', 'ahmed.iqbal@example.com', '2017-03-15'),
(295, 'h7', 'Ayesha', 'Amin', 'Waitress', 32000.00, '1993-02-12', '+923144442344', 'ayesha.amin@example.com', '2016-04-30'),
(296, 'h8', 'Saad', 'Hussain', 'Security Guard', 45000.00, '1988-11-30', '+923188888823', 'saad.hussain@example.com', '2014-12-25'),
(297, 'h8', 'Maha', 'Malik', 'Chef', 60000.00, '1984-07-18', '+923166666126', 'maha.malik@example.com', '2015-11-01'),
(298, 'h8', 'Ahsan', 'Abbasi', 'Waiter', 36000.00, '1993-07-10', '+923188881238', 'ahsan.abbasi@example.com', '2017-05-30'),
(299, 'h8', 'Sana', 'Nawaz', 'Bartender', 38000.00, '1994-01-15', '+923199995399', 'sana.nawaz@example.com', '2014-12-20'),
(300, 'h8', 'Mariam', 'Raza', 'Housekeeping Supervisor', 56000.00, '1985-06-15', '+923166000666', 'mariam.raza@example.com', '2016-07-10'),
(301, 'h8', 'Ayan', 'Zafar', 'Security', 48000.00, '1989-02-28', '+92317700077', 'ayan.zafar@example.com', '2013-08-28'),
(302, 'h8', 'Saima', 'Khan', 'Front Desk Clerk', 42000.00, '1992-07-10', '+92318000888', 'saima.khan@example.com', '2014-11-15'),
(303, 'h8', 'Bilal', 'Amin', 'Housekeeper', 37000.00, '1994-12-20', '+923199900099', 'bilal.amin@example.com', '2016-12-30'),
(304, 'h8', 'Zoya', 'Abbasi', 'Concierge', 48000.00, '1990-04-28', '+923188010888', 'zoya.abbasi@example.com', '2017-03-15'),
(305, 'h8', 'Haris', 'Shah', 'Waitress', 32000.00, '1993-02-12', '+923177701077', 'haris.shah@example.com', '2013-04-30'),
(306, 'h8', 'Sadia', 'Rizvi', 'Security Guard', 45000.00, '1988-11-30', '+923199910199', 'sadia.rizvi@example.com', '2014-12-25'),
(308, 'h8', 'Nida', 'Malik', 'Receptionist', 41000.00, '1990-03-15', '+923118881088', 'nida.malik@example.com', '2014-09-20'),
(309, 'h8', 'Yasir', 'Raza', 'Waiter', 35000.00, '1992-11-20', '+923122210122', 'yasir.raza@example.com', '2015-03-05'),
(310, 'h6', 'Zainab', 'Khan', 'Housekeeping Supervisor', 57000.00, '1986-07-10', '+923181018888', 'zainab.khan@example.com', '2016-08-15'),
(311, 'h6', 'Amir', 'Ali', 'Chef', 64000.00, '1984-06-05', '+9231555502005', 'amir.ali@example.com', '2014-01-28'),
(312, 'h6', 'Farah', 'Ahmed', 'Front Desk Clerk', 43000.00, '1991-04-15', '+923182088888', 'farah.ahmed@example.com', '2014-10-10'),
(313, 'h6', 'Imran', 'Khan', 'Security Guard', 47000.00, '1989-12-30', '+923177720277', 'imran.khan@example.com', '2013-06-20'),
(314, 'h6', 'Rabia', 'Hussain', 'Housekeeper', 39000.00, '1994-03-25', '+923199999219', 'rabia.hussain@example.com', '2015-11-05'),
(315, 'h6', 'Saeed', 'Akhtar', 'Concierge', 49000.00, '1990-09-18', '+923188881288', 'saeed.akhtar@example.com', '2014-12-30'),
(316, 'h6', 'Hira', 'Ali', 'Waitress', 33000.00, '1993-05-10', '+923177771277', 'hira.ali@example.com', '2013-02-15'),
(317, 'h6', 'Waqar', 'Khan', 'Front Desk Manager', 60000.00, '1987-08-22', '+923112666666', 'waqar.khan@example.com', '2013-12-01'),
(318, 'h6', 'Amna', 'Yousaf', 'Receptionist', 42000.00, '1992-06-28', '+923155512555', 'amna.yousaf@example.com', '2015-05-10'),
(319, 'h6', 'Kamran', 'Malik', 'Housekeeping Supervisor', 58000.00, '1985-10-15', '+923188812888', 'kamran.malik@example.com', '2016-10-20'),
(320, 'h6', 'Amina', 'Rizvi', 'Bartender', 36000.00, '1994-12-08', '+923199991299', 'amina.rizvi@example.com', '2013-04-25'),
(321, 'h6', 'Javed', 'Ahmed', 'Security', 45000.00, '1988-02-10', '+923177701077', 'javed.ahmed@example.com', '2013-07-15'),
(322, 'h6', 'Sadaf', 'Khan', 'Front Desk Clerk', 41000.00, '1993-09-20', '+923188000888', 'sadaf.khan@example.com', '2015-11-30'),
(323, 'h6', 'Asad', 'Ali', 'Housekeeper', 38000.00, '1995-04-05', '+923199909099', 'asad.ali@example.com', '2016-12-05'),
(324, 'h2', 'Nazia', 'Abbasi', 'Concierge', 51000.00, '1990-08-12', '+9231809098888', 'nazia.abbasi@example.com', '2017-02-10'),
(325, 'h2', 'Ahsan', 'Shah', 'Waiter', 34000.00, '1993-11-25', '+9231777770907', 'ahsan.shah@example.com', '2017-06-15'),
(326, 'h2', 'Zoya', 'Rizvi', 'Security Guard', 47000.00, '1988-12-05', '+9231999090999', 'zoya.rizvi@example.com', '2015-12-20'),
(327, 'h2', 'Saad', 'Iqbal', 'Chef', 62000.00, '1984-09-30', '+923155555500', 'saad.iqbal@example.com', '2021-05-05'),
(329, 'h2', 'Hamza', 'Malik', 'Receptionist', 44000.00, '1990-05-15', '+923118888988', 'hamza.malik@example.com', '2013-10-10'),
(330, 'h2', 'Nida', 'Ahmed', 'Waitress', 36000.00, '1993-10-20', '+923122229822', 'nida.ahmed@example.com', '2016-02-28'),
(331, 'h2', 'Tahir', 'Raza', 'Security Guard', 48000.00, '1989-01-05', '+923199992399', 'tahir.raza@example.com', '2016-08-15'),
(332, 'h2', 'Rabia', 'Khan', 'Housekeeper', 39000.00, '1994-02-28', '+923177775577', 'rabia.khan@example.com', '2017-01-30'),
(333, 'h2', 'Adnan', 'Ali', 'Concierge', 50000.00, '1990-07-10', '+923188888098', 'adnan.ali@example.com', '2016-04-15'),
(334, 'h2', 'Asma', 'Hussain', 'Waitress', 33000.00, '1993-04-15', '+923155555090', 'asma.hussain@example.com', '2017-03-20'),
(335, 'h2', 'Usman', 'Akhtar', 'Front Desk Clerk', 42000.00, '1991-08-30', '+923166609066', 'usman.akhtar@example.com', '2015-12-10'),
(336, 'h2', 'Ayesha', 'Ali', 'Housekeeping Supervisor', 57000.00, '1986-06-15', '+9231444440904', 'ayesha.ali@example.com', '2016-07-25'),
(337, 'h2', 'Kamran', 'Khan', 'Bartender', 38000.00, '1994-12-20', '+923199999129', 'kamran.khan@example.com', '2014-12-30'),
(338, 'h2', 'Sana', 'Yousaf', 'Receptionist', 45000.00, '1992-07-05', '+923177712777', 'sana.yousaf@example.com', '2014-02-15'),
(339, 'h2', 'Ahmed', 'Malik', 'Housekeeping Supervisor', 59000.00, '1985-10-20', '+923188812888', 'ahmed.malik@example.com', '2015-11-20'),
(340, 'h9', 'Sadia', 'Rizvi', 'Bartender', 37000.00, '1994-12-08', '+92314441244', 'sadia.rizvi@example.com', '2017-05-05'),
(341, 'h9', 'Tariq', 'Ahmed', 'Security', 46000.00, '1988-03-10', '+92315555512', 'tariq.ahmed@example.com', '2017-09-15'),
(342, 'h9', 'Sana', 'Khan', 'Front Desk Clerk', 42000.00, '1993-09-25', '+92311288888', 'sana.khan@example.com', '2014-11-30'),
(343, 'h9', 'Adil', 'Ali', 'Housekeeper', 38000.00, '1995-05-05', '+92319999129', 'adil.ali@example.com', '2015-12-10'),
(344, 'h9', 'Nazia', 'Abbasi', 'Concierge', 51000.00, '1990-08-12', '+92318881288', 'nazia.abbasi@example.com', '2016-02-10'),
(345, 'h9', 'Ahsan', 'Shah', 'Waiter', 34000.00, '1993-11-25', '+92317775477', 'ahsan.shah@example.com', '2017-06-15'),
(346, 'h9', 'Zoya', 'Rizvi', 'Security Guard', 47000.00, '1988-12-05', '+92319946999', 'zoya.rizvi@example.com', '2014-12-20'),
(347, 'h9', 'Saad', 'Iqbal', 'Chef', 62000.00, '1984-09-30', '+923155565555', 'saad.iqbal@example.com', '2015-05-05'),
(348, 'h9', 'Sadia', 'Khan', 'Receptionist', 44000.00, '1990-05-15', '+92311578888', 'sadia.khan@example.com', '2015-10-10'),
(350, 'h9', 'Nida', 'Ahmed', 'Waitress', 36000.00, '1993-10-20', '+923122227522', 'nida.ahmed@example.com', '2017-02-28'),
(351, 'h9', 'Tahir', 'Raza', 'Security Guard', 48000.00, '1989-01-05', '+9231945699999', 'tahir.raza@example.com', '2015-08-15'),
(352, 'h9', 'Rabia', 'Khan', 'Housekeeper', 39000.00, '1994-02-28', '+923177745677', 'rabia.khan@example.com', '2016-01-30'),
(353, 'h9', 'Adnan', 'Ali', 'Concierge', 50000.00, '1990-07-10', '+923188887548', 'adnan.ali@example.com', '2015-04-15'),
(354, 'h4', 'Asma', 'Hussain', 'Waitress', 33000.00, '1993-04-15', '+923155575755', 'asma.hussain@example.com', '2016-03-20'),
(355, 'h4', 'Usman', 'Akhtar', 'Front Desk Clerk', 42000.00, '1991-08-30', '+923166566666', 'usman.akhtar@example.com', '2015-12-10'),
(356, 'h4', 'Ayesha', 'Ali', 'Housekeeping Supervisor', 57000.00, '1986-06-15', '+9231445644444', 'ayesha.ali@example.com', '2014-07-25'),
(357, 'h4', 'Kamran', 'Khan', 'Bartender', 38000.00, '1994-12-20', '+9231999934699', 'kamran.khan@example.com', '2014-12-30'),
(358, 'h4', 'Sana', 'Yousaf', 'Receptionist', 45000.00, '1992-07-05', '+923177435777', 'sana.yousaf@example.com', '2016-02-15'),
(359, 'h4', 'Ahmed', 'Malik', 'Housekeeping Supervisor', 59000.00, '1985-10-20', '+92318845888', 'ahmed.malik@example.com', '2015-11-20'),
(360, 'h4', 'Sadia', 'Rizvi', 'Bartender', 37000.00, '1994-12-08', '+923144253444', 'sadia.rizvi@example.com', '2017-05-05'),
(361, 'h4', 'Tariq', 'Ahmed', 'Security', 46000.00, '1988-03-10', '+92315555255', 'tariq.ahmed@example.com', '2014-09-15'),
(362, 'h4', 'Sana', 'Khan', 'Front Desk Clerk', 42000.00, '1993-09-25', '+923188825388', 'sana.khan@example.com', '2013-11-30'),
(363, 'h4', 'Adil', 'Ali', 'Housekeeper', 38000.00, '1995-05-05', '+9231999925399', 'adil.ali@example.com', '2014-12-10'),
(364, 'h4', 'Nazia', 'Abbasi', 'Concierge', 51000.00, '1990-08-12', '+923188253888', 'nazia.abbasi@example.com', '2016-02-10'),
(365, 'h4', 'Ahsan', 'Shah', 'Waiter', 34000.00, '1993-11-25', '+92317776477', 'ahsan.shah@example.com', '2017-06-15'),
(366, 'h4', 'Zoya', 'Rizvi', 'Security Guard', 47000.00, '1988-12-05', '+923199994799', 'zoya.rizvi@example.com', '2013-12-20'),
(367, 'h4', 'Saad', 'Iqbal', 'Chef', 62000.00, '1984-09-30', '+92315555465', 'saad.iqbal@example.com', '2015-05-05'),
(368, 'h4', 'Sadia', 'Khan', 'Receptionist', 44000.00, '1990-05-15', '+9231134658888', 'sadia.khan@example.com', '2015-10-10'),
(369, 'h4', 'Hamza', 'Malik', 'Waiter', 35000.00, '1992-11-20', '+923122224562', 'hamza.malik@example.com', '2016-03-05'),
(370, 'h4', 'Nida', 'Ahmed', 'Housekeeping Supervisor', 58000.00, '1985-07-10', '+923188888364', 'nida.ahmed@example.com', '2015-08-15'),
(371, 'h4', 'Tahir', 'Raza', 'Chef', 64000.00, '1984-06-05', '+923153465555', 'tahir.raza@example.com', '2015-01-28'),
(372, 'h4', 'Rabia', 'Khan', 'Front Desk Clerk', 43000.00, '1991-04-15', '+923188364888', 'rabia.khan@example.com', '2017-10-10'),
(373, 'h4', 'Adnan', 'Ali', 'Security Guard', 47000.00, '1989-12-30', '+923177773467', 'adnan.ali@example.com', '2016-06-20'),
(374, 'h10', 'Asma', 'Hussain', 'Housekeeper', 39000.00, '1994-03-25', '+923193649999', 'asma.hussain@example.com', '2015-11-05'),
(375, 'h10', 'Usman', 'Akhtar', 'Concierge', 49000.00, '1990-09-18', '+923188834688', 'usman.akhtar@example.com', '2014-12-30'),
(376, 'h10', 'Ayesha', 'Ali', 'Waitress', 33000.00, '1993-05-10', '+923177773637', 'ayesha.ali@example.com', '2017-02-15'),
(377, 'h10', 'Rajesh', 'Kumar', 'Manager', 75000.00, '1982-04-15', '+919876543460', 'rajesh.kumar@example.com', '2016-02-10'),
(378, 'h10', 'Neha', 'Sharma', 'Receptionist', 45000.00, '1990-08-25', '+919845346901', 'neha.sharma@example.com', '2017-04-20'),
(379, 'h10', 'Amit', 'Patel', 'Housekeeping Supervisor', 55000.00, '1988-06-10', '+919811134633', 'amit.patel@example.com', '2016-01-15'),
(380, 'h10', 'Pooja', 'Gupta', 'Waitress', 32000.00, '1993-11-20', '+919933443646', 'pooja.gupta@example.com', '2014-03-28'),
(381, 'h10', 'Rahul', 'Singh', 'Security Guard', 40000.00, '1991-10-15', '+919988776655', 'rahul.singh@example.com', '2015-05-20'),
(382, 'h10', 'Anjali', 'Verma', 'Front Desk Clerk', 42000.00, '1992-07-30', '+919876543210', 'anjali.verma@example.com', '2017-11-05'),
(383, 'h10', 'Karan', 'Shah', 'Concierge', 48000.00, '1989-05-28', '+919845678901', 'karan.shah@example.com', '2016-03-15'),
(384, 'h10', 'Sneha', 'Joshi', 'Waitress', 33000.00, '1994-02-12', '+919811122233', 'sneha.joshi@example.com', '2017-04-30'),
(385, 'h10', 'Ravi', 'Kumar', 'Bartender', 35000.00, '1992-09-30', '+919933445566', 'ravi.kumar@example.com', '2015-12-25'),
(386, 'h10', 'Sarika', 'Chopra', 'Housekeeping Supervisor', 53000.00, '1987-08-18', '+919988776655', 'sarika.chopra@example.com', '2017-08-01'),
(387, 'h10', 'Sanjay', 'Pandey', 'Chef', 62000.00, '1984-06-20', '+919876543210', 'sanjay.pandey@example.com', '2015-11-10'),
(388, 'h10', 'Preeti', 'Rajput', 'Receptionist', 44000.00, '1992-03-28', '+919845678901', 'preeti.rajput@example.com', '2016-05-25'),
(389, 'h10', 'Arun', 'Sharma', 'Security Guard', 40000.00, '1988-12-15', '+919811134233', 'arun.sharma@example.com', '2014-03-10'),
(390, 'h7', 'Meenakshi', 'Iyer', 'Front Desk Clerk', 42000.00, '1991-07-10', '+919934345566', 'meenakshi.iyer@example.com', '2015-06-30'),
(391, 'h7', 'Prakash', 'Menon', 'Housekeeper', 47000.00, '1990-04-28', '+919923776655', 'prakash.menon@example.com', '2017-09-15'),
(392, 'h7', 'Shivani', 'Nair', 'Waitress', 33000.00, '1993-03-15', '+91987666210', 'shivani.nair@example.com', '2016-02-10'),
(393, 'h7', 'Vikas', 'Reddy', 'Bartender', 36000.00, '1994-12-20', '+919845558901', 'vikas.reddy@example.com', '2015-12-15'),
(394, 'h7', 'Aarti', 'Kapoor', 'Concierge', 49000.00, '1990-11-05', '+91981116633', 'aarti.kapoor@example.com', '2017-02-28'),
(395, 'h7', 'Sunil', 'Gupta', 'Housekeeping Supervisor', 55000.00, '1986-10-10', '+91993665566', 'sunil.gupta@example.com', '2016-07-05'),
(396, 'h7', 'Divya', 'Sharma', 'Receptionist', 46000.00, '1992-09-25', '+919988776445', 'divya.sharma@example.com', '2017-01-30'),
(397, 'h7', 'Rajesh', 'Yadav', 'Security Guard', 40000.00, '1989-06-15', '+91987654340', 'rajesh.yadav@example.com', '2015-05-15'),
(398, 'h7', 'Ananya', 'Sinha', 'Front Desk Clerk', 42000.00, '1992-08-30', '+91984564901', 'ananya.sinha@example.com', '2014-11-20'),
(399, 'h7', 'Vishal', 'Agarwal', 'Housekeeper', 48000.00, '1988-05-12', '+91981113433', 'vishal.agarwal@example.com', '2016-08-05'),
(400, 'h7', 'Sunita', 'Rai', 'Waitress', 34000.00, '1993-12-25', '+91993344236', 'sunita.rai@example.com', '2016-03-10'),
(401, 'h1', 'Naveen', 'Menon', 'Bartender', 36000.00, '1994-10-08', '+919988235655', 'naveen.menon@example.com', '2015-07-25'),
(402, 'h1', 'Akash', 'Nair', 'Concierge', 49000.00, '1990-09-12', '+919876542350', 'akash.nair@example.com', '2017-09-30'),
(404, 'h1', 'Rajiv', 'Gupta', 'Waitress', 32000.00, '1993-11-20', '+91993342356', 'rajiv.gupta@example.com', '2014-03-28'),
(405, 'h1', 'Riya', 'Sharma', 'Security Guard', 40000.00, '1991-10-15', '+9192576655', 'riya.sharma@example.com', '2015-05-20'),
(406, 'h1', 'Vishnu', 'Nair', 'Front Desk Clerk', 42000.00, '1992-07-30', '+9192543210', 'vishnu.nair@example.com', '2016-11-05'),
(407, 'h1', 'Neha', 'Patel', 'Concierge', 48000.00, '1989-05-28', '+91984525901', 'neha.patel@example.com', '2016-03-15'),
(408, 'h1', 'Amit', 'Singh', 'Waitress', 33000.00, '1994-02-12', '+919811123533', 'amit.singh@example.com', '2017-04-30'),
(409, 'h1', 'Varun', 'Sharma', 'Bartender', 35000.00, '1992-09-30', '+91993335566', 'varun.sharma@example.com', '2014-12-25'),
(410, 'h1', 'Ananya', 'Chopra', 'Housekeeping Supervisor', 53000.00, '1987-08-18', '+919982356655', 'ananya.chopra@example.com', '2015-08-01'),
(411, 'h1', 'Rohit', 'Pandey', 'Chef', 62000.00, '1984-06-20', '+919872353210', 'rohit.pandey@example.com', '2015-11-10'),
(412, 'h1', 'Anjali', 'Rajput', 'Receptionist', 44000.00, '1992-03-28', '+919842358901', 'anjali.rajput@example.com', '2016-05-25'),
(413, 'h1', 'Karan', 'Sharma', 'Security Guard', 40000.00, '1988-12-15', '+919811253233', 'karan.sharma@example.com', '2013-03-10'),
(414, 'h1', 'Sneha', 'Iyer', 'Front Desk Clerk', 42000.00, '1991-07-10', '+9199325566', 'sneha.iyer@example.com', '2014-06-30'),
(415, 'h1', 'Ravi', 'Menon', 'Housekeeper', 47000.00, '1990-04-28', '+919925376655', 'ravi.menon@example.com', '2015-09-15'),
(416, 'h1', 'Sarika', 'Nair', 'Waitress', 33000.00, '1993-03-15', '+91987625310', 'sarika.nair@example.com', '2016-02-10'),
(417, 'h1', 'Sanjay', 'Reddy', 'Bartender', 36000.00, '1994-12-20', '+9198452501', 'sanjay.reddy@example.com', '2013-12-15'),
(418, 'h9', 'Preeti', 'Kapoor', 'Concierge', 49000.00, '1990-11-05', '+919811234233', 'preeti.kapoor@example.com', '2017-02-28'),
(419, 'h9', 'Arun', 'Gupta', 'Housekeeping Supervisor', 55000.00, '1986-10-10', '+919923545566', 'arun.gupta@example.com', '2014-07-05'),
(420, 'h9', 'Meenakshi', 'Sharma', 'Receptionist', 46000.00, '1992-09-25', '+919988772535', 'meenakshi.sharma@example.com', '2015-01-30'),
(421, 'h9', 'Prakash', 'Yadav', 'Security Guard', 40000.00, '1989-06-15', '+91987235210', 'prakash.yadav@example.com', '2016-05-15'),
(422, 'h9', 'Shivani', 'Sinha', 'Front Desk Clerk', 42000.00, '1992-08-30', '+919845465901', 'shivani.sinha@example.com', '2017-11-20'),
(423, 'h9', 'Vikas', 'Agarwal', 'Housekeeper', 48000.00, '1988-05-12', '+91981145233', 'vikas.agarwal@example.com', '2015-08-05'),
(424, 'h9', 'Aarti', 'Rai', 'Waitress', 34000.00, '1993-12-25', '+91993344466', 'aarti.rai@example.com', '2016-03-10'),
(425, 'h9', 'Sunil', 'Menon', 'Bartender', 36000.00, '1994-10-08', '+9199883456655', 'sunil.menon@example.com', '2017-07-25'),
(426, 'h9', 'Divya', 'Nair', 'Concierge', 49000.00, '1990-09-12', '+919876543460', 'divya.nair@example.com', '2014-09-30'),
(427, 'h9', 'Rajiv', 'Kapoor', 'Housekeeping Supervisor', 53000.00, '1987-07-25', '+919845622233', 'rajiv.kapoor@example.com', '2017-10-10'),
(428, 'h9', 'Neha', 'Sharma', 'Receptionist', 45000.00, '1990-08-15', '+919933443666', 'neha.sharma@example.com', '2016-01-05'),
(429, 'h9', 'Amit', 'Verma', 'Housekeeping Supervisor', 55000.00, '1986-06-30', '+919988774575', 'amit.verma@example.com', '2015-09-28'),
(430, 'h9', 'Pooja', 'Chopra', 'Waitress', 32000.00, '1993-11-20', '+919933645566', 'pooja.chopra@example.com', '2016-03-28'),
(431, 'h6', 'Rahul', 'Nair', 'Security Guard', 40000.00, '1991-10-15', '+919988252655', 'rahul.nair@example.com', '2014-05-20'),
(432, 'h6', 'Anjali', 'Menon', 'Front Desk Clerk', 42000.00, '1992-07-30', '+9192356543210', 'anjali.menon@example.com', '2015-11-05'),
(433, 'h6', 'Karan', 'Nair', 'Concierge', 48000.00, '1989-05-28', '+91984268901', 'karan.nair@example.com', '2013-03-15'),
(434, 'h6', 'Sneha', 'Menon', 'Waitress', 33000.00, '1994-02-12', '+9198111234633', 'sneha.menon@example.com', '2015-04-30'),
(435, 'h6', 'Ravi', 'Sharma', 'Bartender', 35000.00, '1992-09-30', '+919933446566', 'ravi.sharma@example.com', '2016-12-25'),
(436, 'h6', 'Sarika', 'Menon', 'Housekeeping Supervisor', 53000.00, '1987-08-18', '+919347776655', 'sarika.menon@example.com', '2013-08-01'),
(437, 'h6', 'Sanjay', 'Sharma', 'Chef', 62000.00, '1984-06-20', '+91987636210', 'sanjay.sharma@example.com', '2015-11-10'),
(438, 'h6', 'Preeti', 'Menon', 'Receptionist', 44000.00, '1992-03-28', '+919845295501', 'preeti.menon@example.com', '2016-05-25'),
(439, 'h6', 'Arun', 'Singh', 'Security Guard', 40000.00, '1988-12-15', '+919811122473', 'arun.singh@example.com', '2014-03-10'),
(440, 'h6', 'Meenakshi', 'Nair', 'Front Desk Clerk', 42000.00, '1991-07-10', '+91993367566', 'meenakshi.nair@example.com', '2017-06-30'),
(441, 'h6', 'Prakash', 'Menon', 'Housekeeper', 47000.00, '1990-04-28', '+91998845655', 'prakash.menon@example.com', '2015-09-15'),
(442, 'h3', 'Shivani', 'Sharma', 'Waitress', 33000.00, '1993-03-15', '+919876346210', 'shivani.sharma@example.com', '2016-02-10'),
(443, 'h3', 'Vikas', 'Menon', 'Bartender', 36000.00, '1994-12-20', '+91984563601', 'vikas.menon@example.com', '2015-12-15'),
(444, 'h3', 'Aarti', 'Nair', 'Concierge', 49000.00, '1990-11-05', '+91981114733', 'aarti.nair@example.com', '2013-02-28'),
(445, 'h3', 'Sunil', 'Menon', 'Housekeeping Supervisor', 55000.00, '1986-10-10', '+919933675566', 'sunil.menon@example.com', '2014-07-05'),
(446, 'h3', 'Divya', 'Sharma', 'Receptionist', 46000.00, '1992-09-25', '+9199887346555', 'divya.sharma@example.com', '2017-01-30'),
(447, 'h3', 'Rajiv', 'Menon', 'Security Guard', 40000.00, '1989-06-15', '+919876364210', 'rajiv.menon@example.com', '2016-05-15'),
(449, 'h3', 'Amit', 'Kumar', 'Housekeeping Supervisor', 55000.00, '1986-06-30', '+919923676655', 'amit.kumar@example.com', '2013-09-15'),
(450, 'h3', 'Pooja', 'Sharma', 'Waitress', 32000.00, '1993-11-20', '+919933426366', 'pooja.sharma@example.com', '2015-03-28'),
(451, 'h3', 'Rahul', 'Patel', 'Security Guard', 40000.00, '1991-10-15', '+919987546655', 'rahul.patel@example.com', '2014-05-20'),
(452, 'h3', 'Anjali', 'Singh', 'Front Desk Clerk', 42000.00, '1992-07-30', '+919876547410', 'anjali.singh@example.com', '2015-11-05'),
(453, 'h3', 'Karan', 'Verma', 'Concierge', 48000.00, '1989-05-28', '+91984564701', 'karan.verma@example.com', '2017-03-15'),
(454, 'h3', 'Sneha', 'Rajput', 'Waitress', 33000.00, '1994-02-12', '+919811123643', 'sneha.rajput@example.com', '2013-04-30'),
(455, 'h3', 'Ravi', 'Kapoor', 'Bartender', 35000.00, '1992-09-30', '+919933346566', 'ravi.kapoor@example.com', '2016-12-25'),
(456, 'h3', 'Sarika', 'Rai', 'Housekeeping Supervisor', 53000.00, '1987-08-18', '+919985746655', 'sarika.rai@example.com', '2015-08-01'),
(457, 'h3', 'Sanjay', 'Nair', 'Chef', 62000.00, '1984-06-20', '+91987653710', 'sanjay.nair@example.com', '2014-11-10'),
(458, 'h3', 'Preeti', 'Sharma', 'Receptionist', 44000.00, '1992-03-28', '+919845678901', 'preeti.sharma@example.com', '2016-05-25'),
(459, 'h3', 'Arun', 'Menon', 'Security Guard', 40000.00, '1988-12-15', '+9198116542233', 'arun.menon@example.com', '2013-03-10'),
(460, 'h3', 'Meenakshi', 'Shah', 'Front Desk Clerk', 42000.00, '1991-07-10', '+91993344466', 'meenakshi.shah@example.com', '2014-06-30'),
(461, 'h3', 'Prakash', 'Nair', 'Housekeeper', 47000.00, '1990-04-28', '+91998845655', 'prakash.nair@example.com', '2015-09-15'),
(462, 'h5', 'Shivani', 'Singh', 'Waitress', 33000.00, '1993-03-15', '+9198765435460', 'shivani.singh@example.com', '2016-02-10'),
(463, 'h5', 'Vikas', 'Kumar', 'Bartender', 36000.00, '1994-12-20', '+919845678901', 'vikas.kumar@example.com', '2015-12-15'),
(464, 'h5', 'Aarti', 'Verma', 'Concierge', 49000.00, '1990-11-05', '+919811144433', 'aarti.verma@example.com', '2013-02-28'),
(465, 'h5', 'Sunil', 'Patel', 'Housekeeping Supervisor', 55000.00, '1986-10-10', '+9199334454666', 'sunil.patel@example.com', '2014-07-05'),
(466, 'h5', 'Divya', 'Singh', 'Receptionist', 46000.00, '1992-09-25', '+9199887766755', 'divya.singh@example.com', '2017-01-30'),
(467, 'h5', 'Rajiv', 'Verma', 'Security Guard', 40000.00, '1989-06-15', '+919876557510', 'rajiv.verma@example.com', '2016-05-15'),
(469, 'h5', 'Amit', 'Singh', 'Front Desk Clerk', 42000.00, '1992-08-30', '+919845456901', 'amit.singh@example.com', '2015-01-05'),
(470, 'h5', 'Pooja', 'Sharma', 'Housekeeping Supervisor', 55000.00, '1986-06-30', '+919364776655', 'pooja.sharma@example.com', '2016-09-15'),
(471, 'h5', 'Rahul', 'Patel', 'Security Guard', 40000.00, '1991-10-15', '+919988734655', 'rahul.patel@example.com', '2015-05-20'),
(472, 'h5', 'Anjali', 'Singh', 'Front Desk Clerk', 42000.00, '1992-07-30', '+9193646543210', 'anjali.singh@example.com', '2016-11-05'),
(473, 'h5', 'Karan', 'Verma', 'Concierge', 48000.00, '1989-05-28', '+919843468901', 'karan.verma@example.com', '2017-03-15'),
(474, 'h5', 'Sneha', 'Rajput', 'Waitress', 33000.00, '1994-02-12', '+919811122233', 'sneha.rajput@example.com', '2013-04-30'),
(475, 'h5', 'Ravi', 'Kapoor', 'Bartender', 35000.00, '1992-09-30', '+919933434566', 'ravi.kapoor@example.com', '2016-12-25'),
(476, 'h5', 'Sarika', 'Rai', 'Housekeeping Supervisor', 53000.00, '1987-08-18', '+91998867655', 'sarika.rai@example.com', '2015-08-01'),
(477, 'h5', 'Sanjay', 'Nair', 'Chef', 62000.00, '1984-06-20', '+919876543456', 'sanjay.nair@example.com', '2014-11-10'),
(478, 'h5', 'Preeti', 'Sharma', 'Receptionist', 44000.00, '1992-03-28', '+919845475901', 'preeti.sharma@example.com', '2016-05-25'),
(479, 'h5', 'Arun', 'Menon', 'Security Guard', 40000.00, '1988-12-15', '+919811124563', 'arun.menon@example.com', '2013-03-10'),
(480, 'h5', 'Meenakshi', 'Shah', 'Front Desk Clerk', 42000.00, '1991-07-10', '+913643445566', 'meenakshi.shah@example.com', '2014-06-30'),
(481, 'h5', 'Prakash', 'Nair', 'Housekeeper', 47000.00, '1990-04-28', '+919983466655', 'prakash.nair@example.com', '2015-09-15'),
(482, 'h8', 'Shivani', 'Singh', 'Waitress', 33000.00, '1993-03-15', '+919876543740', 'shivani.singh@example.com', '2013-02-10'),
(483, 'h8', 'Vikas', 'Kumar', 'Bartender', 36000.00, '1994-12-20', '+919845674651', 'vikas.kumar@example.com', '2017-12-15'),
(484, 'h8', 'Aarti', 'Verma', 'Concierge', 49000.00, '1990-11-05', '+919811124563', 'aarti.verma@example.com', '2013-02-28'),
(485, 'h8', 'Sunil', 'Patel', 'Housekeeping Supervisor', 55000.00, '1986-10-10', '+919933445346', 'sunil.patel@example.com', '2016-07-05'),
(486, 'h8', 'Divya', 'Singh', 'Receptionist', 46000.00, '1992-09-25', '+91998877365', 'divya.singh@example.com', '2017-01-30'),
(487, 'h8', 'Rajiv', 'Verma', 'Security Guard', 40000.00, '1989-06-15', '+91987353210', 'rajiv.verma@example.com', '2014-05-15'),
(489, 'h8', 'Amit', 'Singh', 'Front Desk Clerk', 42000.00, '1992-08-30', '+919845365901', 'amit.singh@example.com', '2013-01-05'),
(490, 'h8', 'Pooja', 'Sharma', 'Housekeeping Supervisor', 55000.00, '1986-06-30', '+91368776655', 'pooja.sharma@example.com', '2014-09-15'),
(491, 'h8', 'Rahul', 'Patel', 'Security Guard', 40000.00, '1991-10-15', '+91998366655', 'rahul.patel@example.com', '2015-05-20'),
(492, 'h8', 'Anjali', 'Singh', 'Front Desk Clerk', 42000.00, '1992-07-30', '+91936543210', 'anjali.singh@example.com', '2016-11-05'),
(493, 'h8', 'Karan', 'Verma', 'Concierge', 48000.00, '1989-05-28', '+919845664301', 'karan.verma@example.com', '2017-03-15'),
(494, 'h8', 'Sneha', 'Rajput', 'Waitress', 33000.00, '1994-02-12', '+919811123533', 'sneha.rajput@example.com', '2013-04-30'),
(495, 'h8', 'Ravi', 'Kapoor', 'Bartender', 35000.00, '1992-09-30', '+919933364566', 'ravi.kapoor@example.com', '2016-12-25'),
(496, 'h10', 'Sarika', 'Rai', 'Housekeeping Supervisor', 53000.00, '1987-08-18', '+9199883246655', 'sarika.rai@example.com', '2015-08-01'),
(497, 'h10', 'Sanjay', 'Nair', 'Chef', 62000.00, '1984-06-20', '+919872533210', 'sanjay.nair@example.com', '2014-11-10'),
(498, 'h10', 'Preeti', 'Sharma', 'Receptionist', 44000.00, '1992-03-28', '+912535678901', 'preeti.sharma@example.com', '2016-05-25'),
(499, 'h10', 'Arun', 'Menon', 'Security Guard', 40000.00, '1988-12-15', '+919811235233', 'arun.menon@example.com', '2013-03-10'),
(500, 'h10', 'Meenakshi', 'Shah', 'Front Desk Clerk', 42000.00, '1991-07-10', '+919933235566', 'meenakshi.shah@example.com', '2015-06-30'),
(501, 'h10', 'Prakash', 'Nair', 'Housekeeper', 47000.00, '1990-04-28', '+919988235655', 'prakash.nair@example.com', '2017-09-15'),
(502, 'h10', 'Shivani', 'Singh', 'Waitress', 33000.00, '1993-03-15', '+919876253210', 'shivani.singh@example.com', '2016-02-10'),
(503, 'h10', 'Vikas', 'Kumar', 'Bartender', 36000.00, '1994-12-20', '+919845235901', 'vikas.kumar@example.com', '2014-12-15'),
(504, 'h10', 'Aarti', 'Verma', 'Concierge', 49000.00, '1990-11-05', '+91981253233', 'aarti.verma@example.com', '2017-02-28'),
(505, 'h10', 'Sunil', 'Patel', 'Housekeeping Supervisor', 55000.00, '1986-10-10', '+91993323566', 'sunil.patel@example.com', '2016-07-05'),
(506, 'h10', 'Divya', 'Singh', 'Receptionist', 46000.00, '1992-09-25', '+91998825355', 'divya.singh@example.com', '2018-01-30'),
(507, 'h10', 'Rajiv', 'Verma', 'Security Guard', 40000.00, '1989-06-15', '+919876235210', 'rajiv.verma@example.com', '2017-05-15'),
(508, 'h10', 'Neha', 'Kumar', 'Front Desk Clerk', 42000.00, '1992-08-30', '+91982538901', 'neha.kumar@example.com', '2017-10-10'),
(509, 'h10', 'Amit', 'Singh', 'Housekeeping Supervisor', 55000.00, '1986-06-30', '+9199887253355', 'amit.singh@example.com', '2016-09-15'),
(510, 'h10', 'Pooja', 'Sharma', 'Waitress', 32000.00, '1993-11-20', '+9199336574566', 'pooja.sharma@example.com', '2017-03-28'),
(511, 'h10', 'Rahul', 'Patel', 'Security Guard', 40000.00, '1991-10-15', '+919982356655', 'rahul.patel@example.com', '2015-05-20'),
(512, 'h9', 'Anjali', 'Singh', 'Front Desk Clerk', 42000.00, '1992-07-30', '+919821343210', 'anjali.singh@example.com', '2015-11-05'),
(513, 'h9', 'Karan', 'Verma', 'Concierge', 48000.00, '1989-05-28', '+919845463901', 'karan.verma@example.com', '2016-03-15'),
(514, 'h9', 'Sneha', 'Rajput', 'Waitress', 33000.00, '1994-02-12', '+919811235233', 'sneha.rajput@example.com', '2017-04-30'),
(516, 'h9', 'Sarika', 'Rai', 'Housekeeping Supervisor', 53000.00, '1987-08-18', '+919982356655', 'sarika.rai@example.com', '2016-08-01'),
(517, 'h9', 'Sanjay', 'Nair', 'Chef', 62000.00, '1984-06-20', '+919876235210', 'sanjay.nair@example.com', '2017-11-10'),
(518, 'h9', 'Preeti', 'Sharma', 'Receptionist', 44000.00, '1992-03-28', '+9198235678901', 'preeti.sharma@example.com', '2018-05-25'),
(519, 'h9', 'Arun', 'Menon', 'Security Guard', 40000.00, '1988-12-15', '+919811174533', 'arun.menon@example.com', '2017-03-10'),
(520, 'h9', 'Meenakshi', 'Shah', 'Front Desk Clerk', 42000.00, '1991-07-10', '+91993475566', 'meenakshi.shah@example.com', '2015-06-30'),
(521, 'h9', 'Prakash', 'Nair', 'Housekeeper', 47000.00, '1990-04-28', '+919983466655', 'prakash.nair@example.com', '2017-09-15'),
(522, 'h9', 'Shivani', 'Singh', 'Waitress', 33000.00, '1993-03-15', '+9198762343210', 'shivani.singh@example.com', '2016-02-10'),
(523, 'h9', 'Vikas', 'Kumar', 'Bartender', 36000.00, '1994-12-20', '+9198456743501', 'vikas.kumar@example.com', '2014-12-15'),
(524, 'h4', 'Aarti', 'Verma', 'Concierge', 49000.00, '1990-11-05', '+9198114541273', 'aarti.verma@example.com', '2017-02-28'),
(525, 'h4', 'Sunil', 'Patel', 'Housekeeping Supervisor', 55000.00, '1986-10-10', '+919933465566', 'sunil.patel@example.com', '2016-07-05'),
(526, 'h4', 'Divya', 'Singh', 'Receptionist', 46000.00, '1992-09-25', '+919988345655', 'divya.singh@example.com', '2018-01-30'),
(527, 'h4', 'Rajiv', 'Verma', 'Security Guard', 40000.00, '1989-06-15', '+91987346210', 'rajiv.verma@example.com', '2017-05-15'),
(528, 'h4', 'Neha', 'Kumar', 'Front Desk Clerk', 42000.00, '1992-08-30', '+91983468901', 'neha.kumar@example.com', '2017-10-10'),
(529, 'h4', 'Amit', 'Singh', 'Housekeeping Supervisor', 55000.00, '1986-06-30', '+91993646655', 'amit.singh@example.com', '2016-09-15'),
(530, 'h4', 'Pooja', 'Sharma', 'Waitress', 32000.00, '1993-11-20', '+91993343646', 'pooja.sharma@example.com', '2017-03-28'),
(531, 'h4', 'Rahul', 'Patel', 'Security Guard', 40000.00, '1991-10-15', '+91993466655', 'rahul.patel@example.com', '2015-05-20'),
(532, 'h4', 'Anjali', 'Singh', 'Front Desk Clerk', 42000.00, '1992-07-30', '+91987634610', 'anjali.singh@example.com', '2015-11-05'),
(533, 'h4', 'Karan', 'Verma', 'Concierge', 48000.00, '1989-05-28', '+919845673461', 'karan.verma@example.com', '2016-03-15'),
(534, 'h4', 'Sneha', 'Rajput', 'Waitress', 33000.00, '1994-02-12', '+919813463233', 'sneha.rajput@example.com', '2017-04-30'),
(535, 'h4', 'Ravi', 'Kapoor', 'Bartender', 35000.00, '1992-09-30', '+919933446436', 'ravi.kapoor@example.com', '2015-12-25'),
(536, 'h4', 'Sarika', 'Rai', 'Housekeeping Supervisor', 53000.00, '1987-08-18', '+919988346655', 'sarika.rai@example.com', '2015-08-01'),
(537, 'h4', 'Sanjay', 'Nair', 'Chef', 62000.00, '1984-06-20', '+9198765346510', 'sanjay.nair@example.com', '2014-11-10'),
(538, 'h4', 'Preeti', 'Sharma', 'Receptionist', 44000.00, '1992-03-28', '+919845634601', 'preeti.sharma@example.com', '2016-05-25'),
(539, 'h4', 'Arun', 'Menon', 'Security Guard', 40000.00, '1988-12-15', '+91981136433', 'arun.menon@example.com', '2013-03-10'),
(540, 'h4', 'Meenakshi', 'Shah', 'Front Desk Clerk', 42000.00, '1991-07-10', '+919933346566', 'meenakshi.shah@example.com', '2014-06-30'),
(541, 'h4', 'Prakash', 'Nair', 'Housekeeper', 47000.00, '1990-04-28', '+91998346655', 'prakash.nair@example.com', '2015-09-15'),
(543, 'h4', 'Vikas', 'Kumar', 'Bartender', 36000.00, '1994-12-20', '+919845673461', 'vikas.kumar@example.com', '2017-12-15'),
(544, 'h4', 'Aarti', 'Verma', 'Concierge', 49000.00, '1990-11-05', '+91981346333', 'aarti.verma@example.com', '2013-02-28'),
(545, 'h4', 'Sunil', 'Patel', 'Housekeeping Supervisor', 55000.00, '1986-10-10', '+91993343466', 'sunil.patel@example.com', '2016-07-05'),
(546, 'h4', 'Divya', 'Singh', 'Receptionist', 46000.00, '1992-09-25', '+9199834655', 'divya.singh@example.com', '2013-01-30'),
(547, 'h4', 'Rajiv', 'Verma', 'Security Guard', 40000.00, '1989-06-15', '+919873463210', 'rajiv.verma@example.com', '2014-05-15'),
(548, 'h4', 'Neha', 'Kumar', 'Front Desk Clerk', 42000.00, '1992-08-30', '+919843463901', 'neha.kumar@example.com', '2017-10-10'),
(549, 'h4', 'Amit', 'Singh', 'Housekeeping Supervisor', 55000.00, '1986-06-30', '+9199843655', 'amit.singh@example.com', '2013-09-15'),
(550, 'h10', 'Pooja', 'Sharma', 'Waitress', 32000.00, '1993-11-20', '+919933443466', 'pooja.sharma@example.com', '2015-03-28'),
(551, 'h10', 'Rahul', 'Patel', 'Security Guard', 40000.00, '1991-10-15', '+91998463655', 'rahul.patel@example.com', '2014-05-20'),
(552, 'h10', 'Anjali', 'Singh', 'Front Desk Clerk', 42000.00, '1992-07-30', '+919876346310', 'anjali.singh@example.com', '2015-11-05'),
(553, 'h10', 'Karan', 'Verma', 'Concierge', 48000.00, '1989-05-28', '+919842365901', 'karan.verma@example.com', '2016-03-15'),
(554, 'h10', 'Sneha', 'Rajput', 'Waitress', 33000.00, '1994-02-12', '+919811235633', 'sneha.rajput@example.com', '2013-04-30'),
(555, 'h10', 'Ravi', 'Kapoor', 'Bartender', 35000.00, '1992-09-30', '+91993323566', 'ravi.kapoor@example.com', '2017-12-25'),
(556, 'h10', 'Sarika', 'Rai', 'Housekeeping Supervisor', 53000.00, '1987-08-18', '+919982235655', 'sarika.rai@example.com', '2014-08-01'),
(557, 'h10', 'Sanjay', 'Nair', 'Chef', 62000.00, '1984-06-20', '+91982353210', 'sanjay.nair@example.com', '2015-11-10'),
(558, 'h10', 'Preeti', 'Sharma', 'Receptionist', 44000.00, '1992-03-28', '+919835678901', 'preeti.sharma@example.com', '2017-05-25'),
(559, 'h10', 'Arun', 'Menon', 'Security Guard', 40000.00, '1988-12-15', '+919811122346', 'arun.menon@example.com', '2016-03-10'),
(560, 'h10', 'Meenakshi', 'Shah', 'Front Desk Clerk', 42000.00, '1991-07-10', '+919346445566', 'meenakshi.shah@example.com', '2014-06-30'),
(561, 'h10', 'Prakash', 'Nair', 'Housekeeper', 47000.00, '1990-04-28', '+919988346655', 'prakash.nair@example.com', '2013-09-15'),
(562, 'h10', 'Shivani', 'Singh', 'Waitress', 33000.00, '1993-03-15', '+919876343210', 'shivani.singh@example.com', '2016-02-10'),
(563, 'h10', 'Vikas', 'Kumar', 'Bartender', 36000.00, '1994-12-20', '+919845346901', 'vikas.kumar@example.com', '2013-12-20'),
(564, 'h10', 'Aarti', 'Verma', 'Concierge', 49000.00, '1990-11-05', '+919811122463', 'aarti.verma@example.com', '2015-02-28'),
(565, 'h10', 'Sunil', 'Patel', 'Housekeeping Supervisor', 55000.00, '1986-10-10', '+919933423566', 'sunil.patel@example.com', '2013-07-05'),
(566, 'h10', 'Divya', 'Singh', 'Receptionist', 46000.00, '1992-09-25', '+9199887762355', 'divya.singh@example.com', '2016-01-30'),
(567, 'h2', 'Rajiv', 'Verma', 'Security Guard', 40000.00, '1989-06-15', '+919876544350', 'rajiv.verma@example.com', '2015-05-15'),
(568, 'h2', 'Neha', 'Kumar', 'Front Desk Clerk', 42000.00, '1992-08-30', '+919845634501', 'neha.kumar@example.com', '2013-02-20'),
(569, 'h2', 'Amit', 'Singh', 'Housekeeping Supervisor', 55000.00, '1986-06-30', '+919923576655', 'amit.singh@example.com', '2014-09-15'),
(570, 'h2', 'Pooja', 'Sharma', 'Waitress', 32000.00, '1993-11-20', '+919933445535', 'pooja.sharma@example.com', '2016-03-28'),
(571, 'h2', 'Rahul', 'Patel', 'Security Guard', 40000.00, '1991-10-15', '+919988776355', 'rahul.patel@example.com', '2014-05-20'),
(572, 'h2', 'Anjali', 'Singh', 'Front Desk Clerk', 42000.00, '1992-07-30', '+919876233210', 'anjali.singh@example.com', '2015-11-05'),
(573, 'h2', 'Karan', 'Verma', 'Concierge', 48000.00, '1989-05-28', '+919845238901', 'karan.verma@example.com', '2016-03-15'),
(574, 'h2', 'Sneha', 'Rajput', 'Waitress', 33000.00, '1994-02-12', '+919811146233', 'sneha.rajput@example.com', '2013-04-30'),
(575, 'h2', 'Ravi', 'Kapoor', 'Bartender', 35000.00, '1992-09-30', '+9199334455476', 'ravi.kapoor@example.com', '2017-12-25'),
(576, 'h2', 'Sarika', 'Rai', 'Housekeeping Supervisor', 53000.00, '1987-08-18', '+919988745655', 'sarika.rai@example.com', '2014-08-01'),
(577, 'h2', 'Sanjay', 'Nair', 'Chef', 62000.00, '1984-06-20', '+919876543340', 'sanjay.nair@example.com', '2015-11-10'),
(578, 'h2', 'Preeti', 'Sharma', 'Receptionist', 44000.00, '1992-03-28', '+919843468901', 'preeti.sharma@example.com', '2017-05-25'),
(579, 'h2', 'Arun', 'Menon', 'Security Guard', 40000.00, '1988-12-15', '+919811123463', 'arun.menon@example.com', '2016-03-10'),
(580, 'h2', 'Meenakshi', 'Shah', 'Front Desk Clerk', 42000.00, '1991-07-10', '+9199333435566', 'meenakshi.shah@example.com', '2014-06-30'),
(581, 'h2', 'Prakash', 'Nair', 'Housekeeper', 47000.00, '1990-04-28', '+9199887763465', 'prakash.nair@example.com', '2013-09-15'),
(582, 'h2', 'Shivani', 'Singh', 'Waitress', 33000.00, '1993-03-15', '+919876543340', 'shivani.singh@example.com', '2016-02-10'),
(583, 'h2', 'Vikas', 'Kumar', 'Bartender', 36000.00, '1994-12-20', '+9198456734501', 'vikas.kumar@example.com', '2013-12-20'),
(584, 'h2', 'Aarti', 'Verma', 'Concierge', 49000.00, '1990-11-05', '+919811122343', 'aarti.verma@example.com', '2015-02-28'),
(585, 'h2', 'Sunil', 'Patel', 'Housekeeping Supervisor', 55000.00, '1986-10-10', '+919933444566', 'sunil.patel@example.com', '2013-07-05'),
(586, 'h5', 'Divya', 'Singh', 'Receptionist', 46000.00, '1992-09-25', '+9199882346655', 'divya.singh@example.com', '2015-01-30'),
(588, 'h5', 'Rajesh', 'Yadav', 'Front Desk Clerk', 42000.00, '1992-08-30', '+91984538901', 'rajesh.yadav@example.com', '2014-12-05'),
(589, 'h5', 'Deepika', 'Singh', 'Housekeeping Supervisor', 55000.00, '1986-06-30', '+919983256655', 'deepika.singh@example.com', '2016-09-15'),
(590, 'h5', 'Naveen', 'Kumar', 'Security Guard', 40000.00, '1991-10-15', '+9199882356655', 'naveen.kumar@example.com', '2017-05-20'),
(591, 'h5', 'Priya', 'Sharma', 'Concierge', 48000.00, '1989-05-28', '+91984565901', 'priya.sharma@example.com', '2013-03-15'),
(592, 'h5', 'Akash', 'Verma', 'Waitress', 33000.00, '1994-02-12', '+919811462233', 'akash.verma@example.com', '2015-04-30'),
(593, 'h5', 'Monika', 'Patel', 'Bartender', 35000.00, '1992-09-30', '+919933446566', 'monika.patel@example.com', '2017-12-25'),
(594, 'h5', 'Raj', 'Rai', 'Housekeeping Supervisor', 53000.00, '1987-08-18', '+9199887756655', 'raj.rai@example.com', '2016-08-01'),
(595, 'h5', 'Vishal', 'Nair', 'Chef', 62000.00, '1984-06-20', '+919876543660', 'vishal.nair@example.com', '2014-11-10'),
(596, 'h5', 'Shweta', 'Sharma', 'Receptionist', 44000.00, '1992-03-28', '+91984668901', 'shweta.sharma@example.com', '2013-05-25'),
(597, 'h5', 'Avinash', 'Menon', 'Security Guard', 40000.00, '1988-12-15', '+91981552233', 'avinash.menon@example.com', '2017-03-10'),
(598, 'h5', 'Suresh', 'Shah', 'Front Desk Clerk', 42000.00, '1991-07-10', '+91995545566', 'suresh.shah@example.com', '2014-06-30'),
(599, 'h5', 'Sunita', 'Nair', 'Housekeeper', 47000.00, '1990-04-28', '+91998855655', 'sunita.nair@example.com', '2015-09-15'),
(600, 'h5', 'Vivek', 'Singh', 'Waitress', 33000.00, '1993-03-15', '+919876543255', 'vivek.singh@example.com', '2017-02-10'),
(601, 'h5', 'Meera', 'Kumar', 'Bartender', 36000.00, '1994-12-20', '+91984567855', 'meera.kumar@example.com', '2015-12-15'),
(602, 'h3', 'Rohan', 'Verma', 'Concierge', 49000.00, '1990-11-05', '+91981112553', 'rohan.verma@example.com', '2016-02-28'),
(603, 'h3', 'Anita', 'Patel', 'Housekeeping Supervisor', 55000.00, '1986-10-10', '+91993347766', 'anita.patel@example.com', '2015-07-05'),
(604, 'h3', 'Alok', 'Singh', 'Receptionist', 46000.00, '1992-09-25', '+91998877775', 'alok.singh@example.com', '2015-01-30'),
(605, 'h3', 'Ramesh', 'Verma', 'Security Guard', 40000.00, '1989-06-15', '+91987658810', 'ramesh.verma@example.com', '2017-05-15'),
(606, 'h3', 'Priyanka', 'Kumar', 'Front Desk Clerk', 42000.00, '1992-08-30', '+91984588901', 'priyanka.kumar@example.com', '2016-10-10'),
(608, 'h3', 'Abdul', 'Rahman', 'Housekeeping Supervisor', 55000.00, '1986-06-30', '+880171885678', 'abdul.rahman@example.com', '2016-09-15'),
(609, 'h3', 'Ayesha', 'Akhtar', 'Waitress', 32000.00, '1993-11-20', '+880181236678', 'ayesha.akhtar@example.com', '2017-03-28'),
(610, 'h3', 'Rafiq', 'Islam', 'Security Guard', 40000.00, '1991-10-15', '+880196645678', 'rafiq.islam@example.com', '2015-05-20'),
(611, 'h3', 'Nadia', 'Khan', 'Front Desk Clerk', 42000.00, '1992-07-30', '+880188845678', 'nadia.khan@example.com', '2015-11-05'),
(612, 'h3', 'Farhan', 'Ahmed', 'Concierge', 48000.00, '1989-05-28', '+880171234888', 'farhan.ahmed@example.com', '2016-03-15'),
(613, 'h7', 'Saba', 'Khatun', 'Waitress', 33000.00, '1994-02-12', '+8801912388878', 'saba.khatun@example.com', '2013-04-30'),
(614, 'h7', 'Imran', 'Hossain', 'Bartender', 35000.00, '1992-09-30', '+880181885678', 'imran.hossain@example.com', '2017-12-25'),
(615, 'h7', 'Tasnim', 'Chowdhury', 'Housekeeping Supervisor', 53000.00, '1987-08-18', '+8801552345678', 'tasnim.chowdhury@example.com', '2015-08-01'),
(616, 'h7', 'Shakil', 'Ali', 'Chef', 62000.00, '1984-06-20', '+8801912345655', 'shakil.ali@example.com', '2016-11-10'),
(617, 'h7', 'Sabina', 'Nasreen', 'Receptionist', 44000.00, '1992-03-28', '+880181235578', 'sabina.nasreen@example.com', '2016-05-25'),
(618, 'h7', 'Zia', 'Rahman', 'Security Guard', 40000.00, '1988-12-15', '+880171234566', 'zia.rahman@example.com', '2016-03-10'),
(619, 'h7', 'Mehnaz', 'Khatun', 'Front Desk Clerk', 42000.00, '1991-07-10', '+880178345678', 'mehnaz.khatun@example.com', '2017-06-30'),
(620, 'h1', 'Rahim', 'Hossain', 'Housekeeper', 47000.00, '1990-04-28', '+8801912345888', 'rahim.hossain@example.com', '2016-09-15'),
(621, 'h1', 'Nasir', 'Islam', 'Waitress', 33000.00, '1993-03-15', '+8801812345558', 'nasir.islam@example.com', '2017-02-10'),
(622, 'h1', 'Fatema', 'Akhtar', 'Bartender', 36000.00, '1994-12-20', '+880171885678', 'fatema.akhtar@example.com', '2015-12-15'),
(623, 'h1', 'Kamal', 'Haque', 'Concierge', 49000.00, '1990-11-05', '+880191234888', 'kamal.haque@example.com', '2016-02-28'),
(624, 'h1', 'Nadia', 'Khatun', 'Housekeeping Supervisor', 55000.00, '1986-10-10', '+8801800345678', 'nadia.khatun@example.com', '2015-07-05'),
(625, 'h1', 'Imtiaz', 'Chowdhury', 'Receptionist', 46000.00, '1992-09-25', '+8801712340078', 'imtiaz.chowdhury@example.com', '2016-01-30'),
(627, 'h1', 'Aminul', 'Haq', 'Front Desk Clerk', 42000.00, '1992-08-30', '+8801812345008', 'aminul.haq@example.com', '2017-01-05'),
(628, 'h1', 'Sumaiya', 'Akhter', 'Waitress', 32000.00, '1993-11-20', '+8801912366678', 'sumaiya.akhter@example.com', '2017-03-28'),
(629, 'h1', 'Tareq', 'Kabir', 'Security Guard', 40000.00, '1991-10-15', '+8800002345678', 'tareq.kabir@example.com', '2015-05-20'),
(630, 'h1', 'Farzana', 'Hossain', 'Front Desk Clerk', 42000.00, '1992-07-30', '+880191655678', 'farzana.hossain@example.com', '2014-11-05'),
(631, 'h1', 'Hasan', 'Ali', 'Concierge', 48000.00, '1989-05-28', '+880181234558', 'hasan.ali@example.com', '2015-03-15'),
(632, 'h1', 'Ayesha', 'Khan', 'Waitress', 33000.00, '1994-02-12', '+880191233378', 'ayesha.khan@example.com', '2013-04-30'),
(633, 'h1', 'Naima', 'Islam', 'Bartender', 35000.00, '1992-09-30', '+8801812388678', 'naima.islam@example.com', '2014-12-25'),
(634, 'h1', 'Arif', 'Haque', 'Housekeeping Supervisor', 53000.00, '1987-08-18', '+880191288678', 'arif.haque@example.com', '2015-08-01'),
(635, 'h1', 'Nisha', 'Sultana', 'Chef', 62000.00, '1984-06-20', '+8801812344478', 'nisha.sultana@example.com', '2015-11-10'),
(636, 'h8', 'Saif', 'Khan', 'Receptionist', 44000.00, '1992-03-28', '+880193345678', 'saif.khan@example.com', '2016-05-25'),
(637, 'h8', 'Afsana', 'Akhter', 'Security Guard', 40000.00, '1988-12-15', '+8833812345678', 'afsana.akhter@example.com', '2016-03-10'),
(638, 'h8', 'Riaz', 'Rahman', 'Front Desk Clerk', 42000.00, '1991-07-10', '+8803222345678', 'riaz.rahman@example.com', '2017-06-30'),
(639, 'h8', 'Sabrina', 'Khatun', 'Housekeeper', 47000.00, '1990-04-28', '+880123345678', 'sabrina.khatun@example.com', '2015-09-15'),
(640, 'h8', 'Amin', 'Islam', 'Waitress', 33000.00, '1993-03-15', '+880191675678', 'amin.islam@example.com', '2014-02-10'),
(641, 'h8', 'Nazia', 'Akhtar', 'Bartender', 36000.00, '1994-12-20', '+880187645678', 'nazia.akhtar@example.com', '2014-12-15'),
(642, 'h8', 'Reza', 'Ahmed', 'Concierge', 49000.00, '1990-11-05', '+8801912465678', 'reza.ahmed@example.com', '2015-02-28'),
(643, 'h8', 'Nusrat', 'Khatun', 'Housekeeping Supervisor', 55000.00, '1986-10-10', '+880181236748', 'nusrat.khatun@example.com', '2015-07-05'),
(644, 'h8', 'Toufiq', 'Chowdhury', 'Receptionist', 46000.00, '1992-09-25', '+8801912335478', 'toufiq.chowdhury@example.com', '2016-01-30'),
(645, 'h8', 'Sabina', 'Nasrin', 'Security Guard', 40000.00, '1989-06-15', '+880181234358', 'sabina.nasrin@example.com', '2013-05-15'),
(646, 'h8', 'Asif', 'Rahman', 'Front Desk Clerk', 42000.00, '1992-08-30', '+8801912343458', 'asif.rahman@example.com', '2016-10-10'),
(647, 'h8', 'Shabnam', 'Akhter', 'Housekeeping Supervisor', 55000.00, '1986-06-30', '+880165345678', 'shabnam.akhter@example.com', '2017-09-15'),
(648, 'h8', 'Rafiqul', 'Islam', 'Waitress', 32000.00, '1993-11-20', '+88019123456456', 'rafiqul.islam@example.com', '2017-12-28'),
(649, 'h8', 'Sabina', 'Akhtar', 'Security Guard', 40000.00, '1991-10-15', '+8801812367678', 'sabina.akhtar@example.com', '2015-08-20'),
(650, 'h8', 'Fahim', 'Hossain', 'Front Desk Clerk', 42000.00, '1992-07-30', '+8801912356678', 'fahim.hossain@example.com', '2016-02-05'),
(651, 'h2', 'Taslima', 'Khan', 'Concierge', 48000.00, '1989-05-28', '+880181233678', 'taslima.khan@example.com', '2015-05-15'),
(653, 'h2', 'Sadia', 'Islam', 'Waitress', 33000.00, '1994-02-12', '+8801912343648', 'sadia.islam@example.com', '2017-06-30'),
(654, 'h2', 'Arafat', 'Hossain', 'Bartender', 35000.00, '1992-09-30', '+880181365678', 'arafat.hossain@example.com', '2015-12-05'),
(655, 'h2', 'Nadia', 'Chowdhury', 'Housekeeping Supervisor', 53000.00, '1987-08-18', '+8801912346678', 'nadia.chowdhury@example.com', '2015-11-01'),
(656, 'h2', 'Sajjad', 'Ali', 'Chef', 62000.00, '1984-06-20', '+88018123454568', 'sajjad.ali@example.com', '2015-04-10'),
(657, 'h2', 'Shabnam', 'Nasreen', 'Receptionist', 44000.00, '1992-03-28', '+8801462345678', 'shabnam.nasreen@example.com', '2017-02-25'),
(658, 'h2', 'Raihan', 'Rahman', 'Security Guard', 40000.00, '1988-12-15', '+8801812336478', 'raihan.rahman@example.com', '2016-02-10'),
(659, 'h2', 'Nusrat', 'Khatun', 'Front Desk Clerk', 42000.00, '1991-07-10', '+8801912336478', 'nusrat.khatun@example.com', '2016-05-30'),
(660, 'h2', 'Anik', 'Islam', 'Housekeeper', 47000.00, '1990-04-28', '+88018126544678', 'anik.islam@example.com', '2015-10-15'),
(661, 'h2', 'Sumon', 'Akhtar', 'Waitress', 33000.00, '1993-03-15', '+880191234678', 'sumon.akhtar@example.com', '2017-01-10'),
(662, 'h2', 'Ayesha', 'Ahmed', 'Bartender', 36000.00, '1994-12-20', '+880181236678', 'ayesha.ahmed@example.com', '2015-12-15'),
(663, 'h2', 'Rahat', 'Haque', 'Concierge', 49000.00, '1990-11-05', '+8801912343648', 'rahat.haque@example.com', '2017-03-28'),
(664, 'h2', 'Jannatul', 'Khatun', 'Housekeeping Supervisor', 55000.00, '1986-10-10', '+8801812364678', 'jannatul.khatun@example.com', '2016-07-05'),
(665, 'h2', 'Shamim', 'Chowdhury', 'Receptionist', 46000.00, '1992-09-25', '+8801364345678', 'shamim.chowdhury@example.com', '2017-11-30'),
(666, 'h2', 'Nadia', 'Nasrin', 'Security Guard', 40000.00, '1989-06-15', '+8801812346678', 'nadia.nasrin@example.com', '2017-09-15'),
(667, 'h2', 'Sohel', 'Rahman', 'Front Desk Clerk', 42000.00, '1992-08-30', '+88019123467878', 'sohel.rahman@example.com', '2016-12-10'),
(668, 'h2', 'Shahnaz', 'Akhter', 'Housekeeping Supervisor', 55000.00, '1986-06-30', '+8801816745678', 'shahnaz.akhter@example.com', '2016-10-15'),
(669, 'h2', 'Sakib', 'Islam', 'Waitress', 32000.00, '1993-11-20', '+880191585678', 'sakib.islam@example.com', '2017-03-28'),
(670, 'h4', 'Sadia', 'Akhtar', 'Security Guard', 40000.00, '1991-10-15', '+8801812657678', 'sadia.akhtar@example.com', '2015-11-20'),
(671, 'h4', 'Hasan', 'Hossain', 'Front Desk Clerk', 42000.00, '1992-07-30', '+8801912367678', 'hasan.hossain@example.com', '2017-01-05'),
(672, 'h4', 'Nafisa', 'Khan', 'Concierge', 48000.00, '1989-05-28', '+8801812345567', 'nafisa.khan@example.com', '2015-03-20'),
(673, 'h4', 'Momin', 'Islam', 'Housekeeping Supervisor', 55000.00, '1986-10-10', '+880191245678', 'momin.islam@example.com', '2015-12-05'),
(674, 'h4', 'Shanta', 'Chowdhury', 'Receptionist', 46000.00, '1992-09-25', '+880181234578', 'shanta.chowdhury@example.com', '2017-01-30'),
(675, 'h4', 'Sahana', 'Nasrin', 'Security Guard', 40000.00, '1989-06-15', '+880191234468', 'sahana.nasrin@example.com', '2017-05-15'),
(676, 'h4', 'Sohel', 'Rahman', 'Front Desk Clerk', 42000.00, '1992-08-30', '+8801813465678', 'sohel.rahman@example.com', '2017-07-10'),
(677, 'h4', 'Sharmin', 'Akhter', 'Housekeeping Supervisor', 55000.00, '1986-06-30', '+8801812334678', 'sharmin.akhter@example.com', '2017-09-25'),
(679, 'h4', 'Tanzim', 'Islam', 'Front Desk Clerk', 42000.00, '1992-08-30', '+8801812645678', 'tanzim.islam@example.com', '2016-12-10'),
(680, 'h4', 'Tasnim', 'Akhter', 'Waitress', 32000.00, '1993-11-20', '+880191234368', 'tasnim.akhter@example.com', '2017-03-28'),
(681, 'h4', 'Rahim', 'Kabir', 'Security Guard', 40000.00, '1991-10-15', '+8801813465678', 'rahim.kabir@example.com', '2015-05-20'),
(682, 'h4', 'Fahmida', 'Hossain', 'Front Desk Clerk', 42000.00, '1992-07-30', '+8801912336478', 'fahmida.hossain@example.com', '2015-11-05'),
(683, 'h4', 'Anis', 'Ali', 'Concierge', 48000.00, '1989-05-28', '+8801812336478', 'anis.ali@example.com', '2016-03-15'),
(684, 'h4', 'Samia', 'Islam', 'Waitress', 33000.00, '1994-02-12', '+880191236678', 'samia.islam@example.com', '2017-04-30'),
(685, 'h4', 'Ashfaq', 'Hossain', 'Bartender', 35000.00, '1992-09-30', '+8801813465678', 'ashfaq.hossain@example.com', '2014-12-25'),
(686, 'h4', 'Tania', 'Chowdhury', 'Housekeeping Supervisor', 53000.00, '1987-08-18', '+880194745678', 'tania.chowdhury@example.com', '2015-08-01'),
(687, 'h4', 'Mahmud', 'Ali', 'Chef', 62000.00, '1984-06-20', '+88018123457678', 'mahmud.ali@example.com', '2015-11-10'),
(688, 'h4', 'Afroza', 'Nasreen', 'Receptionist', 44000.00, '1992-03-28', '+88019457345678', 'afroza.nasreen@example.com', '2016-05-25'),
(689, 'h4', 'Ruhul', 'Rahman', 'Security Guard', 40000.00, '1988-12-15', '+88018123456678', 'ruhul.rahman@example.com', '2016-03-10'),
(690, 'h1', 'Sumaiya', 'Khatun', 'Front Desk Clerk', 42000.00, '1991-07-10', '+88019364345678', 'sumaiya.khatun@example.com', '2017-06-30'),
(691, 'h1', 'Rezaul', 'Islam', 'Housekeeper', 47000.00, '1990-04-28', '+88018136445678', 'rezaul.islam@example.com', '2015-09-15'),
(692, 'h1', 'Sanjida', 'Akhtar', 'Waitress', 33000.00, '1993-03-15', '+8801912765678', 'sanjida.akhtar@example.com', '2017-02-10'),
(693, 'h1', 'Mahbub', 'Ahmed', 'Bartender', 36000.00, '1994-12-20', '+88018123454578', 'mahbub.ahmed@example.com', '2017-12-15'),
(694, 'h1', 'Nazia', 'Haque', 'Concierge', 49000.00, '1990-11-05', '+8801912344578', 'nazia.haque@example.com', '2016-02-28'),
(695, 'h1', 'Shamima', 'Khatun', 'Housekeeping Supervisor', 55000.00, '1986-10-10', '+8801845745678', 'shamima.khatun@example.com', '2015-07-05'),
(696, 'h1', 'Tarek', 'Chowdhury', 'Receptionist', 46000.00, '1992-09-25', '+8801912347478', 'tarek.chowdhury@example.com', '2017-01-30'),
(697, 'h1', 'Sultana', 'Nasrin', 'Security Guard', 40000.00, '1989-06-15', '+8801812345678', 'sultana.nasrin@example.com', '2017-05-15'),
(698, 'h1', 'Imran', 'Rahman', 'Front Desk Clerk', 42000.00, '1992-08-30', '+8801812346678', 'imran.rahman@example.com', '2016-10-10'),
(699, 'h1', 'Shahida', 'Akhter', 'Housekeeping Supervisor', 55000.00, '1986-06-30', '+8801834645678', 'shahida.akhter@example.com', '2017-08-25');

INSERT INTO Staff  values
(700, 'h6', 'Rabbi', 'Islam', 'Waitress', 32000.00, '1993-11-20', '+8801912345678', 'rabbi.islam@example.com', '2015-01-28'),
(701, 'h6', 'Shahid', 'Akhtar', 'Security Guard', 40000.00, '1991-10-15', '+8801812345678', 'shahid.akhtar@example.com', '2016-12-20'),
(702, 'h6', 'Sarmin', 'Hossain', 'Front Desk Clerk', 42000.00, '1992-07-30', '+8801912345678', 'sarmin.hossain@example.com', '2014-02-05'),
(704, 'h6', 'Farhana', 'Islam', 'Front Desk Clerk', 42000.00, '1992-08-30', '+8801812345678', 'farhana.islam@example.com', '2015-01-05'),
(705, 'h6', 'Anwar', 'Hossain', 'Waitress', 32000.00, '1993-11-20', '+8801912345678', 'anwar.hossain@example.com', '2016-03-28'),
(706, 'h6', 'Sadia', 'Kabir', 'Security Guard', 40000.00, '1991-10-15', '+8801812345678', 'sadia.kabir@example.com', '2017-05-20'),
(707, 'h6', 'Sarwar', 'Ali', 'Front Desk Clerk', 42000.00, '1992-07-30', '+8801912345678', 'sarwar.ali@example.com', '2013-11-05'),
(708, 'h6', 'Tahmina', 'Akhtar', 'Concierge', 48000.00, '1989-05-28', '+8801812345678', 'tahmina.akhtar@example.com', '2014-03-15'),
(709, 'h6', 'Rifat', 'Islam', 'Waitress', 33000.00, '1994-02-12', '+8801912345678', 'rifat.islam@example.com', '2017-04-30'),
(710, 'h6', 'Farzana', 'Hossain', 'Bartender', 35000.00, '1992-09-30', '+8801812345678', 'farzana.hossain@example.com', '2014-12-25'),
(711, 'h6', 'Samiul', 'Chowdhury', 'Housekeeping Supervisor', 53000.00, '1987-08-18', '+8801912345678', 'samiul.chowdhury@example.com', '2015-08-01'),
(712, 'h6', 'Samia', 'Ali', 'Chef', 62000.00, '1984-06-20', '+8801812345678', 'samia.ali@example.com', '2016-11-10'),
(713, 'h6', 'Shahana', 'Nasreen', 'Receptionist', 44000.00, '1992-03-28', '+8801912345678', 'shahana.nasreen@example.com', '2017-05-25'),
(714, 'h6', 'Rony', 'Rahman', 'Security Guard', 40000.00, '1988-12-15', '+8801812345678', 'rony.rahman@example.com', '2017-03-10'),
(715, 'h6', 'Nadia', 'Khatun', 'Front Desk Clerk', 42000.00, '1991-07-10', '+8801912345678', 'nadia.khatun@example.com', '2014-06-30'),
(716, 'h6', 'Imran', 'Islam', 'Housekeeper', 47000.00, '1990-04-28', '+8801812345678', 'imran.islam@example.com', '2013-09-15'),
(717, 'h3', 'Sanjida', 'Akhtar', 'Waitress', 33000.00, '1993-03-15', '+8801912345678', 'sanjida.akhtar@example.com', '2017-02-10'),
(718, 'h3', 'Tuhin', 'Ahmed', 'Bartender', 36000.00, '1994-12-20', '+8801812345678', 'tuhin.ahmed@example.com', '2014-12-15'),
(719, 'h3', 'Tasnim', 'Haque', 'Concierge', 49000.00, '1990-11-05', '+8801912345678', 'tasnim.haque@example.com', '2016-02-28'),
(720, 'h3', 'Rakib', 'Khatun', 'Housekeeping Supervisor', 55000.00, '1986-10-10', '+8801812345678', 'rakib.khatun@example.com', '2015-07-05'),
(722, 'h3', 'Moinul', 'Islam', 'Security Guard', 40000.00, '1989-06-15', '+8801812345678', 'moinul.islam@example.com', '2013-05-15'),
(723, 'h3', 'Sabina', 'Akhter', 'Front Desk Clerk', 42000.00, '1992-08-30', '+8801912345678', 'sabina.akhter@example.com', '2014-10-10'),
(724, 'h3', 'Sharif', 'Hossain', 'Housekeeping Supervisor', 55000.00, '1986-06-30', '+8801812345678', 'sharif.hossain@example.com', '2013-09-15'),
(725, 'h3', 'Nafisa', 'Khan', 'Waitress', 32000.00, '1993-11-20', '+8801912345678', 'nafisa.khan@example.com', '2017-12-28'),
(726, 'h3', 'Rabeya', 'Akhtar', 'Security Guard', 40000.00, '1991-10-15', '+8801812345678', 'rabeya.akhtar@example.com', '2016-08-20'),
(727, 'h3', 'Raisul', 'Islam', 'Front Desk Clerk', 42000.00, '1992-07-30', '+8801912345678', 'raisul.islam@example.com', '2015-02-05'),
(728, 'h3', 'Salma', 'Kabir', 'Concierge', 48000.00, '1989-05-28', '+8801812345678', 'salma.kabir@example.com', '2016-05-15'),
(729, 'h3', 'Shakil', 'Hossain', 'Waitress', 33000.00, '1994-02-12', '+8801912345678', 'shakil.hossain@example.com', '2017-01-10'),
(730, 'h3', 'Sadia', 'Chowdhury', 'Bartender', 36000.00, '1994-12-20', '+8801812345678', 'sadia.chowdhury@example.com', '2014-12-15'),
(731, 'h3', 'Tasnim', 'Akhtar', 'Housekeeping Supervisor', 53000.00, '1987-08-18', '+8801912345678', 'tasnim.akhtar@example.com', '2015-07-01'),
(732, 'h3', 'Shahidul', 'Ali', 'Chef', 62000.00, '1984-06-20', '+8801812345678', 'shahidul.ali@example.com', '2015-11-10'),
(733, 'h3', 'Sultana', 'Nasreen', 'Receptionist', 44000.00, '1992-03-28', '+8801912345678', 'sultana.nasreen@example.com', '2016-05-25'),
(734, 'h3', 'Tareq', 'Rahman', 'Security Guard', 40000.00, '1988-12-15', '+8801812345678', 'tareq.rahman@example.com', '2016-03-10'),
(735, 'h7', 'Tanvir', 'Khatun', 'Front Desk Clerk', 42000.00, '1991-07-10', '+8801912345678', 'tanvir.khatun@example.com', '2013-06-30'),
(736, 'h7', 'Shamim', 'Islam', 'Housekeeper', 47000.00, '1990-04-28', '+8801812345678', 'shamim.islam@example.com', '2017-09-15'),
(737, 'h7', 'Sakina', 'Akhtar', 'Waitress', 33000.00, '1993-03-15', '+8801912345678', 'sakina.akhtar@example.com', '2013-02-10'),
(738, 'h7', 'Rajib', 'Ahmed', 'Bartender', 36000.00, '1994-12-20', '+8801812345678', 'rajib.ahmed@example.com', '2015-12-15'),
(739, 'h7', 'Safia', 'Haque', 'Concierge', 49000.00, '1990-11-05', '+8801912345678', 'safia.haque@example.com', '2016-02-28'),
(741, 'h7', 'Rahat', 'Islam', 'Security Guard', 40000.00, '1989-06-15', '+8801812345678', 'rahat.islam@example.com', '2015-05-15'),
(742, 'h7', 'Sabina', 'Akhter', 'Front Desk Clerk', 42000.00, '1992-08-30', '+8801912345678', 'sabina.akhter@example.com', '2017-10-10'),
(743, 'h7', 'Sharif', 'Hossain', 'Housekeeping Supervisor', 55000.00, '1986-06-30', '+8801812345678', 'sharif.hossain@example.com', '2016-09-15'),
(744, 'h7', 'Nafisa', 'Khan', 'Waitress', 32000.00, '1993-11-20', '+8801912345678', 'nafisa.khan@example.com', '2017-12-28'),
(745, 'h7', 'Rabeya', 'Akhtar', 'Security Guard', 40000.00, '1991-10-15', '+8801812345678', 'rabeya.akhtar@example.com', '2017-08-20'),
(746, 'h7', 'Raisul', 'Islam', 'Front Desk Clerk', 42000.00, '1992-07-30', '+8801912345678', 'raisul.islam@example.com', '2017-02-05'),
(747, 'h7', 'Salma', 'Kabir', 'Concierge', 48000.00, '1989-05-28', '+8801812345678', 'salma.kabir@example.com', '2017-05-15'),
(748, 'h7', 'Shakil', 'Hossain', 'Waitress', 33000.00, '1994-02-12', '+8801912345678', 'shakil.hossain@example.com', '2017-01-10'),
(749, 'h7', 'Sadia', 'Chowdhury', 'Bartender', 36000.00, '1994-12-20', '+8801812345678', 'sadia.chowdhury@example.com', '2017-12-15'),
(750, 'h7', 'Tasnim', 'Akhtar', 'Housekeeping Supervisor', 53000.00, '1987-08-18', '+8801912345678', 'tasnim.akhtar@example.com', '2016-07-01'),
(751, 'h7', 'Shahidul', 'Ali', 'Chef', 62000.00, '1984-06-20', '+8801812345678', 'shahidul.ali@example.com', '2017-11-10'),
(752, 'h7', 'Sultana', 'Nasreen', 'Receptionist', 44000.00, '1992-03-28', '+8801912345678', 'sultana.nasreen@example.com', '2017-05-25'),
(753, 'h5', 'Tareq', 'Rahman', 'Security Guard', 40000.00, '1988-12-15', '+8801812345678', 'tareq.rahman@example.com', '2017-03-10'),
(754, 'h5', 'Tanvir', 'Khatun', 'Front Desk Clerk', 42000.00, '1991-07-10', '+8801912345678', 'tanvir.khatun@example.com', '2017-06-30'),
(755, 'h5', 'Shamim', 'Islam', 'Housekeeper', 47000.00, '1990-04-28', '+8801812345678', 'shamim.islam@example.com', '2017-09-15'),
(756, 'h5', 'Sakina', 'Akhtar', 'Waitress', 33000.00, '1993-03-15', '+8801912345678', 'sakina.akhtar@example.com', '2017-02-10'),
(757, 'h5', 'Rajib', 'Ahmed', 'Bartender', 36000.00, '1994-12-20', '+8801812345678', 'rajib.ahmed@example.com', '2017-12-15'),
(758, 'h5', 'Safia', 'Haque', 'Concierge', 49000.00, '1990-11-05', '+8801912345678', 'safia.haque@example.com', '2017-02-28'),
(760, 'h5', 'Ayesha', 'Akhtar', 'Front Desk Clerk', 42000.00, '1992-07-30', '+8801912345678', 'ayesha.akhtar@example.com', '2017-02-05'),
(761, 'h5', 'Mehedi', 'Hossain', 'Housekeeping Supervisor', 55000.00, '1986-06-30', '+8801812345678', 'mehedi.hossain@example.com', '2017-09-15'),
(762, 'h5', 'Shakila', 'Khan', 'Waitress', 32000.00, '1993-11-20', '+8801912345678', 'shakila.khan@example.com', '2017-12-28'),
(763, 'h5', 'Farzana', 'Akhter', 'Security Guard', 40000.00, '1991-10-15', '+8801812345678', 'farzana.akhter@example.com', '2017-08-20'),
(764, 'h5', 'Mujahid', 'Islam', 'Front Desk Clerk', 42000.00, '1992-07-30', '+8801912345678', 'mujahid.islam@example.com', '2017-02-05'),
(765, 'h5', 'Fariha', 'Kabir', 'Concierge', 48000.00, '1989-05-28', '+8801812345678', 'fariha.kabir@example.com', '2017-05-15'),
(766, 'h5', 'Shahed', 'Hossain', 'Waitress', 33000.00, '1994-02-12', '+8801912345678', 'shahed.hossain@example.com', '2017-01-10'),
(767, 'h5', 'Sadia', 'Chowdhury', 'Bartender', 36000.00, '1994-12-20', '+8801812345678', 'sadia.chowdhury@example.com', '2017-12-15'),
(768, 'h5', 'Tahira', 'Akhtar', 'Housekeeping Supervisor', 53000.00, '1987-08-18', '+8801912345678', 'tahira.akhtar@example.com', '2017-07-01'),
(769, 'h5', 'Taslima', 'Ali', 'Chef', 62000.00, '1984-06-20', '+8801812345678', 'taslima.ali@example.com', '2017-11-10'),
(770, 'h5', 'Rubina', 'Nasreen', 'Receptionist', 44000.00, '1992-03-28', '+8801912345678', 'rubina.nasreen@example.com', '2017-05-25'),
(771, 'h5', 'Rakib', 'Rahman', 'Security Guard', 40000.00, '1988-12-15', '+8801812345678', 'rakib.rahman@example.com', '2017-03-10'),
(772, 'h5', 'Tahmina', 'Khatun', 'Front Desk Clerk', 42000.00, '1991-07-10', '+8801912345678', 'tahmina.khatun@example.com', '2017-06-30'),
(773, 'h9', 'Shahin', 'Islam', 'Housekeeper', 47000.00, '1990-04-28', '+8801812345678', 'shahin.islam@example.com', '2021-09-15'),
(774, 'h9', 'Sadia', 'Akhtar', 'Waitress', 33000.00, '1993-03-15', '+8801912345678', 'sadia.akhtar@example.com', '2023-02-10'),
(775, 'h9', 'Sabbir', 'Ahmed', 'Bartender', 36000.00, '1994-12-20', '+8801812345678', 'sabbir.ahmed@example.com', '2020-12-15'),
(776, 'h9', 'Sharmin', 'Haque', 'Concierge', 49000.00, '1990-11-05', '+8801912345678', 'sharmin.haque@example.com', '2022-02-28'),
(777, 'h9', 'Tariq', 'Khatun', 'Housekeeping Supervisor', 55000.00, '1986-10-15', '+8801812345678', 'tariq.khatun@example.com', '2021-08-10'),
(778, 'h9', 'Sufia', 'Islam', 'Security Guard', 40000.00, '1989-06-15', '+8801812345678', 'sufia.islam@example.com', '2023-05-15'),
(779, 'h9', 'Shahid', 'Akhtar', 'Front Desk Clerk', 42000.00, '1992-08-30', '+8801912345678', 'shahid.akhtar@example.com', '2022-10-10'),
(780, 'h9', 'Rehana', 'Hossain', 'Housekeeping Supervisor', 55000.00, '1986-06-30', '+8801812345678', 'rehana.hossain@example.com', '2023-09-15'),
(781, 'h9', 'Mashud', 'Khan', 'Waitress', 32000.00, '1993-11-20', '+8801912345678', 'mashud.khan@example.com', '2023-12-28'),
(782, 'h9', 'Salma', 'Akhter', 'Security Guard', 40000.00, '1991-10-15', '+8801812345678', 'salma.akhter@example.com', '2021-08-20'),
(783, 'h9', 'Mamun', 'Islam', 'Front Desk Clerk', 42000.00, '1992-07-30', '+8801912345678', 'mamun.islam@example.com', '2022-02-05'),
(785, 'h9', 'Shahed', 'Hossain', 'Waitress', 33000.00, '1994-02-12', '+8801912345678', 'shahed.hossain@example.com', '2023-01-10'),
(786, 'h9', 'Sadia', 'Chowdhury', 'Bartender', 36000.00, '1994-12-20', '+8801812345678', 'sadia.chowdhury@example.com', '2020-12-15'),
(787, 'h9', 'Tahira', 'Akhtar', 'Housekeeping Supervisor', 53000.00, '1987-08-18', '+8801912345678', 'tahira.akhtar@example.com', '2021-07-01'),
(788, 'h10', 'Taslima', 'Ali', 'Chef', 62000.00, '1984-06-20', '+8801812345678', 'taslima.ali@example.com', '2021-11-10'),
(789, 'h10', 'Rubina', 'Nasreen', 'Receptionist', 44000.00, '1992-03-28', '+8801912345678', 'rubina.nasreen@example.com', '2022-05-25'),
(790, 'h10', 'Rakib', 'Rahman', 'Security Guard', 40000.00, '1988-12-15', '+8801812345678', 'rakib.rahman@example.com', '2022-03-10'),
(791, 'h10', 'Tahmina', 'Khatun', 'Front Desk Clerk', 42000.00, '1991-07-10', '+8801912345678', 'tahmina.khatun@example.com', '2017-06-30'),
(792, 'h10', 'Shahin', 'Islam', 'Housekeeper', 47000.00, '1990-04-28', '+8801812345678', 'shahin.islam@example.com', '2017-09-15'),
(793, 'h10', 'Sadia', 'Akhtar', 'Waitress', 33000.00, '1993-03-15', '+8801912345678', 'sadia.akhtar@example.com', '2017-02-10'),
(794, 'h10', 'Sabbir', 'Ahmed', 'Bartender', 36000.00, '1994-12-20', '+8801812345678', 'sabbir.ahmed@example.com', '2016-12-15'),
(795, 'h10', 'Sharmin', 'Haque', 'Concierge', 49000.00, '1990-11-05', '+8801912345678', 'sharmin.haque@example.com', '2017-02-28'),
(796, 'h10', 'Tariq', 'Khatun', 'Housekeeping Supervisor', 55000.00, '1986-10-15', '+8801812345678', 'tariq.khatun@example.com', '2017-08-10'),
(797, 'h10', 'Sufia', 'Islam', 'Security Guard', 40000.00, '1989-06-15', '+8801812345678', 'sufia.islam@example.com', '2017-05-15'),
(798, 'h10', 'Shahid', 'Akhtar', 'Front Desk Clerk', 42000.00, '1992-08-30', '+8801912345678', 'shahid.akhtar@example.com', '2017-10-10'),
(799, 'h10', 'Rehana', 'Hossain', 'Housekeeping Supervisor', 55000.00, '1986-06-30', '+8801812345678', 'rehana.hossain@example.com', '2017-09-15'),
(800, 'h8', 'Mashud', 'Khan', 'Waitress', 32000.00, '1993-11-20', '+8801912345678', 'mashud.khan@example.com', '2017-12-28'),
(801, 'h8', 'Salma', 'Akhter', 'Security Guard', 40000.00, '1991-10-15', '+8801812345678', 'salma.akhter@example.com', '2017-08-20'),
(802, 'h8', 'Mamun', 'Islam', 'Front Desk Clerk', 42000.00, '1992-07-30', '+8801912345678', 'mamun.islam@example.com', '2017-02-05'),
(803, 'h8', 'Farzana', 'Kabir', 'Concierge', 48000.00, '1989-05-28', '+8801812345678', 'farzana.kabir@example.com', '2017-05-15'),
(804, 'h8', 'Sharif', 'Nasreen', 'Receptionist', 44000.00, '1992-03-28', '+8801912345678', 'sharif.nasreen@example.com', '2017-08-25'),
(805, 'h8', 'Sakib', 'Rahman', 'Security Guard', 40000.00, '1988-12-15', '+8801812345678', 'sakib.rahman@example.com', '2017-07-10'),
(806, 'h4', 'Nazia', 'Khatun', 'Front Desk Clerk', 42000.00, '1991-07-10', '+8801912345678', 'nazia.khatun@example.com', '2017-10-30'),
(807, 'h4', 'Shahed', 'Islam', 'Housekeeping Supervisor', 53000.00, '1987-08-18', '+8801912345678', 'shahed.islam@example.com', '2017-09-01'),
(808, 'h4', 'Tahira', 'Akhtar', 'Waitress', 33000.00, '1994-02-12', '+8801912345678', 'tahira.akhtar@example.com', '2017-06-10'),
(809, 'h4', 'Taslima', 'Ali', 'Bartender', 36000.00, '1994-12-20', '+8801812345678', 'taslima.ali@example.com', '2017-12-01'),
(810, 'h4', 'Arjun', 'Raj', 'Front Desk Clerk', 42000.00, '1992-07-30', '+918012345678', 'arjun.raj@example.com', '2017-02-05'),
(811, 'h4', 'Ananya', 'Sundaram', 'Housekeeping Supervisor', 55000.00, '1986-06-30', '+918012345678', 'ananya.sundaram@example.com', '2017-09-15'),
(812, 'h4', 'Bhuvaneshwari', 'Venkatesan', 'Waitress', 32000.00, '1993-11-20', '+918012345678', 'bhuvaneshwari.venkatesan@example.com', '2017-12-28'),
(813, 'h4', 'Chitra', 'Krishnan', 'Security Guard', 40000.00, '1991-10-15', '+918012345678', 'chitra.krishnan@example.com', '2017-08-20'),
(814, 'h4', 'Devi', 'Sekar', 'Front Desk Clerk', 42000.00, '1992-07-30', '+918012345678', 'devi.sekar@example.com', '2017-02-05'),
(815, 'h4', 'Elango', 'Narayanan', 'Concierge', 48000.00, '1989-05-28', '+918012345678', 'elango.narayanan@example.com', '2017-05-15'),
(816, 'h4', 'Gowri', 'Rajagopal', 'Waitress', 33000.00, '1994-02-12', '+918012345678', 'gowri.rajagopal@example.com', '2017-01-10'),
(817, 'h4', 'Hari', 'Balakrishnan', 'Bartender', 36000.00, '1994-12-20', '+918012345678', 'hari.balakrishnan@example.com', '2017-12-15'),
(818, 'h4', 'Indira', 'Kumar', 'Housekeeping Supervisor', 53000.00, '1987-08-18', '+918012345678', 'indira.kumar@example.com', '2017-07-01'),
(819, 'h4', 'Jaya', 'Subramanian', 'Chef', 62000.00, '1984-06-20', '+918012345678', 'jaya.subramanian@example.com', '2017-11-10'),
(820, 'h4', 'Karthik', 'Ganesan', 'Receptionist', 44000.00, '1992-03-28', '+918012345678', 'karthik.ganesan@example.com', '2017-05-25'),
(821, 'h4', 'Latha', 'Raman', 'Security Guard', 40000.00, '1988-12-15', '+918012345678', 'latha.raman@example.com', '2017-03-10'),
(822, 'h4', 'Mohan', 'Sundar', 'Front Desk Clerk', 42000.00, '1991-07-10', '+918012345678', 'mohan.sundar@example.com', '2017-06-30'),
(823, 'h4', 'Nalini', 'Venkataraman', 'Housekeeper', 47000.00, '1990-04-28', '+918012345678', 'nalini.venkataraman@example.com', '2017-09-15'),
(824, 'h4', 'Oviya', 'Kannan', 'Waitress', 33000.00, '1993-03-15', '+918012345678', 'oviya.kannan@example.com', '2017-02-10'),
(825, 'h5', 'Prakash', 'Muthu', 'Bartender', 36000.00, '1994-12-20', '+918012345678', 'prakash.muthu@example.com', '2017-12-15'),
(826, 'h5', 'Radha', 'Iyer', 'Concierge', 49000.00, '1990-11-05', '+918012345678', 'radha.iyer@example.com', '2017-02-28'),
(827, 'h5', 'Saravanan', 'Krishnamoorthy', 'Housekeeping Supervisor', 55000.00, '1986-10-15', '+918012345678', 'saravanan.krishnamoorthy@example.com', '2017-08-10'),
(828, 'h5', 'Thulasi', 'Rajesh', 'Security Guard', 40000.00, '1989-06-15', '+918012345678', 'thulasi.rajesh@example.com', '2017-05-15'),
(829, 'h5', 'Uma', 'Srinivasan', 'Front Desk Clerk', 42000.00, '1992-08-30', '+918012345678', 'uma.srinivasan@example.com', '2017-10-10'),
(830, 'h5', 'Vignesh', 'Balaji', 'Housekeeping Supervisor', 55000.00, '1986-06-30', '+918012345678', 'vignesh.balaji@example.com', '2017-09-15'),
(831, 'h5', 'Yamuna', 'Chandrasekhar', 'Waitress', 32000.00, '1993-11-20', '+918012345678', 'yamuna.chandrasekhar@example.com', '2017-12-28'),
(832, 'h5', 'Zubin', 'Kumar', 'Security Guard', 40000.00, '1991-10-15', '+918012345678', 'zubin.kumar@example.com', '2017-08-20'),
(833, 'h5', 'Aruna', 'Iyengar', 'Front Desk Clerk', 42000.00, '1992-07-30', '+918012345678', 'aruna.iyengar@example.com', '2017-02-05'),
(835, 'h5', 'Priya', 'Ramachandran', 'Waitress', 33000.00, '1994-02-12', '+918012345678', 'priya.ramachandran@example.com', '2017-01-10'),
(836, 'h5', 'Kumar', 'Sivakumar', 'Bartender', 36000.00, '1994-12-20', '+918012345678', 'kumar.sivakumar@example.com', '2017-12-15'),
(837, 'h5', 'Lakshmi', 'Venkatesh', 'Housekeeping Supervisor', 53000.00, '1987-08-18', '+918012345678', 'lakshmi.venkatesh@example.com', '2017-07-01'),
(838, 'h5', 'Rajeshwari', 'Murugan', 'Chef', 62000.00, '1984-06-20', '+918012345678', 'rajeshwari.murugan@example.com', '2017-11-10'),
(839, 'h5', 'Sathya', 'Ranganathan', 'Receptionist', 44000.00, '1992-03-28', '+918012345678', 'sathya.ranganathan@example.com', '2017-05-25'),
(840, 'h5', 'Sundari', 'Anandan', 'Security Guard', 40000.00, '1988-12-15', '+918012345678', 'sundari.anandan@example.com', '2017-03-10'),
(841, 'h5', 'Vasanthi', 'Krishnan', 'Front Desk Clerk', 42000.00, '1991-07-10', '+918012345678', 'vasanthi.krishnan@example.com', '2017-06-30'),
(842, 'h5', 'Vijay', 'Srinivasan', 'Housekeeper', 47000.00, '1990-04-28', '+918012345678', 'vijay.srinivasan@example.com', '2017-09-15'),
(843, 'h5', 'Geetha', 'Rajendran', 'Waitress', 33000.00, '1993-03-15', '+918012345678', 'geetha.rajendran@example.com', '2017-02-10'),
(844, 'h5', 'Ramesh', 'Venkatachalam', 'Bartender', 36000.00, '1994-12-20', '+918012345678', 'ramesh.venkatachalam@example.com', '2017-12-15'),
(845, 'h5', 'Deepika', 'Muralidharan', 'Concierge', 49000.00, '1990-11-05', '+918012345678', 'deepika.muralidharan@example.com', '2017-02-28'),
(846, 'h5', 'Rajasekhar', 'Govindarajan', 'Housekeeping Supervisor', 55000.00, '1986-10-15', '+918012345678', 'rajasekhar.govindarajan@example.com', '2017-08-10'),
(847, 'h5', 'Meenakshi', 'Shanmugam', 'Security Guard', 40000.00, '1989-06-15', '+918012345678', 'meenakshi.shanmugam@example.com', '2017-05-15'),
(848, 'h5', 'Saranya', 'Venkateswaran', 'Front Desk Clerk', 42000.00, '1992-08-30', '+918012345678', 'saranya.venkateswaran@example.com', '2017-10-10'),
(849, 'h5', 'Rajiv', 'Natarajan', 'Housekeeping Supervisor', 55000.00, '1986-06-30', '+918012345678', 'rajiv.natarajan@example.com', '2017-09-15'),
(850, 'h5', 'Priyanka', 'Ravichandran', 'Waitress', 32000.00, '1993-11-20', '+918012345678', 'priyanka.ravichandran@example.com', '2017-12-28'),
(852, 'h5', 'Vidhya', 'Subramanian', 'Front Desk Clerk', 42000.00, '1992-07-30', '+918012345678', 'vidhya.subramanian@example.com', '2017-02-05'),
(853, 'h6', 'Balaji', 'Narayanan', 'Housekeeping Supervisor', 55000.00, '1986-06-30', '+918012345678', 'balaji.narayanan@example.com', '2017-09-15'),
(854, 'h6', 'Dinesh', 'Rajagopal', 'Waitress', 32000.00, '1993-11-20', '+918012345678', 'dinesh.rajagopal@example.com', '2017-12-28'),
(855, 'h6', 'Eswari', 'Venkataraman', 'Security Guard', 40000.00, '1991-10-15', '+918012345678', 'eswari.venkataraman@example.com', '2017-08-20'),
(856, 'h6', 'Ganesan', 'Krishnan', 'Front Desk Clerk', 42000.00, '1992-07-30', '+918012345678', 'ganesan.krishnan@example.com', '2017-02-05'),
(857, 'h6', 'Harini', 'Ramanathan', 'Concierge', 48000.00, '1989-05-28', '+918012345678', 'harini.ramanathan@example.com', '2017-05-15'),
(858, 'h6', 'Iyer', 'Sankaran', 'Waitress', 33000.00, '1994-02-12', '+918012345678', 'iyer.sankaran@example.com', '2017-01-10'),
(859, 'h6', 'Jayaram', 'Balasubramanian', 'Bartender', 36000.00, '1994-12-20', '+918012345678', 'jayaram.balasubramanian@example.com', '2017-12-15'),
(860, 'h6', 'Kalyani', 'Rajendran', 'Housekeeping Supervisor', 53000.00, '1987-08-18', '+918012345678', 'kalyani.rajendran@example.com', '2017-07-01'),
(861, 'h6', 'Lakshman', 'Srinivasan', 'Chef', 62000.00, '1984-06-20', '+918012345678', 'lakshman.srinivasan@example.com', '2017-11-10'),
(862, 'h6', 'Malini', 'Venkatesh', 'Receptionist', 44000.00, '1992-03-28', '+918012345678', 'malini.venkatesh@example.com', '2017-05-25'),
(863, 'h6', 'Natarajan', 'Sundaram', 'Security Guard', 40000.00, '1988-12-15', '+918012345678', 'natarajan.sundaram@example.com', '2017-03-10'),
(864, 'h6', 'Omkar', 'Rajagopalan', 'Front Desk Clerk', 42000.00, '1991-07-10', '+918012345678', 'omkar.rajagopalan@example.com', '2017-06-30'),
(865, 'h6', 'Priyanka', 'Venkataramani', 'Housekeeper', 47000.00, '1990-04-28', '+918012345678', 'priyanka.venkataramani@example.com', '2017-09-15'),
(866, 'h2', 'Rajesh', 'Ranganathan', 'Waitress', 33000.00, '1993-03-15', '+918012345678', 'rajesh.ranganathan@example.com', '2017-02-10'),
(867, 'h2', 'Saranya', 'Rajagopal', 'Bartender', 36000.00, '1994-12-20', '+918012345678', 'saranya.rajagopal@example.com', '2017-12-15'),
(868, 'h2', 'Thirumal', 'Venkatesan', 'Concierge', 49000.00, '1990-11-05', '+918012345678', 'thirumal.venkatesan@example.com', '2017-02-28'),
(870, 'h2', 'Vishnu', 'Balakrishnan', 'Front Desk Clerk', 42000.00, '1992-07-30', '+918012345678', 'vishnu.balakrishnan@example.com', '2017-02-05'),
(871, 'h2', 'Yashoda', 'Chandrasekaran', 'Housekeeping Supervisor', 55000.00, '1986-06-30', '+918012345678', 'yashoda.chandrasekaran@example.com', '2017-09-15'),
(872, 'h2', 'Zubin', 'Devarajan', 'Waitress', 32000.00, '1993-11-20', '+918012345678', 'zubin.devarajan@example.com', '2017-12-28'),
(873, 'h2', 'Abirami', 'Ganesh', 'Security Guard', 40000.00, '1991-10-15', '+918012345678', 'abirami.ganesh@example.com', '2017-08-20'),
(874, 'h2', 'Anand', 'Hariharan', 'Front Desk Clerk', 42000.00, '1992-07-30', '+918012345678', 'anand.hariharan@example.com', '2017-02-05'),
(875, 'h2', 'Arundhati', 'Iyer', 'Concierge', 48000.00, '1989-05-28', '+918012345678', 'arundhati.iyer@example.com', '2017-05-15'),
(876, 'h2', 'Bala', 'Jayaraman', 'Waitress', 33000.00, '1994-02-12', '+918012345678', 'bala.jayaraman@example.com', '2017-01-10'),
(877, 'h2', 'Chitra', 'Kumar', 'Bartender', 36000.00, '1994-12-20', '+918012345678', 'chitra.kumar@example.com', '2017-12-15'),
(878, 'h2', 'Deepak', 'Loganathan', 'Housekeeping Supervisor', 53000.00, '1987-08-18', '+918012345678', 'deepak.loganathan@example.com', '2017-07-01'),
(879, 'h2', 'Divya', 'Mahadevan', 'Chef', 62000.00, '1984-06-20', '+918012345678', 'divya.mahadevan@example.com', '2017-11-10'),
(880, 'h2', 'Gautham', 'Narayanan', 'Receptionist', 44000.00, '1992-03-28', '+918012345678', 'gautham.narayanan@example.com', '2017-05-25'),
(881, 'h2', 'Harish', 'Padmanabhan', 'Security Guard', 40000.00, '1988-12-15', '+918012345678', 'harish.padmanabhan@example.com', '2017-03-10'),
(882, 'h2', 'Ishwari', 'Rajagopalan', 'Front Desk Clerk', 42000.00, '1991-07-10', '+918012345678', 'ishwari.rajagopalan@example.com', '2017-06-30'),
(883, 'h2', 'Janani', 'Saravanan', 'Housekeeper', 47000.00, '1990-04-28', '+918012345678', 'janani.saravanan@example.com', '2017-09-15'),
(884, 'h2', 'Karthika', 'Sekar', 'Waitress', 33000.00, '1993-03-15', '+918012345678', 'karthika.sekar@example.com', '2017-02-10'),
(885, 'h2', 'Lakshmanan', 'Thirumalai', 'Bartender', 36000.00, '1994-12-20', '+918012345678', 'lakshmanan.thirumalai@example.com', '2017-12-15'),
(886, 'h10', 'Madhavi', 'Udayarajan', 'Concierge', 49000.00, '1990-11-05', '+918012345678', 'madhavi.udayarajan@example.com', '2017-02-28'),
(888, 'h10', 'Amira', 'Ali', 'Housekeeping Supervisor', 55000.00, '1986-10-15', '+971501234567', 'amira.ali@example.com', '2017-08-01'),
(889, 'h10', 'Jamal', 'Fahd', 'Chef', 62000.00, '1984-06-20', '+971521234567', 'jamal.fahd@example.com', '2017-11-10'),
(890, 'h10', 'Layla', 'Hamdi', 'Receptionist', 44000.00, '1992-03-28', '+971551234567', 'layla.hamdi@example.com', '2017-05-25'),
(891, 'h10', 'Nour', 'Ibrahim', 'Security Guard', 40000.00, '1988-12-15', '+971561234567', 'nour.ibrahim@example.com', '2017-03-10'),
(892, 'h10', 'Sana', 'Jabir', 'Front Desk Clerk', 42000.00, '1991-07-10', '+971571234567', 'sana.jabir@example.com', '2017-06-30'),
(893, 'h10', 'Tariq', 'Khalid', 'Housekeeper', 47000.00, '1990-04-28', '+971581234567', 'tariq.khalid@example.com', '2017-09-15'),
(894, 'h10', 'Yara', 'Lutfi', 'Waitress', 33000.00, '1993-03-15', '+971591234567', 'yara.lutfi@example.com', '2017-02-10'),
(895, 'h10', 'Zainab', 'Mahmoud', 'Bartender', 36000.00, '1994-12-20', '+971601234567', 'zainab.mahmoud@example.com', '2017-12-15'),
(896, 'h10', 'Ahmed', 'Nasser', 'Concierge', 49000.00, '1990-11-05', '+971611234567', 'ahmed.nasser@example.com', '2017-02-28'),
(897, 'h10', 'Fatima', 'Omar', 'Housekeeping Supervisor', 53000.00, '1987-08-18', '+971621234567', 'fatima.omar@example.com', '2017-07-01'),
(898, 'h10', 'Hassan', 'Qasim', 'Security Guard', 40000.00, '1989-06-15', '+971631234567', 'hassan.qasim@example.com', '2017-05-15'),
(899, 'h10', 'Laila', 'Rashid', 'Front Desk Clerk', 42000.00, '1992-08-30', '+971641234567', 'laila.rashid@example.com', '2017-10-10'),
(900, 'h10', 'Malik', 'Saeed', 'Receptionist', 44000.00, '1992-03-28', '+971651234567', 'malik.saeed@example.com', '2017-05-25'),
(901, 'h10', 'Nadia', 'Taha', 'Security Guard', 40000.00, '1988-12-15', '+971661234567', 'nadia.taha@example.com', '2017-03-10'),
(902, 'h10', 'Omar', 'Umar', 'Front Desk Clerk', 42000.00, '1991-07-10', '+971671234567', 'omar.umar@example.com', '2017-06-30'),
(903, 'h9', 'Rania', 'Yassin', 'Housekeeper', 47000.00, '1990-04-28', '+971681234567', 'rania.yassin@example.com', '2017-09-15'),
(904, 'h9', 'Sami', 'Zaid', 'Waitress', 33000.00, '1993-03-15', '+971691234567', 'sami.zaid@example.com', '2017-02-10'),
(905, 'h9', 'Taher', 'Abdullah', 'Bartender', 36000.00, '1994-12-20', '+971701234567', 'taher.abdullah@example.com', '2017-12-15'),
(906, 'h9', 'Yousef', 'Bashir', 'Concierge', 49000.00, '1990-11-05', '+971711234567', 'yousef.bashir@example.com', '2017-02-28'),
(907, 'h9', 'Zahra', 'Dawood', 'Housekeeping Supervisor', 53000.00, '1987-08-18', '+971721234567', 'zahra.dawood@example.com', '2017-07-01'),
(908, 'h9', 'Adnan', 'Eid', 'Housekeeping Supervisor', 55000.00, '1986-10-15', '+971731234567', 'adnan.eid@example.com', '2017-08-01'),
(909, 'h9', 'Amal', 'Fadel', 'Chef', 62000.00, '1984-06-20', '+971741234567', 'amal.fadel@example.com', '2017-11-10'),
(910, 'h9', 'Fadi', 'Ghazi', 'Receptionist', 44000.00, '1992-03-28', '+971751234567', 'fadi.ghazi@example.com', '2017-05-25'),
(911, 'h7', 'Farah', 'Hakim', 'Security Guard', 40000.00, '1988-12-15', '+971761234567', 'farah.hakim@example.com', '2017-03-10'),
(912, 'h7', 'Ghassan', 'Ismail', 'Front Desk Clerk', 42000.00, '1991-07-10', '+971771234567', 'ghassan.ismail@example.com', '2017-06-30'),
(913, 'h7', 'Hadi', 'Jaber', 'Housekeeper', 47000.00, '1990-04-28', '+971781234567', 'hadi.jaber@example.com', '2017-09-15'),
(914, 'h7', 'Hana', 'Karam', 'Waitress', 33000.00, '1993-03-15', '+971791234567', 'hana.karam@example.com', '2017-02-10'),
(915, 'h7', 'Iman', 'Lama', 'Bartender', 36000.00, '1994-12-20', '+971801234567', 'iman.lama@example.com', '2017-12-15'),
(916, 'h7', 'Jamil', 'Mansour', 'Concierge', 49000.00, '1990-11-05', '+971811234567', 'jamil.mansour@example.com', '2017-02-28'),
(917, 'h7', 'Khaled', 'Najjar', 'Housekeeping Supervisor', 53000.00, '1987-08-18', '+971821234567', 'khaled.najjar@example.com', '2017-07-01'),
(918, 'h7', 'Layla', 'Omar', 'Security Guard', 40000.00, '1989-06-15', '+971831234567', 'layla.omar@example.com', '2017-05-15'),
(919, 'h7', 'Maher', 'Qasim', 'Front Desk Clerk', 42000.00, '1992-08-30', '+971841234567', 'maher.qasim@example.com', '2017-10-10'),
(920, 'h8', 'Majid', 'Rahal', 'Receptionist', 44000.00, '1992-03-28', '+971851234567', 'majid.rahal@example.com', '2017-05-25'),
(921, 'h8', 'Nadim', 'Sabbagh', 'Security Guard', 40000.00, '1988-12-15', '+971861234567', 'nadim.sabbagh@example.com', '2017-03-10'),
(922, 'h8', 'Nasser', 'Tawfiq', 'Front Desk Clerk', 42000.00, '1991-07-10', '+971871234567', 'nasser.tawfiq@example.com', '2017-06-30'),
(923, 'h8', 'Omar', 'Uthman', 'Housekeeper', 47000.00, '1990-04-28', '+971881234567', 'omar.uthman@example.com', '2017-09-15'),
(924, 'h8', 'Rashid', 'Wahba', 'Waitress', 33000.00, '1993-03-15', '+971891234567', 'rashid.wahba@example.com', '2017-02-10'),
(925, 'h8', 'Said', 'Yassin', 'Bartender', 36000.00, '1994-12-20', '+971901234567', 'said.yassin@example.com', '2017-12-15'),
(926, 'h8', 'Salma', 'Zaidan', 'Concierge', 49000.00, '1990-11-05', '+971911234567', 'salma.zaidan@example.com', '2017-02-28'),
(927, 'h3', 'Samir', 'Abdel', 'Housekeeping Supervisor', 53000.00, '1987-08-18', '+971921234567', 'samir.abdel@example.com', '2017-07-01'),
(928, 'h3', 'Abdullah', 'Ahmed', 'Housekeeping Supervisor', 55000.00, '1986-10-15', '+971931234567', 'abdullah.ahmed@example.com', '2017-08-01'),
(929, 'h3', 'Aisha', 'Ali', 'Chef', 62000.00, '1984-06-20', '+971941234567', 'aisha.ali@example.com', '2017-11-10'),
(930, 'h3', 'Aliyah', 'Amin', 'Receptionist', 44000.00, '1992-03-28', '+971951234567', 'aliyah.amin@example.com', '2017-05-25'),
(931, 'h3', 'Amir', 'Atiyeh', 'Security Guard', 40000.00, '1988-12-15', '+971961234567', 'amir.atiyeh@example.com', '2017-03-10'),
(932, 'h3', 'Ayman', 'Aziz', 'Front Desk Clerk', 42000.00, '1991-07-10', '+971971234567', 'ayman.aziz@example.com', '2017-06-30'),
(933, 'h3', 'Bilal', 'Bakr', 'Housekeeper', 47000.00, '1990-04-28', '+971981234567', 'bilal.bakr@example.com', '2017-09-15'),
(934, 'h3', 'Dalia', 'Dawood', 'Waitress', 33000.00, '1993-03-15', '+971991234567', 'dalia.dawood@example.com', '2017-02-10'),
(935, 'h3', 'Essam', 'Fahmy', 'Bartender', 36000.00, '1994-12-20', '+9711001234567', 'essam.fahmy@example.com', '2017-12-15'),
(936, 'h3', 'Faten', 'Gaber', 'Concierge', 49000.00, '1990-11-05', '+9711011234567', 'faten.gaber@example.com', '2017-02-28'),
(937, 'h3', 'Fouad', 'Ghanem', 'Housekeeping Supervisor', 53000.00, '1987-08-18', '+9711021234567', 'fouad.ghanem@example.com', '2017-07-01'),
(938, 'h3', 'Ghada', 'Habib', 'Security Guard', 40000.00, '1989-06-15', '+9711031234567', 'ghada.habib@example.com', '2017-05-15'),
(939, 'h3', 'Hadiyah', 'Hakimi', 'Front Desk Clerk', 42000.00, '1992-08-30', '+9711041234567', 'hadiyah.hakimi@example.com', '2017-10-10'),
(940, 'h1', 'Hassan', 'Hamdi', 'Receptionist', 44000.00, '1992-03-28', '+9711051234567', 'hassan.hamdi@example.com', '2017-05-25'),
(941, 'h1', 'Hiba', 'Hammoud', 'Security Guard', 40000.00, '1988-12-15', '+9711061234567', 'hiba.hammoud@example.com', '2017-03-10'),
(942, 'h1', 'Hisham', 'Hanania', 'Front Desk Clerk', 42000.00, '1991-07-10', '+9711071234567', 'hisham.hanania@example.com', '2017-06-30'),
(943, 'h1', 'Ibrahim', 'Hani', 'Housekeeper', 47000.00, '1990-04-28', '+9711081234567', 'ibrahim.hani@example.com', '2017-09-15'),
(944, 'h1', 'Iman', 'Harb', 'Waitress', 33000.00, '1993-03-15', '+9711091234567', 'iman.harb@example.com', '2017-02-10'),
(945, 'h1', 'Jalal', 'Hassan', 'Bartender', 36000.00, '1994-12-20', '+9711101234567', 'jalal.hassan@example.com', '2016-12-15'),
(946, 'h1', 'Jawad', 'Hatem', 'Concierge', 49000.00, '1990-11-05', '+9711111234567', 'jawad.hatem@example.com', '2014-02-28'),
(947, 'h1', 'Kareem', 'Hawas', 'Housekeeping Supervisor', 53000.00, '1987-08-18', '+9711121234567', 'kareem.hawas@example.com', '2015-07-01'),
(948, 'h1', 'Alexander', 'Bauer', 'Housekeeping Supervisor', 55000.00, '1986-10-15', '+4915112345678', 'alexander.bauer@example.com', '2014-08-01'),
(949, 'h1', 'Benjamin', 'Beck', 'Chef', 62000.00, '1984-06-20', '+4915212345678', 'benjamin.beck@example.com', '2013-11-10'),
(950, 'h1', 'Carina', 'Berger', 'Receptionist', 44000.00, '1992-03-28', '+4915312345678', 'carina.berger@example.com', '2017-05-25'),
(951, 'h1', 'Daniel', 'Brandt', 'Security Guard', 40000.00, '1988-12-15', '+4915412345678', 'daniel.brandt@example.com', '2017-03-10'),
(952, 'h1', 'Elisabeth', 'Braun', 'Front Desk Clerk', 42000.00, '1991-07-10', '+4915512345678', 'elisabeth.braun@example.com', '2016-06-30'),
(953, 'h1', 'Felix', 'Fischer', 'Housekeeper', 47000.00, '1990-04-28', '+4915612345678', 'felix.fischer@example.com', '2015-09-15'),
(954, 'h1', 'Gabriel', 'Graf', 'Waitress', 33000.00, '1993-03-15', '+4915712345678', 'gabriel.graf@example.com', '2016-02-10'),
(955, 'h1', 'Hannah', 'Hoffmann', 'Bartender', 36000.00, '1994-12-20', '+4915812345678', 'hannah.hoffmann@example.com', '2014-12-15'),
(956, 'h1', 'Isabel', 'Jger', 'Concierge', 49000.00, '1990-11-05', '+4915912345678', 'isabel.jaeger@example.com', '2017-02-28'),
(957, 'h1', 'Jan', 'Keller', 'Housekeeping Supervisor', 53000.00, '1987-08-18', '+4916012345678', 'jan.keller@example.com', '2017-07-01'),
(958, 'h1', 'Klaus', 'Koch', 'Security Guard', 40000.00, '1989-06-15', '+4916112345678', 'klaus.koch@example.com', '2017-05-15'),
(959, 'h2', 'Laura', 'Lange', 'Front Desk Clerk', 42000.00, '1992-08-30', '+4916212345678', 'laura.lange@example.com', '2017-10-10'),
(960, 'h2', 'Marc', 'Mayer', 'Receptionist', 44000.00, '1992-03-28', '+4916312345678', 'marc.mayer@example.com', '2017-05-25'),
(961, 'h2', 'Nina', 'Neumann', 'Security Guard', 40000.00, '1988-12-15', '+4916412345678', 'nina.neumann@example.com', '2017-03-10'),
(962, 'h2', 'Oliver', 'Otto', 'Front Desk Clerk', 42000.00, '1991-07-10', '+4916512345678', 'oliver.otto@example.com', '2017-06-30'),
(963, 'h2', 'Paul', 'Peters', 'Housekeeper', 47000.00, '1990-04-28', '+4916612345678', 'paul.peters@example.com', '2017-09-15'),
(964, 'h2', 'Quentin', 'Quast', 'Waitress', 33000.00, '1993-03-15', '+4916712345678', 'quentin.quast@example.com', '2017-02-10'),
(965, 'h2', 'Rosa', 'Reuter', 'Bartender', 36000.00, '1994-12-20', '+4916812345678', 'rosa.reuter@example.com', '2016-12-15'),
(966, 'h2', 'Simon', 'Schmidt', 'Concierge', 49000.00, '1990-11-05', '+4916912345678', 'simon.schmidt@example.com', '2017-02-28'),
(967, 'h2', 'Tobias', 'Thiel', 'Housekeeping Supervisor', 53000.00, '1987-08-18', '+4917012345678', 'tobias.thiel@example.com', '2017-07-01'),
(968, 'h2', 'Ulrich', 'Vogt', 'Housekeeping Supervisor', 55000.00, '1986-10-15', '+4917112345678', 'ulrich.vogt@example.com', '2017-08-01'),
(969, 'h2', 'Valentin', 'Wagner', 'Chef', 62000.00, '1984-06-20', '+4917212345678', 'valentin.wagner@example.com', '2017-11-10'),
(970, 'h10', 'Wolfgang', 'Weber', 'Receptionist', 44000.00, '1992-03-28', '+4917312345678', 'wolfgang.weber@example.com', '2013-05-25'),
(971, 'h10', 'Xaver', 'Xander', 'Security Guard', 40000.00, '1988-12-15', '+4917412345678', 'xaver.xander@example.com', '2017-03-10'),
(972, 'h10', 'Yvonne', 'Yilmaz', 'Front Desk Clerk', 42000.00, '1991-07-10', '+4917512345678', 'yvonne.yilmaz@example.com', '2015-06-30'),
(973, 'h10', 'Zacharias', 'Ziegler', 'Housekeeper', 47000.00, '1990-04-28', '+4917612345678', 'zacharias.ziegler@example.com', '2014-09-15'),
(974, 'h10', 'Anja', 'Abel', 'Waitress', 33000.00, '1993-03-15', '+4917712345678', 'anja.abel@example.com', '2016-02-10'),
(975, 'h10', 'Bastian', 'Becker', 'Bartender', 36000.00, '1994-12-20', '+4917812345678', 'bastian.becker@example.com', '2013-12-15'),
(976, 'h10', 'Caroline', 'Clemens', 'Concierge', 49000.00, '1990-11-05', '+4917912345678', 'caroline.clemens@example.com', '2017-02-28'),
(977, 'h6', 'David', 'Dietrich', 'Housekeeping Supervisor', 53000.00, '1987-08-18', '+4918012345678', 'david.dietrich@example.com', '2013-07-01'),
(978, 'h6', 'Emilia', 'Egger', 'Security Guard', 40000.00, '1989-06-15', '+4918112345678', 'emilia.egger@example.com', '2015-05-15'),
(979, 'h6', 'Friedrich', 'Fuchs', 'Front Desk Clerk', 42000.00, '1992-08-30', '+4918212345678', 'friedrich.fuchs@example.com', '2014-10-10'),
(980, 'h6', 'Greta', 'Gruber', 'Receptionist', 44000.00, '1992-03-28', '+4918312345678', 'greta.gruber@example.com', '2016-05-25'),
(981, 'h6', 'Hans', 'Hermann', 'Security Guard', 40000.00, '1988-12-15', '+4918412345678', 'hans.hermann@example.com', '2017-03-10'),
(982, 'h6', 'Ingrid', 'Jung', 'Front Desk Clerk', 42000.00, '1991-07-10', '+4918512345678', 'ingrid.jung@example.com', '2015-06-30'),
(983, 'h6', 'Karl', 'Knig', 'Housekeeper', 47000.00, '1990-04-28', '+4918612345678', 'karl.koenig@example.com', '2013-09-15'),
(984, 'h6', 'Lena', 'Lehmann', 'Waitress', 33000.00, '1993-03-15', '+4918712345678', 'lena.lehmann@example.com', '2016-02-10'),
(985, 'h6', 'Moritz', 'Mller', 'Bartender', 36000.00, '1994-12-20', '+4918812345678', 'moritz.mueller@example.com', '2017-12-15'),
(986, 'h6', 'Nina', 'Neumann', 'Concierge', 49000.00, '1990-11-05', '+4918912345678', 'nina.neumann@example.com', '2014-02-28'),
(987, 'h6', 'Oskar', 'Ott', 'Housekeeping Supervisor', 53000.00, '1987-08-18', '+4919012345678', 'oskar.ott@example.com', '2013-07-01'),
(988, 'h6', 'Paula', 'Pohl', 'Housekeeping Supervisor', 55000.00, '1986-10-15', '+4919112345678', 'paula.pohl@example.com', '2013-08-01'),
(989, 'h6', 'Quentin', 'Quade', 'Chef', 62000.00, '1984-06-20', '+4919212345678', 'quentin.quade@example.com', '2013-11-10'),
(990, 'h6', 'Raphael', 'Reich', 'Receptionist', 44000.00, '1992-03-28', '+4919312345678', 'raphael.reich@example.com', '2016-05-25'),
(991, 'h6', 'Sandra', 'Schfer', 'Security Guard', 40000.00, '1988-12-15', '+4919412345678', 'sandra.schaefer@example.com', '2017-03-10'),
(992, 'h6', 'Thomas', 'Thaler', 'Front Desk Clerk', 42000.00, '1991-07-10', '+4919512345678', 'thomas.thaler@example.com', '2015-06-30'),
(993, 'h5', 'Ulrich', 'Unger', 'Housekeeper', 47000.00, '1990-04-28', '+4919612345678', 'ulrich.unger@example.com', '2013-09-15'),
(994, 'h5', 'Vanessa', 'Vogel', 'Waitress', 33000.00, '1993-03-15', '+4919712345678', 'vanessa.vogel@example.com', '2016-02-10'),
(995, 'h5', 'Werner', 'Weiss', 'Bartender', 36000.00, '1994-12-20', '+4919812345678', 'werner.weiss@example.com', '2017-12-15'),
(996, 'h5', 'Xaver', 'Xander', 'Concierge', 49000.00, '1990-11-05', '+4919912345678', 'xaver.xander@example.com', '2017-02-28'),
(997, 'h5', 'Yvonne', 'Yildiz', 'Housekeeping Supervisor', 53000.00, '1987-08-18', '+4920012345678', 'yvonne.yildiz@example.com', '2013-07-01'),
(998, 'h5', 'Zoe', 'Zimmermann', 'Security Guard', 40000.00, '1989-06-15', '+4920112345678', 'zoe.zimmermann@example.com', '2015-05-15'),
(999, 'h5', 'Adrian', 'Albrecht', 'Front Desk Clerk', 42000.00, '1992-08-30', '+4920212345678', 'adrian.albrecht@example.com', '2014-10-10'),
(1000, 'h5', 'Benjamin', 'Bach', 'Receptionist', 44000.00, '1992-03-28', '+4920312345678', 'benjamin.bach@example.com', '2016-05-25'),
(1001, 'h5', 'Clara', 'Christ', 'Security Guard', 40000.00, '1988-12-15', '+4920412345678', 'clara.christ@example.com', '2017-03-10'),
(1002, 'h5', 'David', 'Drescher', 'Front Desk Clerk', 42000.00, '1991-07-10', '+4920512345678', 'david.drescher@example.com', '2015-06-30'),
(1003, 'h5', 'Elena', 'Ehrlich', 'Housekeeper', 47000.00, '1990-04-28', '+4920612345678', 'elena.ehrlich@example.com', '2013-09-15'),
(1004, 'h5', 'Fabian', 'Fink', 'Waitress', 33000.00, '1993-03-15', '+4920712345678', 'fabian.fink@example.com', '2016-02-10'),
(1005, 'h5', 'Gisela', 'Grn', 'Bartender', 36000.00, '1994-12-20', '+4920812345678', 'gisela.gruen@example.com', '2017-12-15'),
(1006, 'h5', 'Hannes', 'Hartmann', 'Concierge', 49000.00, '1990-11-05', '+4920912345678', 'hannes.hartmann@example.com', '2017-02-28'),
(1007, 'h5', 'Ines', 'Ivanov', 'Housekeeping Supervisor', 53000.00, '1987-08-18', '+4921012345678', 'ines.ivanov@example.com', '2013-07-01'),
(1008, 'h5', 'Jakob', 'Jger', 'Housekeeping Supervisor', 55000.00, '1986-10-15', '+4921112345678', 'jakob.jaeger@example.com', '2013-08-01'),
(1009, 'h5', 'Katharina', 'Keller', 'Chef', 62000.00, '1984-06-20', '+4921212345678', 'katharina.keller@example.com', '2013-11-10'),
(1010, 'h5', 'Lena', 'Lehmann', 'Receptionist', 44000.00, '1992-03-28', '+4921312345678', 'lena.lehmann@example.com', '2016-05-25'),
(1011, 'h5', 'Maximilian', 'Mayer', 'Security Guard', 40000.00, '1988-12-15', '+4921412345678', 'maximilian.mayer@example.com', '2017-03-10'),
(1012, 'h5', 'Nadine', 'Neumann', 'Front Desk Clerk', 42000.00, '1991-07-10', '+4921512345678', 'nadine.neumann@example.com', '2015-06-30'),
(1013, 'h5', 'Oliver', 'Otto', 'Housekeeper', 47000.00, '1990-04-28', '+4921612345678', 'oliver.otto@example.com', '2013-09-15'),
(1014, 'h4', 'Paula', 'Peters', 'Waitress', 33000.00, '1993-03-15', '+4921712345678', 'paula.peters@example.com', '2016-02-10'),
(1015, 'h4', 'Quentin', 'Quandt', 'Bartender', 36000.00, '1994-12-20', '+4921812345678', 'quentin.quandt@example.com', '2017-12-15'),
(1016, 'h4', 'Rebecca', 'Richter', 'Concierge', 49000.00, '1990-11-05', '+4921912345678', 'rebecca.richter@example.com', '2017-02-28'),
(1017, 'h4', 'Sebastian', 'Schmidt', 'Housekeeping Supervisor', 53000.00, '1987-08-18', '+4922012345678', 'sebastian.schmidt@example.com', '2013-07-01'),
(1018, 'h4', 'Tobias', 'Thomsen', 'Security Guard', 40000.00, '1989-06-15', '+4922112345678', 'tobias.thomsen@example.com', '2015-05-15'),
(1019, 'h4', 'Ulrike', 'Uhl', 'Front Desk Clerk', 42000.00, '1992-08-30', '+4922212345678', 'ulrike.uhl@example.com', '2014-10-10'),
(1020, 'h4', 'Valentin', 'Vogel', 'Receptionist', 44000.00, '1992-03-28', '+4922312345678', 'valentin.vogel@example.com', '2016-05-25'),
(1021, 'h4', 'Werner', 'Weber', 'Security Guard', 40000.00, '1988-12-15', '+4922412345678', 'werner.weber@example.com', '2017-03-10'),
(1022, 'h4', 'Xaver', 'Xander', 'Front Desk Clerk', 42000.00, '1991-07-10', '+4922512345678', 'xaver.xander@example.com', '2015-06-30'),
(1023, 'h4', 'Yvonne', 'Yildiz', 'Housekeeper', 47000.00, '1990-04-28', '+4922612345678', 'yvonne.yildiz@example.com', '2013-09-15'),
(1024, 'h4', 'Zoe', 'Zimmermann', 'Waitress', 33000.00, '1993-03-15', '+4922712345678', 'zoe.zimmermann@example.com', '2016-02-10'),
(1026, 'h4', 'Barbara', 'Bachmann', 'Concierge', 49000.00, '1990-11-05', '+4922912345678', 'barbara.bachmann@example.com', '2017-02-28'),
(1027, 'h4', 'Christian', 'Christiansen', 'Housekeeping Supervisor', 53000.00, '1987-08-18', '+4923012345678', 'christian.christiansen@example.com', '2013-07-01'),
(1028, 'h4', 'Dennis', 'Dietrich', 'Housekeeping Supervisor', 55000.00, '1986-10-15', '+4923112345678', 'dennis.dietrich@example.com', '2013-08-01'),
(1031, 'h2', 'Gisela', 'Gruber', 'Security Guard', 40000.00, '1988-12-15', '+4923412345678', 'gisela.gruber@example.com', '2017-03-10'),
(1032, 'h2', 'Hans', 'Hartmann', 'Front Desk Clerk', 42000.00, '1991-07-10', '+4923512345678', 'hans.hartmann@example.com', '2015-06-30'),
(1033, 'h2', 'Ingrid', 'Ivanov', 'Housekeeper', 47000.00, '1990-04-28', '+4923612345678', 'ingrid.ivanov@example.com', '2013-09-15'),
(1034, 'h2', 'Jan', 'Jung', 'Waitress', 33000.00, '1993-03-15', '+4923712345678', 'jan.jung@example.com', '2016-02-10'),
(1036, 'h2', 'Lars', 'Ludwig', 'Concierge', 49000.00, '1990-11-05', '+4923912345678', 'lars.ludwig@example.com', '2017-02-28'),
(1037, 'h2', 'Marie', 'Mayer', 'Housekeeping Supervisor', 53000.00, '1987-08-18', '+4924012345678', 'marie.mayer@example.com', '2013-07-01'),
(1038, 'h2', 'Natalie', 'Neumann', 'Security Guard', 40000.00, '1989-06-15', '+4924112345678', 'natalie.neumann@example.com', '2015-05-15'),
(1039, 'h2', 'Oliver', 'Ott', 'Front Desk Clerk', 42000.00, '1992-08-30', '+4924212345678', 'oliver.ott@example.com', '2014-10-10'),
(1040, 'h2', 'Paula', 'Pohl', 'Receptionist', 44000.00, '1992-03-28', '+4924312345678', 'paula.pohl@example.com', '2016-05-25'),
(1041, 'h2', 'Quentin', 'Quandt', 'Security Guard', 40000.00, '1988-12-15', '+4924412345678', 'quentin.quandt@example.com', '2017-03-10'),
(1042, 'h1', 'Raphael', 'Roth', 'Front Desk Clerk', 42000.00, '1991-07-10', '+4924512345678', 'raphael.roth@example.com', '2015-06-30'),
(1043, 'h1', 'Sabine', 'Schulz', 'Housekeeper', 47000.00, '1990-04-28', '+4924612345678', 'sabine.schulz@example.com', '2013-09-15'),
(1044, 'h1', 'Tobias', 'Thomsen', 'Waitress', 33000.00, '1993-03-15', '+4924712345678', 'tobias.thomsen@example.com', '2016-02-10'),
(1046, 'h1', 'Valentin', 'Vogt', 'Concierge', 49000.00, '1990-11-05', '+4924912345678', 'valentin.vogt@example.com', '2017-02-28'),
(1047, 'h1', 'Werner', 'Wagner', 'Housekeeping Supervisor', 53000.00, '1987-08-18', '+4925012345678', 'werner.wagner@example.com', '2013-07-01');


Select * From Staff;



Insert into RoomType values
('1', 'Single Room', 'A single room with one bed', '10000.00', '1'),
('2', 'Double Room', 'A room with two beds', '15000.00', '2'),
('3', 'Suite', 'A suite with multiple rooms', '30000.00', '4'),
('4', 'Deluxe Suite', 'A deluxe suite with luxurious amenities', '50000.00', '4'),
('5', 'Family Room', 'A room suitable for families', '20000.00', '5');

Select*
From RoomType;



Insert Into Room Values
('1', 'h1', '1', 'Available'),
('2', 'h3', '3', 'Occupied'),
('3', 'h5', '3', 'Occupied'),
('4', 'h7', '2', 'Under Maintenance'),
('5', 'h9', '5', 'Available'),
('6', 'h2', '4', 'Occupied'),
('7', 'h4', '2', 'Available'),
('8', 'h6', '3', 'Available'),
('9', 'h8', '4', 'Available'),
('10', 'h10', '5', 'Available'),
('11', 'h3', '1', 'Available'),
('12', 'h5', '4', 'Under Maintenance'),
('13', 'h6', '3', 'Available'),
('14', 'h1', '4', 'Occupied'),
('15', 'h8', '4', 'Occupied'),
('16', 'h2', '1', 'Available'),
('17', 'h9', '2', 'Occupied'),
('18', 'h5', '3', 'Available'),
('19', 'h7', '4', 'Available'),
('20', 'h9', '5', 'Occupied'),
('21', 'h5', '4', 'Occupied'),
('22', 'h9', '2', 'Available'),
('23', 'h10', '5', 'Available'),
('24', 'h4', '4', 'Occupied'),
('25', 'h6', '5', 'Available'),
('26', 'h7', '1', 'Occupied'),
('27', 'h10', '1', 'Occupied'),
('28', 'h1', '4', 'Available'),
('29', 'h4', '4', 'Under Maintenance'),
('30', 'h8', '4', 'Available'),
('31', 'h6', '1', 'Available'),
('32', 'h1', '2', 'Occupied'),
('33', 'h1', '5', 'Available'),
('34', 'h1', '4', 'Available'),
('35', 'h8', '5', 'Occupied'),
('36', 'h8', '1', 'Occupied'),
('37', 'h8', '2', 'Available'),
('38', 'h8', '2', 'Available'),
('39', 'h10', '4', 'Occupied'),
('40', 'h1', '5', 'Available'),
('41', 'h3', '3', 'Occupied'),
('42', 'h8', '2', 'Occupied'),
('43', 'h6', '3', 'Available'),
('44', 'h3', '4', 'Available'),
('45', 'h3', '5', 'Under Maintenance'),
('46', 'h10', '1', 'Occupied'),
('47', 'h10', '1', 'Available'),
('48', 'h1', '3', 'Available'),
('49', 'h1', '4', 'Occupied'),
('50', 'h5', '4', 'Available'),
('51', 'h5', '1', 'Available'),
('52', 'h6', '2', 'Occupied'),
('53', 'h6', '3', 'Available'),
('54', 'h6', '4', 'Under Maintenance'),
('55', 'h6', '5', 'Available'),
('56', 'h6', '1', 'Occupied'),
('57', 'h4', '2', 'Occupied'),
('58', 'h3', '2', 'Available'),
('59', 'h3', '4', 'Available'),
('60', 'h1', '5', 'Under Maintenance'),
('61', 'h1', '1', 'Occupied'),
('62', 'h1', '2', 'Available'),
('63', 'h2', '3', 'Available'),
('64', 'h7', '4', 'Occupied'),
('65', 'h7', '5', 'Available'),
('66', 'h1', '1', 'Available'),
('67', 'h9', '2', 'Occupied'),
('68', 'h9', '3', 'Occupied'),
('69', 'h3', '4', 'Available'),
('70', 'h3', '5', 'Under Maintenance'),
('71', 'h6', '1', 'Occupied'),
('72', 'h6', '3', 'Available'),
('73', 'h6', '3', 'Available'),
('74', 'h6', '4', 'Occupied'),
('75', 'h5', '5', 'Available'),
('76', 'h5', '1', 'Available'),
('77', 'h3', '2', 'Occupied'),
('78', 'h8', '3', 'Available'),
('79', 'h5', '4', 'Under Maintenance'),
('80', 'h5', '5', 'Available'),
('81', 'h7', '1', 'Available'),
('82', 'h7', '2', 'Occupied'),
('83', 'h5', '3', 'Available'),
('84', 'h1', '2', 'Available'),
('85', 'h1', '5', 'Under Maintenance'),
('86', 'h3', '1', 'Occupied'),
('87', 'h3', '2', 'Occupied'),
('88', 'h9', '3', 'Available'),
('89', 'h8', '4', 'Occupied'),
('90', 'h8', '5', 'Available'),
('91', 'h2', '1', 'Available'),
('92', 'h2', '2', 'Occupied'),
('93', 'h2', '5', 'Available'),
('94', 'h2', '4', 'Available'),
('95', 'h3', '5', 'Under Maintenance'),
('96', 'h10', '1', 'Occupied'),
('97', 'h10', '2', 'Available'),
('98', 'h1', '3', 'Available'),
('99', 'h1', '3', 'Occupied'),
('100', 'h7', '5', 'Available'),
('101', 'h4', '1', 'Available'),
('102', 'h9', '2', 'Occupied'),
('103', 'h6', '3', 'Available'),
('104', 'h6', '4', 'Available'),
('105', 'h5', '5', 'Occupied'),
('106', 'h5', '1', 'Occupied'),
('107', 'h3', '2', 'Available'),
('108', 'h4', '5', 'Available'),
('109', 'h4', '4', 'Occupied'),
('110', 'h3', '5', 'Available'),
('111', 'h3', '3', 'Available'),
('112', 'h3', '2', 'Occupied'),
('113', 'h3', '3', 'Available'),
('114', 'h10', '4', 'Available'),
('115', 'h2', '5', 'Under Maintenance'),
('116', 'h2', '1', 'Occupied'),
('117', 'h10', '3', 'Available'),
('118', 'h10', '3', 'Occupied'),
('119', 'h3', '4', 'Occupied'),
('120', 'h3', '5', 'Available'),
('121', 'h6', '2', 'Occupied'),
('122','h6','5','Under Maintenance'),
('123', 'h5', '3', 'Available'),
('124', 'h4', '4', 'Available'),
('125', 'h3', '5', 'Under Maintenance'),
('126', 'h1', '1', 'Occupied'),
('127', 'h9', '2', 'Available'),
('128', 'h7', '3', 'Available'),
('129', 'h7', '2', 'Occupied'),
('130', 'h6', '5', 'Available'),
('131', 'h7', '1', 'Available'),
('132', 'h7', '2', 'Occupied'),
('133', 'h7', '3', 'Available'),
('134', 'h3', '4', 'Available'),
('135', 'h3', '2', 'Under Maintenance'),
('136', 'h9', '1', 'Occupied'),
('137', 'h9', '2', 'Available'),
('138', 'h8', '3', 'Available'),
('139', 'h8', '4', 'Occupied'),
('140', 'h8', '5', 'Available'),
('141', 'h1', '1', 'Available'),
('142', 'h1', '2', 'Occupied'),
('143', 'h4', '3', 'Available'),
('144', 'h4', '1', 'Available'),
('145', 'h6', '5', 'Under Maintenance'),
('146', 'h6', '1', 'Occupied'),
('147', 'h6', '2', 'Available'),
('148', 'h9', '3', 'Available'),
('149', 'h9', '4', 'Occupied'),
('150', 'h10', '5', 'Under Maintenance'),
('151', 'h10', '1', 'Occupied'),
('152', 'h6', '2', 'Occupied'),
('153', 'h7', '3', 'Available'),
('154', 'h3', '4', 'Available'),
('155', 'h3', '5', 'Under Maintenance'),
('156', 'h8', '5', 'Occupied'),
('157', 'h8', '2', 'Available'),
('158', 'h2', '3', 'Available'),
('159', 'h2', '4', 'Occupied'),
('160', 'h6', '5', 'Available'),
('161', 'h6', '1', 'Available'),
('162', 'h5', '3', 'Occupied'),
('163', 'h6', '3', 'Available'),
('164', 'h6', '4', 'Available'),
('165', 'h4', '4', 'Under Maintenance'),
('166', 'h3', '1', 'Occupied'),
('167', 'h3', '2', 'Available'),
('168', 'h9', '3', 'Available'),
('169', 'h9', '4', 'Occupied'),
('170', 'h10', '5', 'Available'),
('171', 'h10', '1', 'Available'),
('172', 'h5', '2', 'Occupied'),
('173', 'h5', '3', 'Available'),
('174', 'h5', '5', 'Available'),
('175', 'h5', '5', 'Under Maintenance'),
('176', 'h6', '1', 'Occupied'),
('177', 'h6', '2', 'Available'),
('178', 'h6', '3', 'Available'),
('179', 'h8', '4', 'Occupied'),
('180', 'h8', '5', 'Available'),
('181', 'h8', '1', 'Available'),
('182', 'h7', '2', 'Occupied'),
('183', 'h7', '4', 'Available'),
('184', 'h7', '4', 'Available'),
('185', 'h1', '5', 'Under Maintenance'),
('186', 'h1', '1', 'Occupied'),
('187', 'h6', '2', 'Available'),
('188', 'h6', '3', 'Available'),
('189', 'h9', '4', 'Occupied'),
('190', 'h9', '5', 'Available'),
('191', 'h4', '1', 'Available'),
('192', 'h4', '4', 'Occupied'),
('193', 'h8', '3', 'Available'),
('194', 'h8', '4', 'Available'),
('195', 'h4', '5', 'Under Maintenance'),
('196', 'h8', '1', 'Occupied'),
('197', 'h9', '2', 'Available'),
('198', 'h9', '3', 'Available'),
('199', 'h1', '4', 'Occupied'),
('200', 'h10', '5', 'Available'),
('201', 'h10', '3', 'Available'),
('202', 'h1', '2', 'Occupied'),
('203', 'h1', '3', 'Available'),
('204', 'h1', '4', 'Available'),
('205', 'h1', '5', 'Under Maintenance'),
('206', 'h5', '1', 'Occupied'),
('207', 'h5', '2', 'Available'),
('208', 'h2', '3', 'Available'),
('209', 'h2', '4', 'Occupied'),
('210', 'h2', '3', 'Available'),
('211', 'h6', '1', 'Available'),
('212', 'h6', '2', 'Occupied'),
('213', 'h6', '3', 'Occupied'),
('214', 'h3', '4', 'Available'),
('215', 'h3', '5', 'Under Maintenance'),
('216', 'h7', '1', 'Occupied'),
('217', 'h7', '2', 'Available'),
('218', 'h4', '3', 'Available'),
('219', 'h4', '5', 'Occupied'),
('220', 'h4', '5', 'Available'),
('221', 'h4', '1', 'Available'),
('222', 'h7', '2', 'Occupied'),
('223', 'h7', '3', 'Available'),
('224', 'h5', '4', 'Available'),
('225', 'h5', '5', 'Under Maintenance'),
('226', 'h9', '1', 'Occupied'),
('227', 'h9', '2', 'Available'),
('228', 'h9', '3', 'Available'),
('229', 'h7', '4', 'Occupied'),
('230', 'h7', '5', 'Available'),
('231', 'h8', '3', 'Available'),
('232', 'h8', '2', 'Occupied'),
('233', 'h7', '3', 'Available'),
('234', 'h7', '4', 'Available'),
('235', 'h7', '5', 'Under Maintenance'),
('236', 'h9', '1', 'Occupied'),
('237', 'h9', '2', 'Available'),
('238', 'h10', '3', 'Available'),
('239', 'h10', '4', 'Occupied'),
('240', 'h4', '5', 'Available'),
('241', 'h4', '1', 'Available'),
('242', 'h4', '2', 'Occupied'),
('243', 'h6', '3', 'Available'),
('244', 'h6', '4', 'Available'),
('245', 'h1', '5', 'Under Maintenance'),
('246', 'h1', '1', 'Occupied'),
('247', 'h7', '2', 'Available'),
('248', 'h7', '3', 'Available'),
('249', 'h9', '4', 'Occupied'),
('250', 'h9', '5', 'Available'),
('251', 'h2', '1', 'Available'),
('252', 'h2', '4', 'Occupied'),
('253', 'h7', '3', 'Available'),
('254', 'h8', '4', 'Available'),
('255', 'h2', '5', 'Under Maintenance'),
('256', 'h9', '1', 'Occupied'),
('257', 'h9', '2', 'Available'),
('258', 'h4', '3', 'Occupied'),
('259', 'h4', '4', 'Occupied'),
('260', 'h7', '5', 'Available'),
('261', 'h6', '1', 'Available'),
('262', 'h6', '2', 'Occupied'),
('263', 'h9', '3', 'Available'),
('264', 'h4', '3', 'Available'),
('265', 'h5', '5', 'Under Maintenance'),
('266', 'h4', '1', 'Occupied'),
('267', 'h4', '2', 'Available'),
('268', 'h4', '3', 'Available'),
('269', 'h3', '4', 'Occupied'),
('270', 'h7', '5', 'Available'),
('271', 'h8', '1', 'Available'),
('272', 'h8', '2', 'Occupied'),
('273', 'h6', '3', 'Available'),
('274', 'h6', '4', 'Available'),
('275', 'h6', '5', 'Under Maintenance'),
('276', 'h3', '1', 'Occupied'),
('277', 'h3', '2', 'Available'),
('278', 'h2', '3', 'Available'),
('279', 'h2', '5', 'Occupied'),
('280', 'h9', '5', 'Available'),
('281', 'h9', '1', 'Available'),
('282', 'h10', '2', 'Occupied'),
('283', 'h10', '3', 'Available'),
('284', 'h3', '4', 'Available'),
('285', 'h3', '5', 'Under Maintenance'),
('286', 'h3', '1', 'Occupied'),
('287', 'h6', '2', 'Available'),
('288', 'h6', '3', 'Available'),
('289', 'h8', '4', 'Occupied'),
('290', 'h8', '5', 'Available'),
('291', 'h9', '1', 'Available'),
('292', 'h3', '2', 'Occupied'),
('293', 'h3', '3', 'Available'),
('294', 'h9', '3', 'Available'),
('295', 'h9', '5', 'Under Maintenance'),
('296', 'h10', '1', 'Occupied'),
('297', 'h10', '2', 'Available'),
('298', 'h7', '3', 'Available'),
('299', 'h7', '4', 'Occupied'),
('300', 'h8', '5', 'Occupied'),
('301', 'h8', '1', 'Available'),
('302', 'h1', '2', 'Occupied'),
('303', 'h1', '3', 'Available'),
('304', 'h3', '4', 'Available'),
('305', 'h3', '5', 'Available'),
('306', 'h5', '1', 'Occupied'),
('307', 'h5', '2', 'Available'),
('308', 'h8', '3', 'Available'),
('309', 'h8', '4', 'Occupied'),
('310', 'h8', '5', 'Available'),
('311', 'h9', '1', 'Available'),
('312', 'h9', '2', 'Occupied'),
('313', 'h9', '3', 'Available'),
('314', 'h2', '4', 'Available'),
('315', 'h2', '5', 'Under Maintenance'),
('316', 'h4', '1', 'Occupied'),
('317', 'h4', '2', 'Available'),
('318', 'h4', '2', 'Available'),
('319', 'h4', '4', 'Occupied'),
('320', 'h6', '5', 'Available'),
('321', 'h6', '1', 'Available'),
('322', 'h8', '2', 'Occupied'),
('323', 'h8', '3', 'Available'),
('324', 'h4', '4', 'Available'),
('325', 'h4', '5', 'Under Maintenance'),
('326', 'h2', '1', 'Occupied'),
('327', 'h5', '2', 'Available'),
('328', 'h7', '3', 'Available'),
('329', 'h8', '4', 'Occupied'),
('330', 'h4', '5', 'Available'),
('331', 'h9', '1', 'Available'),
('332', 'h9', '2', 'Occupied'),
('333', 'h5', '5', 'Available'),
('334', 'h5', '4', 'Available'),
('335', 'h10', '5', 'Under Maintenance'),
('336', 'h10', '1', 'Occupied'),
('337', 'h3', '2', 'Available'),
('338', 'h3', '3', 'Available'),
('339', 'h8', '4', 'Occupied'),
('340', 'h8', '5', 'Available'),
('341', 'h5', '1', 'Available'),
('342', 'h5', '2', 'Occupied'),
('343', 'h5', '3', 'Available'),
('344', 'h8', '4', 'Available'),
('345', 'h8', '5', 'Under Maintenance'),
('346', 'h2', '1', 'Occupied'),
('347', 'h4', '2', 'Available'),
('348', 'h6', '3', 'Available'),
('349', 'h8', '4', 'Occupied'),
('350', 'h10', '5', 'Available'),
('351', 'h1', '1', 'Available'),
('352', 'h3', '2', 'Occupied'),
('353', 'h5', '3', 'Under Maintenance'),
('354', 'h7', '2', 'Available'),
('355', 'h9', '5', 'Available'),
('356', 'h9', '1', 'Occupied'),
('357', 'h8', '2', 'Available'),
('358', 'h6', '3', 'Available'),
('359', 'h8', '4', 'Occupied'),
('360', 'h4', '5', 'Available'),
('361', 'h4', '1', 'Available'),
('362', 'h6', '2', 'Occupied'),
('363', 'h3', '1', 'Available'),
('364', 'h8', '4', 'Occupied'),
('365', 'h8', '5', 'Under Maintenance'),
('366', 'h4', '1', 'Occupied'),
('367', 'h4', '2', 'Available'),
('368', 'h4', '3', 'Available'),
('369', 'h4', '4', 'Occupied'),
('370', 'h4', '5', 'Available'),
('371', 'h4', '1', 'Available'),
('372', 'h7', '2', 'Occupied'),
('373', 'h7', '3', 'Available'),
('374', 'h3', '4', 'Available'),
('375', 'h3', '5', 'Under Maintenance'),
('376', 'h10', '1', 'Occupied'),
('377', 'h10', '2', 'Available'),
('378', 'h6', '3', 'Available'),
('379', 'h6', '4', 'Occupied'),
('380', 'h6', '5', 'Available'),
('381', 'h8', '1', 'Available'),
('382', 'h8', '2', 'Occupied'),
('383', 'h3', '3', 'Available'),
('384', 'h3', '4', 'Available'),
('385', 'h7', '1', 'Under Maintenance'),
('386', 'h6', '1', 'Occupied'),
('387', 'h8', '2', 'Available'),
('388', 'h2', '3', 'Available'),
('389', 'h7', '4', 'Occupied'),
('390', 'h10', '1', 'Available'),
('391', 'h4', '1', 'Available'),
('392', 'h6', '2', 'Occupied'),
('393', 'h1', '3', 'Available'),
('394', 'h1', '4', 'Available'),
('395', 'h9', '5', 'Under Maintenance'),
('396', 'h6', '1', 'Occupied'),
('397', 'h6', '2', 'Available'),
('398', 'h5', '3', 'Available'),
('399', 'h5', '4', 'Occupied'),
('400', 'h5', '5', 'Available'),
('401', 'h5', '1', 'Available'),
('402', 'h9', '2', 'Occupied'),
('403', 'h3', '3', 'Available'),
('404', 'h2', '4', 'Available'),
('405', 'h2', '5', 'Under Maintenance'),
('406', 'h8', '1', 'Occupied'),
('407', 'h8', '2', 'Available'),
('408', 'h9', '4', 'Available'),
('409', 'h4', '4', 'Occupied'),
('410', 'h4', '5', 'Available'),
('411', 'h1', '1', 'Available'),
('412', 'h3', '2', 'Occupied'),
('413', 'h7', '3', 'Available'),
('414', 'h8', '4', 'Available'),
('415', 'h8', '5', 'Occupied'),
('416', 'h9', '1', 'Occupied'),
('417', 'h9', '2', 'Available'),
('418', 'h2', '3', 'Available'),
('419', 'h2', '4', 'Occupied'),
('420', 'h7', '5', 'Available'),
('421', 'h6', '1', 'Available'),
('422', 'h6', '2', 'Occupied'),
('423', 'h2', '3', 'Available'),
('424', 'h1', '4', 'Available'),
('425', 'h1', '5', 'Under Maintenance'),
('426', 'h8', '1', 'Occupied'),
('427', 'h6', '2', 'Available'),
('428', 'h4', '3', 'Available'),
('429', 'h7', '5', 'Occupied'),
('430', 'h9', '5', 'Under Maintenance'),
('431', 'h4', '1', 'Available'),
('432', 'h7', '2', 'Occupied'),
('433', 'h7', '3', 'Available'),
('434', 'h8', '4', 'Available'),
('435', 'h10', '5', 'Under Maintenance'),
('436', 'h10', '1', 'Occupied'),
('437', 'h2', '2', 'Available'),
('438', 'h2', '3', 'Available'),
('439', 'h7', '4', 'Occupied'),
('440', 'h7', '5', 'Available'),
('441', 'h9', '1', 'Available'),
('442', 'h9', '2', 'Occupied'),
('443', 'h9', '3', 'Available'),
('444', 'h9', '2', 'Available'),
('445', 'h9', '5', 'Under Maintenance'),
('446', 'h10', '1', 'Occupied'),
('447', 'h10', '2', 'Available'),
('448', 'h2', '3', 'Available'),
('449', 'h2', '4', 'Occupied'),
('450', 'h6', '5', 'Available'),
('451', 'h7', '1', 'Under Maintenance'),
('452', 'h3', '2', 'Occupied'),
('453', 'h3', '4', 'Available'),
('454', 'h8', '4', 'Available'),
('455', 'h9', '5', 'Under Maintenance'),
('456', 'h9', '1', 'Occupied'),
('457', 'h1', '2', 'Available'),
('458', 'h1', '3', 'Occupied'),
('459', 'h1', '4', 'Occupied'),
('460', 'h9', '5', 'Available'),
('461', 'h9', '1', 'Available'),
('462', 'h2', '2', 'Occupied'),
('463', 'h6', '3', 'Available'),
('464', 'h6', '4', 'Available'),
('465', 'h5', '5', 'Under Maintenance'),
('466', 'h8', '1', 'Occupied'),
('467', 'h10', '2', 'Available'),
('468', 'h10', '3', 'Under Maintenance'),
('469', 'h10', '4', 'Occupied'),
('470', 'h2', '5', 'Available'),
('471', 'h2', '5', 'Available'),
('472', 'h6', '2', 'Occupied'),
('473', 'h8', '3', 'Available'),
('474', 'h10', '4', 'Available'),
('475', 'h1', '5', 'Under Maintenance'),
('476', 'h4', '1', 'Occupied'),
('477', 'h8', '2', 'Available'),
('478', 'h2', '3', 'Available'),
('479', 'h7', '4', 'Occupied'),
('480', 'h9', '5', 'Available'),
('481', 'h9', '1', 'Available'),
('482', 'h3', '2', 'Occupied'),
('483', 'h3', '4', 'Available'),
('484', 'h6', '4', 'Available'),
('485', 'h5', '5', 'Under Maintenance'),
('486', 'h4', '1', 'Occupied'),
('487', 'h7', '2', 'Available'),
('488', 'h3', '3', 'Available'),
('489', 'h5', '4', 'Occupied'),
('490', 'h4', '5', 'Available'),
('491', 'h8', '1', 'Available'),
('492', 'h3', '2', 'Occupied'),
('493', 'h4', '3', 'Available'),
('494', 'h7', '4', 'Available'),
('495', 'h5', '5', 'Under Maintenance'),
('496', 'h10', '1', 'Occupied'),
('497', 'h10', '2', 'Available'),
('498', 'h1', '3', 'Available'),
('499', 'h4', '4', 'Occupied'),
('500', 'h4', '4', 'Under Maintenance'),
('501', 'h3', '1', 'Available'),
('502', 'h3', '2', 'Occupied'),
('503', 'h6', '3', 'Available'),
('504', 'h6', '4', 'Available'),
('505', 'h6', '5', 'Under Maintenance'),
('506', 'h9', '1', 'Occupied'),
('507', 'h9', '2', 'Available'),
('508', 'h2', '3', 'Available'),
('509', 'h2', '5', 'Occupied'),
('510', 'h1', '5', 'Available'),
('511', 'h1', '1', 'Available'),
('512', 'h1', '2', 'Occupied'),
('513', 'h6', '3', 'Available'),
('514', 'h6', '4', 'Available'),
('515', 'h7', '5', 'Under Maintenance'),
('516', 'h7', '1', 'Occupied'),
('517', 'h4', '2', 'Occupied'),
('518', 'h5', '3', 'Available'),
('519', 'h5', '4', 'Occupied'),
('520', 'h7', '5', 'Available'),
('521', 'h7', '1', 'Available'),
('522', 'h8', '2', 'Occupied'),
('523', 'h9', '3', 'Available'),
('524', 'h2', '5', 'Available'),
('525', 'h4', '5', 'Under Maintenance'),
('526', 'h4', '1', 'Occupied'),
('527', 'h6', '2', 'Available'),
('528', 'h7', '5', 'Available'),
('529', 'h7', '4', 'Occupied'),
('530', 'h8', '5', 'Available'),
('531', 'h6', '1', 'Available'),
('532', 'h2', '2', 'Occupied'),
('533', 'h9', '3', 'Under Maintenance'),
('534', 'h9', '4', 'Available'),
('535', 'h3', '5', 'Available'),
('536', 'h2', '1', 'Occupied'),
('537', 'h2', '2', 'Available'),
('538', 'h4', '3', 'Available'),
('539', 'h4', '4', 'Occupied'),
('540', 'h7', '3', 'Available'),
('541', 'h8', '1', 'Available'),
('542', 'h1', '2', 'Occupied'),
('543', 'h1', '4', 'Available'),
('544', 'h3', '4', 'Available'),
('545', 'h3', '5', 'Under Maintenance'),
('546', 'h6', '1', 'Occupied'),
('547', 'h6', '2', 'Available'),
('548', 'h7', '3', 'Available'),
('549', 'h8', '3', 'Occupied'),
('550', 'h1', '5', 'Available'),
('551', 'h10', '1', 'Available'),
('552', 'h10', '3', 'Occupied'),
('553', 'h3', '3', 'Available'),
('554', 'h3', '4', 'Available'),
('555', 'h5', '5', 'Under Maintenance'),
('556', 'h6', '1', 'Occupied'),
('557', 'h6', '2', 'Available'),
('558', 'h6', '3', 'Available'),
('559', 'h8', '4', 'Available'),
('560', 'h2', '5', 'Available'),
('561', 'h5', '2', 'Available'),
('562', 'h4', '2', 'Occupied'),
('563', 'h5', '3', 'Available'),
('564', 'h4', '4', 'Available'),
('565', 'h8', '5', 'Under Maintenance'),
('566', 'h2', '1', 'Occupied'),
('567', 'h5', '2', 'Available'),
('568', 'h6', '3', 'Available'),
('569', 'h4', '5', 'Occupied'),
('570', 'h4', '5', 'Available'),
('571', 'h7', '1', 'Available'),
('572', 'h8', '2', 'Occupied'),
('573', 'h8', '3', 'Under Maintenance'),
('574', 'h7', '4', 'Available'),
('575', 'h6', '5', 'Available'),
('576', 'h5', '1', 'Occupied'),
('577', 'h5', '2', 'Available'),
('578', 'h7', '3', 'Available'),
('579', 'h4', '4', 'Occupied'),
('580', 'h6', '5', 'Available'),
('581', 'h3', '1', 'Available'),
('582', 'h10', '2', 'Occupied'),
('583', 'h6', '3', 'Available'),
('584', 'h10', '2', 'Available'),
('585', 'h7', '5', 'Under Maintenance'),
('586', 'h8', '1', 'Occupied'),
('587', 'h8', '2', 'Available'),
('588', 'h8', '3', 'Available'),
('589', 'h8', '4', 'Occupied'),
('590', 'h8', '5', 'Available'),
('591', 'h3', '1', 'Available'),
('592', 'h3', '2', 'Occupied'),
('593', 'h3', '3', 'Available'),
('594', 'h6', '4', 'Available'),
('595', 'h7', '1', 'Under Maintenance'),
('596', 'h6', '1', 'Occupied'),
('597', 'h7', '2', 'Available'),
('598', 'h2', '3', 'Available'),
('599', 'h3', '4', 'Occupied'),
('600', 'h2', '5', 'Available'),
('601', 'h6', '1', 'Available'),
('602', 'h5', '2', 'Under Maintenance'),
('603', 'h8', '3', 'Available'),
('604', 'h4', '4', 'Available'),
('605', 'h7', '5', 'Available'),
('606', 'h5', '1', 'Occupied'),
('607', 'h3', '2', 'Available'),
('608', 'h1', '3', 'Available'),
('609', 'h2', '4', 'Occupied'),
('610', 'h3', '5', 'Available'),
('611', 'h4', '1', 'Available'),
('612', 'h5', '2', 'Occupied'),
('613', 'h7', '3', 'Available'),
('614', 'h6', '4', 'Available'),
('615', 'h8', '5', 'Under Maintenance'),
('616', 'h8', '1', 'Occupied'),
('617', 'h9', '2', 'Available'),
('618', 'h10', '3', 'Available'),
('619', 'h1', '2', 'Under Maintenance'),
('620', 'h2', '5', 'Available'),
('621', 'h3', '1', 'Available'),
('622', 'h4', '2', 'Occupied'),
('623', 'h5', '3', 'Available'),
('624', 'h6', '4', 'Available'),
('625', 'h7', '5', 'Under Maintenance'),
('626', 'h8', '1', 'Occupied'),
('627', 'h9', '2', 'Available'),
('628', 'h10', '3', 'Under Maintenance'),
('629', 'h1', '4', 'Occupied'),
('630', 'h2', '5', 'Available'),
('631', 'h3', '5', 'Available'),
('632', 'h4', '2', 'Occupied'),
('633', 'h5', '3', 'Available'),
('634', 'h6', '4', 'Available'),
('635', 'h7', '5', 'Under Maintenance'),
('636', 'h8', '1', 'Occupied'),
('637', 'h9', '2', 'Available'),
('638', 'h1', '3', 'Available'),
('639', 'h2', '4', 'Occupied'),
('640', 'h3', '5', 'Available'),
('641', 'h4', '1', 'Available'),
('642', 'h5', '2', 'Occupied'),
('643', 'h5', '3', 'Available'),
('644', 'h8', '4', 'Available'),
('645', 'h6', '5', 'Occupied'),
('646', 'h8', '3', 'Occupied'),
('647', 'h7', '2', 'Available'),
('648', 'h3', '3', 'Available'),
('649', 'h4', '4', 'Occupied'),
('650', 'h8', '5', 'Available'),
('651', 'h6', '1', 'Available'),
('652', 'h8', '2', 'Occupied'),
('653', 'h4', '3', 'Available'),
('654', 'h9', '4', 'Available'),
('655', 'h4', '5', 'Available'),
('656', 'h5', '1', 'Occupied'),
('657', 'h6', '2', 'Available'),
('658', 'h7', '2', 'Available'),
('659', 'h8', '4', 'Occupied'),
('660', 'h9', '5', 'Available'),
('661', 'h10', '1', 'Available'),
('662', 'h1', '2', 'Occupied'),
('663', 'h2', '3', 'Available'),
('664', 'h3', '4', 'Available'),
('665', 'h2', '5', 'Under Maintenance'),
('666', 'h5', '1', 'Occupied'),
('667', 'h7', '4', 'Available'),
('668', 'h4', '3', 'Available'),
('669', 'h3', '4', 'Occupied'),
('670', 'h8', '5', 'Available'),
('671', 'h9', '1', 'Available'),
('672', 'h2', '2', 'Occupied'),
('673', 'h7', '3', 'Occupied'),
('674', 'h4', '4', 'Available'),
('675', 'h3', '5', 'Under Maintenance'),
('676', 'h7', '1', 'Occupied'),
('677', 'h9', '2', 'Available'),
('678', 'h3', '3', 'Available'),
('679', 'h8', '4', 'Occupied'),
('680', 'h5', '5', 'Available'),
('681', 'h4', '1', 'Available'),
('682', 'h5', '4', 'Occupied'),
('683', 'h1', '3', 'Available'),
('684', 'h2', '4', 'Available'),
('685', 'h3', '5', 'Occupied'),
('686', 'h4', '1', 'Occupied'),
('687', 'h5', '2', 'Available'),
('688', 'h6', '3', 'Occupied'),
('689', 'h7', '4', 'Occupied'),
('690', 'h8', '5', 'Available'),
('691', 'h9', '5', 'Available'),
('692', 'h10', '2', 'Occupied'),
('693', 'h1', '3', 'Available'),
('694', 'h2', '4', 'Available'),
('695', 'h3', '5', 'Occupied'),
('696', 'h4', '1', 'Occupied'),
('697', 'h5', '2', 'Available'),
('698', 'h6', '3', 'Available'),
('699', 'h7', '4', 'Occupied'),
('700', 'h8', '5', 'Available'),
('701', 'h9', '1', 'Available'),
('702', 'h10', '2', 'Occupied'),
('703', 'h3', '3', 'Available'),
('704', 'h4', '4', 'Available'),
('705', 'h5', '5', 'Under Maintenance'),
('706', 'h5', '3', 'Occupied'),
('707', 'h6', '2', 'Available'),
('708', 'h6', '3', 'Available'),
('709', 'h7', '4', 'Occupied'),
('710', 'h8', '5', 'Available'),
('711', 'h9', '1', 'Available'),
('712', 'h10', '2', 'Occupied'),
('713', 'h1', '3', 'Available'),
('714', 'h7', '4', 'Available'),
('715', 'h7', '5', 'Under Maintenance'),
('716', 'h3', '1', 'Occupied'),
('717', 'h4', '2', 'Available'),
('718', 'h5', '3', 'Occupied'),
('719', 'h6', '4', 'Occupied'),
('720', 'h7', '5', 'Available'),
('721', 'h8', '1', 'Available'),
('722', 'h9', '2', 'Occupied'),
('723', 'h10', '3', 'Available'),
('724', 'h1', '4', 'Available'),
('725', 'h2', '5', 'Occupied'),
('726', 'h2', '1', 'Occupied'),
('727', 'h3', '2', 'Available'),
('728', 'h4', '3', 'Available'),
('729', 'h5', '4', 'Occupied'),
('730', 'h6', '4', 'Available'),
('731', 'h7', '1', 'Available'),
('732', 'h8', '2', 'Occupied'),
('733', 'h9', '3', 'Available'),
('734', 'h10', '4', 'Available'),
('735', 'h1', '5', 'Under Maintenance'),
('736', 'h2', '1', 'Occupied'),
('737', 'h3', '2', 'Available'),
('738', 'h4', '3', 'Available'),
('739', 'h5', '4', 'Occupied'),
('740', 'h7', '5', 'Available'),
('741', 'h8', '1', 'Available'),
('742', 'h9', '2', 'Occupied'),
('743', 'h10', '3', 'Available'),
('744', 'h1', '4', 'Available'),
('745', 'h2', '5', 'Occupied'),
('746', 'h3', '1', 'Occupied'),
('747', 'h4', '2', 'Available'),
('748', 'h5', '3', 'Available'),
('749', 'h6', '4', 'Occupied'),
('750', 'h7', '5', 'Available'),
('751', 'h8', '1', 'Available'),
('752', 'h9', '2', 'Occupied'),
('753', 'h10', '3', 'Available'),
('754', 'h1', '5', 'Available'),
('755', 'h2', '5', 'Occupied'),
('756', 'h3', '1', 'Occupied'),
('757', 'h4', '2', 'Available'),
('758', 'h5', '3', 'Available'),
('759', 'h6', '4', 'Occupied'),
('760', 'h7', '5', 'Available'),
('761', 'h8', '1', 'Available'),
('762', 'h9', '2', 'Occupied'),
('763', 'h2', '3', 'Available'),
('764', 'h2', '4', 'Available'),
('765', 'h3', '5', 'Under Maintenance'),
('766', 'h4', '1', 'Occupied'),
('767', 'h5', '2', 'Available'),
('768', 'h5', '3', 'Available'),
('769', 'h6', '4', 'Occupied'),
('770', 'h6', '5', 'Available'),
('771', 'h7', '1', 'Available'),
('772', 'h7', '2', 'Occupied'),
('773', 'h8', '3', 'Available'),
('774', 'h8', '4', 'Available'),
('775', 'h9', '3', 'Occupied'),
('776', 'h2', '1', 'Occupied'),
('777', 'h8', '2', 'Available'),
('778', 'h6', '3', 'Available'),
('779', 'h6', '4', 'Occupied'),
('780', 'h4', '5', 'Occupied'),
('781', 'h3', '1', 'Available'),
('782', 'h2', '2', 'Occupied'),
('783', 'h1', '3', 'Available'),
('784', 'h6', '4', 'Available'),
('785', 'h8', '5', 'Under Maintenance'),
('786', 'h7', '2', 'Occupied'),
('787', 'h8', '2', 'Available'),
('788', 'h4', '3', 'Available'),
('789', 'h8', '4', 'Occupied'),
('790', 'h8', '5', 'Available'),
('791', 'h6', '1', 'Available'),
('792', 'h8', '2', 'Occupied'),
('793', 'h6', '3', 'Occupied'),
('794', 'h3', '4', 'Available'),
('795', 'h4', '5', 'Occupied'),
('796', 'h5', '1', 'Occupied'),
('797', 'h5', '2', 'Available'),
('798', 'h3', '3', 'Available'),
('799', 'h3', '4', 'Occupied'),
('800', 'h8', '5', 'Occupied'),
('801', 'h7', '3', 'Available'),
('802', 'h9', '2', 'Occupied'),
('803', 'h2', '3', 'Available'),
('804', 'h5', '4', 'Available'),
('805', 'h4', '5', 'Under Maintenance'),
('806', 'h2', '1', 'Occupied'),
('807', 'h6', '2', 'Occupied'),
('808', 'h7', '3', 'Available'),
('809', 'h6', '4', 'Occupied'),
('810', 'h3', '5', 'Available'),
('811', 'h4', '1', 'Available'),
('812', 'h7', '2', 'Occupied'),
('813', 'h4', '3', 'Available'),
('814', 'h2', '4', 'Available'),
('815', 'h1', '5', 'Occupied'),
('816', 'h9', '1', 'Occupied'),
('817', 'h10', '2', 'Available'),
('818', 'h8', '3', 'Available'),
('819', 'h5', '5', 'Occupied'),
('820', 'h1', '5', 'Available'),
('821', 'h9', '1', 'Occupied'),
('822', 'h7', '2', 'Occupied'),
('823', 'h5', '3', 'Available'),
('824', 'h6', '4', 'Occupied'),
('825', 'h9', '5', 'Available'),
('826', 'h7', '1', 'Occupied'),
('827', 'h10', '2', 'Available'),
('828', 'h9', '3', 'Available'),
('829', 'h9', '3', 'Available'),
('830', 'h10', '5', 'Available'),
('831', 'h2', '1', 'Available'),
('832', 'h3', '2', 'Occupied'),
('833', 'h6', '3', 'Available'),
('834', 'h8', '4', 'Available'),
('835', 'h9', '5', 'Under Maintenance'),
('836', 'h4', '1', 'Available'),
('837', 'h2', '2', 'Available'),
('838', 'h10', '3', 'Available'),
('839', 'h3', '4', 'Occupied'),
('840', 'h8', '5', 'Available'),
('841', 'h7', '1', 'Available'),
('842', 'h5', '2', 'Occupied'),
('843', 'h2', '3', 'Available'),
('844', 'h1', '4', 'Available'),
('845', 'h10', '5', 'Available'),
('846', 'h4', '5', 'Available'),
('847', 'h7', '2', 'Available'),
('848', 'h4', '3', 'Available'),
('849', 'h3', '4', 'Occupied'),
('850', 'h1', '5', 'Available'),
('851', 'h8', '1', 'Available'),
('852', 'h4', '2', 'Occupied'),
('853', 'h6', '3', 'Available'),
('854', 'h9', '4', 'Available'),
('855', 'h5', '5', 'Available'),
('856', 'h6', '1', 'Occupied'),
('857', 'h8', '2', 'Available'),
('858', 'h6', '1', 'Occupied'),
('859', 'h8', '2', 'Available'),
('860', 'h7', '5', 'Available'),
('861', 'h5', '1', 'Available'),
('862', 'h9', '2', 'Occupied'),
('863', 'h5', '3', 'Available'),
('864', 'h3', '4', 'Available'),
('865', 'h3', '5', 'Under Maintenance'),
('866', 'h6', '1', 'Occupied'),
('867', 'h7', '3', 'Available'),
('868', 'h8', '3', 'Available'),
('869', 'h2', '4', 'Occupied'),
('870', 'h3', '5', 'Available'),
('871', 'h4', '1', 'Occupied'),
('872', 'h5', '2', 'Occupied'),
('873', 'h6', '3', 'Available'),
('874', 'h7', '4', 'Available'),
('875', 'h8', '5', 'Available'),
('876', 'h2', '1', 'Occupied'),
('877', 'h4', '2', 'Available'),
('878', 'h5', '3', 'Available'),
('879', 'h6', '4', 'Occupied'),
('880', 'h7', '5', 'Available'),
('881', 'h1', '1', 'Available'),
('882', 'h1', '2', 'Occupied'),
('883', 'h1', '3', 'Available'),
('884', 'h2', '4', 'Available'),
('885', 'h2', '4', 'Under Maintenance'),
('886', 'h2', '1', 'Occupied'),
('887', 'h3', '2', 'Available'),
('888', 'h3', '3', 'Available'),
('889', 'h3', '4', 'Occupied'),
('890', 'h4', '5', 'Available'),
('891', 'h4', '1', 'Available'),
('892', 'h4', '2', 'Occupied'),
('893', 'h5', '3', 'Occupied'),
('894', 'h5', '4', 'Available'),
('895', 'h3', '5', 'Occupied'),
('896', 'h4', '1', 'Occupied'),
('897', 'h6', '2', 'Available'),
('898', 'h7', '3', 'Available'),
('899', 'h7', '4', 'Occupied'),
('900', 'h3', '5', 'Available'),
('901', 'h6', '1', 'Available'),
('902', 'h7', '2', 'Occupied'),
('903', 'h2', '2', 'Available'),
('904', 'h3', '4', 'Available'),
('905', 'h3', '5', 'Available'),
('906', 'h7', '1', 'Occupied'),
('907', 'h5', '2', 'Available'),
('908', 'h6', '3', 'Occupied'),
('909', 'h4', '4', 'Occupied'),
('910', 'h4', '5', 'Available'),
('911', 'h8', '1', 'Available'),
('912', 'h8', '2', 'Occupied'),
('913', 'h9', '3', 'Available'),
('914', 'h9', '4', 'Available'),
('915', 'h10', '5', 'Occupied'),
('916', 'h10', '1', 'Occupied'),
('917', 'h2', '2', 'Available'),
('918', 'h2', '3', 'Available'),
('919', 'h2', '4', 'Occupied'),
('920', 'h3', '5', 'Available'),
('921', 'h3', '1', 'Available'),
('922', 'h4', '2', 'Occupied'),
('923', 'h4', '3', 'Available'),
('924', 'h5', '4', 'Available'),
('925', 'h6', '5', 'Under Maintenance'),
('926', 'h7', '1', 'Occupied'),
('927', 'h7', '4', 'Available'),
('928', 'h8', '3', 'Occupied'),
('929', 'h8', '4', 'Occupied'),
('930', 'h9', '5', 'Available'),
('931', 'h2', '1', 'Available'),
('932', 'h3', '2', 'Occupied'),
('933', 'h4', '3', 'Available'),
('934', 'h4', '4', 'Available'),
('935', 'h5', '5', 'Occupied'),
('936', 'h5', '1', 'Occupied'),
('937', 'h5', '2', 'Available'),
('938', 'h6', '3', 'Occupied'),
('939', 'h6', '4', 'Occupied'),
('940', 'h4', '5', 'Available'),
('941', 'h5', '1', 'Available'),
('942', 'h5', '2', 'Occupied'),
('943', 'h5', '3', 'Available'),
('944', 'h3', '4', 'Available'),
('945', 'h3', '5', 'Occupied'),
('946', 'h7', '1', 'Occupied'),
('947', 'h7', '2', 'Available'),
('948', 'h9', '4', 'Available'),
('949', 'h10', '4', 'Occupied'),
('950', 'h10', '5', 'Available'),
('951', 'h3', '1', 'Available'),
('952', 'h4', '2', 'Occupied'),
('953', 'h6', '3', 'Occupied'),
('954', 'h6', '4', 'Available'),
('955', 'h8', '5', 'Under Maintenance'),
('956', 'h6', '1', 'Occupied'),
('957', 'h3', '2', 'Available'),
('958', 'h3', '3', 'Available'),
('959', 'h7', '4', 'Occupied'),
('960', 'h9', '5', 'Available'),
('961', 'h3', '1', 'Available'),
('962', 'h4', '2', 'Occupied'),
('963', 'h4', '3', 'Available'),
('964', 'h6', '4', 'Available'),
('965', 'h5', '5', 'Under Maintenance'),
('966', 'h6', '1', 'Occupied'),
('967', 'h8', '2', 'Occupied'),
('968', 'h8', '3', 'Available'),
('969', 'h6', '4', 'Occupied'),
('970', 'h5', '5', 'Available'),
('971', 'h8', '1', 'Available'),
('972', 'h1', '5', 'Occupied'),
('973', 'h1', '3', 'Available'),
('974', 'h8', '4', 'Available'),
('975', 'h10', '5', 'Occupied'),
('976', 'h9', '1', 'Occupied'),
('977', 'h6', '2', 'Available'),
('978', 'h7', '3', 'Available'),
('979', 'h3', '4', 'Occupied'),
('980', 'h8', '5', 'Available'),
('981', 'h6', '1', 'Available'),
('982', 'h3', '2', 'Occupied'),
('983', 'h3', '3', 'Available'),
('984', 'h8', '4', 'Available'),
('985', 'h8', '5', 'Occupied'),
('986', 'h4', '1', 'Occupied'),
('987', 'h3', '2', 'Available'),
('988', 'h4', '3', 'Occupied'),
('989', 'h5', '4', 'Occupied'),
('990', 'h5', '3', 'Available'),
('991', 'h6', '1', 'Available'),
('992', 'h5', '2', 'Occupied'),
('993', 'h1', '5', 'Available'),
('994', 'h7', '4', 'Available'),
('995', 'h3', '5', 'Under Maintenance'),
('996', 'h8', '1', 'Occupied'),
('997', 'h6', '2', 'Available'),
('998', 'h4', '3', 'Available'),
('999', 'h3', '3', 'Occupied'),
('1000', 'h3', '5', 'Available');

Select*
From Room;


insert into customer values
('201700010','Yad Thakore','male','Indian','0862 5252111','horrocks@msn.com','42, Anand Nagar, Kochi - 558907'),
('201700011','Amitodana Munshif','male','Indian','+91 131 5004689','cremonini@comcast.net','60, Priyanka Society, PamelaGarh New Delhi - 291038'),
('201700012','Waazir Mahanti','male','Pakistan','(760) 983-5622','british@gmail.com','38, Aundh, Lucknow - 583938'),
('201700013','Ramaeshwara Bandyopadhyay','male','Indian','0567 8606017','wayward@live.com','20, RichaPur, Mysore - 273782'),
('201700014','Mishri Kapadia','male','Indian','+91 63 10684225','dgriffith@outlook.com','88, Sodala, Thiruvananthapuram - 111152'),
('201700015','Pranav Kusari','male','Indian','+91 24 90512334','donev@gmail.com','90, Obaid Heights, SharadPur Bengaluru - 551980'),
('201700016','Navin Mirchandani','male','Indian','+91 593 0313056','gboss@icloud.com','62, Virar, Gurgaon - 284334'),
('201700017','Amrit Dayal','male','Indian','+91 60 47126141','dimensio@outlook.com','72, Chandni Heights, NupurPur Chennai - 262032'),
('201700018','Divya Ahuja','female','Indian','+91 865 6637250','amimojo@att.net','49, Riya Apartments, Kharadi Rajkot - 363014'),
('201700019','Divya Sabanis','female','Indian','0147 9428379','ramollin@yahoo.ca','17, Pooja Villas, Mansarovar Raipur - 177726'),
('201700020','Nehal Banahatti','female','Indian','+91 976 5517456','schwaang@verizon.net','78, Kharadi, Patna - 428336'),
('201700021','Komal Mahanta','female','Indian','+91 09 69361417','kempsonc@msn.com',	'23, Sodala, Thiruvananthapuram - 343492'),
('201700022','Durgawati Munshi','female','Indian','057 41130234','pkplex@att.net','43, Bandra, Srinagar - 109969'),
('201700023','Damien Murray','male','Australia','+91 03 30552508','magusnet@live.com','81, Virar, Srinagar - 317788'),
('201700024','Anton Burns','male','Australia','+91 37 84647011','skythe@msn.com',	'37, Jaswant Heights, JavedGarh Ludhiana - 186797'),
('201700025','Zack Odom','male','Iran','(601) 643-5641','hoyer@optonline.net','24, Sukriti Villas, SushmitaGunj Delhi - 308507'),
('201700026','Vinay Punja','male','Indian','(778) 277-1070','tezbo@sbcglobal.net','89, Sodala, Jodhpur - 583670'),
('201700027','Ashtavakra Dheer','female','America','(783) 928-5606','delpino@aol.com','40, Mohit Heights, Hinjewadi Bhubhaneshwar - 391676'),
('201700028','Shudraka Kamal','male','America','(357) 620-3033','arebenti@outlook.com','53, AbhishekGarh, Indore - 107336'),
('201700029','Anguri Ghoshal','male','America','(661) 552-2532','eminence@att.net','17, Nidhi Villas,Model Town Kota - 376087'),
('201700030','Bana Devadhikar','male','Indian','0417 8196836','sharon@aol.com','56, Zeenat Heights, Yasmin Chowk Kolkata - 282097'),
('201700031','Abhinav Sarkar','male','Indian','+91 179 2369595','mglee@hotmail.com','59, SaurabhGunj, Pondicherry - 477336'),
('201700032','Vinod Tipanis','male','Indian','032 61528422','bhima@optonline.net','	92, Yerwada, Pondicherry - 144173'),
('201700033','Yogarasa Nambisan','male','Indian','057 22677510','rddesign@verizon.net','77, Sodala, Bhubhaneshwar - 204117'),
('201700034','Veer Ayyangar','female','Indian','058 52222236','parents@sbcglobal.net','43, HimanshuPur, Kanpur - 448804'),
('201700035','MAdhava Vaikar','female','Indian','+91 397 3675705','mstrout@sbcglobal.net','77, Monica Chowk, Alwar - 224595'),
('201700036','Maria Mcclure','female','Indian','+91 833 5724233','mcsporran@gmail.com','36, Sukriti Villas, NutanPur Nagpur - 511786'),
('201700037','Draupati Raj','female','Indian','0052 6303738','ewaters@comcast.net','29, Sodala, Ludhiana - 183531'),
('201700038','Paraminta Kapadia','female','Indian','+91 080 1661499','policies@att.net','62, Kasturba Chowk, Pondicherry - 319429'),
('201700039','Lavanya Karamchand','female','Indian','+91 294 5641066','zilla@yahoo.ca','44, Rehman Chowk, Darjeeling - 311089'),
('201700040','Vijaya Chattarak','male','Indian','+91 24 67672723','epeeist@outlook.com','21, Harmada, Chandigarh - 324995'),
('201700041','Alia Ayyangar','female','Indian','+91 41 51995683','giafly@verizon.net','32, NupoorGarh, Darjeeling - 278921'),
('201700042','Dexter Gross','female','Indian','+91 220 7547786','demmel@me.com','51, Heena Society, MunniGunj Dehra Dun - 400291'),
('201800001','Simone Chavez','male','Indian','+91 62 57840275','mstrout@yahoo.ca','23, Hinjewadi, Guwahati - 341543'),
('201800002','Laci Glover','female','Sweden','(742) 541-6818','jschauma@yahoo.ca','26, Yogesh Society, RunjhunGarh Ajmer - 331358'),
('201800003','Sonamoni Ayyar','male','Sweden','(834) 803-0890','quantaman@me.com','27, NarayanGarh, Indore - 282929'),
('201800004','Satya Nambisan','male','Sweden','(910) 320-1524','thassine@aol.com','19, Vikhroli, Patna - 571443'),
('201800005','Macy Johnston','female','Sweden','0719 9157562','boftx@me.com','81, Virar, Srinagar - 317788'),
('201800006','Govind Bhatavadekar','male','Indian','0916 1866803','treit@aol.com','37, Jaswant Heights, JavedGarh Ludhiana - 186797'),
('201800007','Sherlock Holmes','male','England','(207) 355-0073','stern@comcast.net','22, Bakers Street, London'),
('201800008','John Watson','male','England','(400) 317-8514','rsteiner@yahoo.com','22, Bakers Street, London'),
('201800009','Krit Patel','male','Indian','0417 8196836','preneel@optonline.net','4 Man mandir society, ahmedabad'),
('201800010','Bhumi Patel','female','Indian','+91 179 2369595','delpino@sbcglobal.net','5 Man mandir society, ahmedabad'),
('201800011','Prachi Patel','female','Indian','032 61528422','sonnen@comcast.net','3 Man mandir society, ahmedabad'),
('201800012','Shane Watson','male','Australia','057 22677510','subir@yahoo.com','8254 S. Garfield Street. Grand Island, NE 68801.'),
('201800013','Steve Smith','male','Australia','(523) 271-9289','jimxugle@yahoo.ca','694 North Lake Forest Street. Farmingdale, NY 11735.'),
('201800014','Steve Jobs','male','USA','(974) 948-4564','dmbkiwi@verizon.net','858 8th St. Lawrenceville, GA 30043.'),
('201800015','Bill Gates','male','USA','(539) 476-7444','flakeg@aol.com','427 York Court. Phillipsburg, NJ 08865.'),
('201800016','Warren Buffet','male','USA','(780) 485-1506','jmcnamara@att.net','24 Yukon Ave. Avon, IN 46123.'),
('201800017','Mark Zuckerburg','male','USA','(845) 209-7548','fhirsch@sbcglobal.net','8178 Brandywine Lane. Barrington, IL 60010.'),
('201800018','Alan Musk','male','USA','(735) 566-6831','rfoley@aol.com','84 S. Garfield Street. Grand Island, USA'),
('201800019','Nicola Tesla','male','USA','(590) 321-6540','shrapnull@mac.com','88 8th St. Lawrenceville, GA 30043.'),
('201800020','Salena Gomez','female','USA','(573) 880-9507','seurat@mac.com','47 York Court. Phillipsburg, NJ 08865.'),
('201800021','Kate Winslate','female','USA','(494) 789-6520','harpes@gmail.com','24 Yukon Ave. Avon, IN 46123.'),
('201800022','Deepika Padukone','female','Indian','+91 213 2232999','odlyzko@outlook.com','43, HimanshuPur, Mumbai - 448804'),
('201800023','M S Dhoni','male','Indian','+91 738 5922119','sartak@icloud.com','77, Monica Chowk, Alwar,Rachi - 224595'),
('201800024','Rohit Sharma','male','Indian','+91 77 61007969','dbindel@live.com','36, Sukriti Villas, NutanPur Nagpur - 511786'),
('201800025','Shikhar Dhawan','male','Indian','0506 2439991','stellaau@optonline.net','29, Sodala, Ludhiana - 183531'),
('201800026','Virat Kohli','male','Indian','+91 302 9433371','gamma@gmail.com','62, Kasturba Chowk, Delhi - 319429'),
('201800027','Ambati Raydu','male','Indian','+91 058 9537350','gomor@yahoo.ca','44, Rehman Chowk, Darjeeling - 311089'),
('201500001','Vishnu Viswan','male','Indian','+91 870 7738727','danzigism@me.com','89, Baldev Apartments, MahmoodPur Chandigarh - 535969'),
('201500002','Mohun Padagavakar','male','Indian','+91 80 90674630','fbriere@me.com','75, Navami Apartments, AslamGunj Vadodara - 531429'),
('201500003','Sackhcham Bakshi','male','Indian','+91 597 7404439','plover@icloud.com','21, Kormangala, Raipur - 493988'),
('201500004','Shanti Shiravadakar','female','England','(348) 339-4820','jbarta@att.net','78, Amrit Society, UsmanGunj Meerut - 594711'),
('201500005','Chandrama Mirchandani','male','Indian','0717 1606379','odlyzko@icloud.com','45, Radheshyam Apartments, Cyber City Srinagar - 354936'),
('201500006','Vikramaditya Thakur','male','Indian','+91 63 14447479','oneiros@me.com','14, Sabina Heights, Kormangala Simla - 482834'),
('201500007','Navneet Chadda','male','Indian','098 38697060','mhoffman@optonline.net','26, Kharadi, Vadodara - 449759'),
('201500008','Vijya Chetti','male','New Zealand','(983) 871-2955','jdhedden@aol.com','38, Malad, Dehra Dun - 298033'),
('201500009','Mishri Dhibar','female','Indian','076 18987132','psichel@me.com','11, Malad, Pilani - 268193'),
('201500010','Vikramaditya Nandi','female','Indian','+91 89 71543408','daveed@yahoo.com','41, Kalyan Villas, Andheri Trichy - 455954'),
('201500011','Kaitlyn Ray','female','England','(308) 310-9608','metzzo@live.com','79, Harmada, Raipur - 140193'),
('201500012','Averie Hendricks','female','Germany','(765) 253-1254','fglock@gmail.com','49, Kamlesh Apartments, RadheGunj Jaipur - 433655'),
('201500013','Jaidyn Mcneil','female','Germany','(588) 405-7547','krueger@verizon.net','78, Kunti Apartments, Chinchwad Thiruvananthapuram - 564599'),
('201500014','Deandre Ballard','female','Brazil','(323) 213-0137','pedwards@att.net','18, CharuPur, Kota - 402507'),
('201500015','Sarama Nambiyar','male','Indian',	'+91 92 19428867','alias@icloud.com','48, Manish Villas, Sodala Chennai - 176061'),
('201500016','Pari Panikkar','male','Indian','054 68124321','adhere@icloud.com','75, Sirish Villas, Yeshwanthpura Nagpur - 536154'),
('201500017','Sarama Jadhav','male','Indian','+91 817 7377649','ilial@me.com','29, Bandra, Pondicherry - 309503'),
('201500018','Aaliya Dalavi','female','Indian','+91 694 7793816','yruan@comcast.net','28, Aastha Heights, DaminiGarh Udaipur - 319715'),
('201500019','Satya Malhotra','female','Indian','0464 9100195','wenzlaff@outlook.com','98, Owais Apartments, Chandpole Meerut - 470096'),
('201500020','Yad Kanungo','female','Korea','(323) 213-0137','dhrakar@sbcglobal.net','27, AlexGarh, Chennai - 192786'),
('201500021','Abhinav Nambisan','transgender','Indian','+91 277 1594189','leakin@verizon.net','63, Charlie Heights, Kormangala Patna - 483266'),
('201500022','Gopal Nambiyar','male','Indian','072 46937091','breegster@outlook.com','60, Abhinav Society, Hinjewadi Indore - 362674'),
('201500023','Sharad Vyas','male','Indian','+91 01 50333235','rande@aol.com','99, NeerendraPur, Hyderabad - 100056'),
('201600001','Kusika Parikh','male','New Zealand','(444) 457-1432','tangsh@me.com','89, Virar, Vadodara - 585986'),
('201600002','Chunder Chitanis','male','Indian','052 17169055','epeeist@hotmail.com','65, Vineeta Heights, Hadapsar Nashik - 586779'),
('201600003','Bhavabhuti Dhebar','male','Indian','+91 166 6825604','hillct@sbcglobal.net','84, Anusha Society, Bharat Chowk Guwahati - 377474'),
('201600005','Viswarupa Bhavalakar','male','Indian','+91 43 32716823','tmaek@verizon.net','99, Qabeel Villas, Aundh Udaipur - 384421'),
('201600006','Aryabhata Upalekar','male','Indian','+91 717 0984057','caronni@mac.com','82, SamirGunj, Panaji - 168914'),
('201600007','Kannagi Gupta','female','Indian','+91 03 76114698','frosal@yahoo.com','43, Bharat Villas, Kalyani Chowk Kanpur - 201979'),
('201600008','Krishnaa Chaudhari','female','Indian','+91 290 7691361','gamma@msn.com','23, PoojaPur, Alwar - 410780'),
('201600009','Neha Bhatta','female','Indian','+91 968 0412849','eidac@yahoo.com','14, Padama Villas, Madhavi Nagar New Delhi - 507478'),
('201600010','Minakshi Divekar','female','Indian','017 14991140','kudra@yahoo.com','39, Hinjewadi, Gandhinagar - 463851'),
('201600011','Vicente Noble','male','Bangladesh','(448) 292-2047','wayward@msn.com','38, ManishGarh, Faridabad - 188072'),
('201600012','Michaela Mccormick','male','China','(499) 610-5569','ghaviv@verizon.net','86, Malad, Delhi - 307412'),
('201600013','Jamar Perry','male','Canada','080 31747836','nimaclea@yahoo.com','60, Rajesh Heights, PriyankaGunj Dehra Dun - 573129'),
('201600014','Raghu Badakar','male','Indian','0216 7762070','simone@comcast.net','24, Leelawati Villas, Yerwada Jabalpur - 181817'),
('201600015','Chakravarti Adwani','male','Indian','+91 902 6194416','agolomsh@yahoo.com','75, Manish Villas, NazirGarh Thiruvananthapuram -507164'),
('201600016','Megh Kapil','male','Indian','082 10753849','airship@sbcglobal.net','86, Hinjewadi, Hisar - 595438'),
('201600017','Ajatasatru Limbu','male','Indian','0617 1474778','makarow@mac.com','40, Kushal Apartments, SheetalGarh Darjeeling - 121302'),
('201600018','MAdhava Ashtekar','male','Indian','0264 9005843','tbmaddux@aol.com','36, RunjhunGarh, Chennai - 383652'),
('201600019','Venkata Mallaya','male','Indian','+91 164 5677722','sopwith@hotmail.com','80, Kharadi, Jammu - 386360'),
('201600020','Jindan Padagavakar','male','Indian','+91 021 0230729','spadkins@yahoo.com','18, Samir Society, Parvez Chowk Hyderabad - 108957'),
('201600021','Johnny jugnu ','male','Indian','+91 021 0230728','jjins@yahoo.com','18, jjr Society, Parvez Chowk Hyderabad - 108957'),
('201600022','Todd Lucero','male','England','(742) 421-9631','dodong@yahoo.com','47, Uday Chowk, Kochi - 134116'),
('201600023','Alma Galloway','male','England','(582) 542-9889','paulv@icloud.com','16, Naseer Chowk, Delhi - 285208'),
('201600024','Demetrius Kirby','female','England','+91 504 3231630','drhyde@me.com','29, FerozGunj, Nashik - 241896'),
('201600025','Alisa Ho','female','Indian','+91 31 27414642','mgreen@comcast.net','27, NishthaPur, Kochi - 336278'),
('201600026','Sooraj Padhi','male','Indian','+91 52 80369231','mschilli@icloud.com','24, Ramesh Heights, Hinjewadi Nashik - 189880'),
('201600027','Anguri Deshmukh','male','Indian','060 52632236','notaprguy@live.com','65, Marathahalli, Nashik - 432062'),
('201600028','Cyavana Panja','male','Indian','+91 21 01902499','ribet@live.com','19, Radha Apartments, SushmitaPur Thiruvananthapuram - 493263'),
('201700001','Cyavana Ganapuli','male','Indian','+91 68 06880535','kourai@icloud.com','82, AbhishekPur, Vishakhapattanam - 377879'),
('201700002','Om Devadhikar','male','Indian','+91 61 74035850','aibrahim@me.com','30, Mukund Villas, NarayanPur Mumbai - 117159'),
('201700003','Nasatya Nandi','male','Indian','057 06177705','boomzilla@icloud.com','33, Ambika Society, Model Town Mysore - 309400'),
('201700004','Varuni Adwani','male','Indian','+91 82 15061616','dawnsong@aol.com','26, AneesPur, Jamnagar - 211754'),
('201700005','Pramod Chitanis','male','Indian','+91 169 9358408','durist@yahoo.com','43, Arun Society, Vineeta Chowk Bengaluru - 528398'),
('201700006','Anand Kayal','male','Indian','+91 98 40069057','airship@att.net','38, Arvind Villas, Aundh Mumbai - 233243'),
('201700007','Karam Nayar','male','Indian','+91 462 7412611','wiseb@yahoo.com','84, Mohanlal Nagar, Vadodara - 105123'),
('201700008','Ranjan Chipalunakar','male','Indian','+91 270 2261083','symbolic@yahoo.com','26, Sodala, Simla - 287232'),
('201700009','Ashutosh Banahatti','male','Indian','+91 051 6017954','arachne@att.net','58, Kormangala, Mumbai - 584509'),
('201600004','megh kapil','male','Indian','+91 052 6017954','meghchne@att.net','58, Kormangala, Mumbai - 584509');

select* from Customer;




INSERT INTO Booking VALUES
('1','201800010','102','2017-01-10','2017-01-10','7400'),
('2','201500009','023','2017-01-12','2017-01-14','9600'),
('3','201600025','102','2017-01-21','2017-01-22','7400'),
('4','201500004','211','2017-01-28','2017-02-01','72000'),
('5','201800009','201','2017-02-06','2017-02-06','18000'),
('6','201500003','013','2017-02-07','2017-02-09','9600'),
('7','201600022','001','2017-02-14','2017-02-15','4800'),
('8','201800003','202','2017-02-21','2017-02-21','18000'),
('9','201500014','101','2017-03-01','2017-03-03','14800'),
('10','201800011','103','2017-03-11','2017-03-15','29600');
INSERT INTO Booking VALUES
('11','201700013','222','2017-03-22','2017-03-24','36000'),
('12','201600020','101','2017-04-01','2017-04-04','22200'),
('13','201700034','003','2017-04-10','2017-04-11','4800'),
('14','201800019','203','2017-04-17','2017-04-20','54000'),
('15','201800004','103','2017-04-20','2017-04-23','22200'),
('16','201700009','121','2017-04-25','2017-04-28','22200'),
('17','201700028','013','2017-04-30','2017-05-01','4800'),
('18','201500004','102','2017-05-04','2017-05-07','22200'),
('19','201600012','222','2017-05-13','2017-05-16','54000'),
('20','201700003','111','2017-05-19','2017-05-20','7400');
INSERT INTO Booking VALUES
('21','201700026','202','2017-05-20','2017-05-20','18000'),
('22','201500003','013','2017-05-29','2017-05-29','4800'),
('23','201800007','203','2017-06-05','2017-06-05','18000'),
('24','201600012','222','2017-06-06','2017-06-07','18000'),
('25','201700038','012','2017-06-12','2017-06-14','9600'),
('26','201600015','103','2017-06-23','2017-06-24','7400'),
('27','201600015','212','2017-07-03','2017-07-07','72000'),
('28','201600022','102','2017-07-10','2017-07-13','22200'),
('29','201700038','103','2017-07-21','2017-07-25','29600'),
('30','201500019','103','2017-07-28','2017-07-30','14800');
INSERT INTO Booking VALUES
('31','201500023','111','2017-08-03','2017-08-07','29600'),
('32','201600028','021','2017-08-12','2017-08-13','4800'),
('33','201500023','121','2017-08-17','2017-08-20','22200'),
('34','201600027','014','2017-08-26','2017-08-30','19200'),
('35','201700036','014','2017-09-04','2017-09-07','14400');
INSERT INTO Booking VALUES
('36','201500013','222','2017-09-10','2017-09-11','18000'),
('37','201600005','022','2017-09-13','2017-09-14','4800'),
('38','201800016','221','2017-09-17','2017-09-21','72000'),
('39','201500013','201','2017-09-28','2017-10-02','72000'),
('40','201600011','101','2017-10-02','2017-10-04','14800');
INSERT INTO Booking VALUES
('41','201700025','113','2017-10-09','2017-10-11','14800'),
('42','201700032','112','2017-10-14','2017-10-15','7400'),
('43','201700020','112','2017-10-22','2017-10-25','22200'),
('44','201700029','211','2017-10-25','2017-10-28','54000'),
('45','201700010','111','2017-11-02','2017-11-05','22200'),
('46','201700031','023','2017-11-06','2017-11-09','14400'),
('47','201500012','023','2017-11-12','2017-11-15','14400'),
('48','201700011','012','2017-11-22','2017-11-23','4800'),
('49','201800012','121','2017-11-27','2017-11-28','7400'),
('50','201600003','122','2017-11-29','2017-12-03','29600');
INSERT INTO Booking VALUES
('51','201500013','003','2017-12-06','2017-12-07','4800'),
('52','201800009','203','2017-12-14','2017-12-16','36000'),
('53','201600015','103','2017-12-24','2017-12-26','14800'),
('54','201500009','201','2017-12-31','2017-12-31','18000'),
('55','201500017','021','2018-01-07','2018-01-08','4800'),
('56','201800023','203','2018-01-08','2018-01-08','18000'),
('57','201500004','002','2018-01-13','2018-01-14','4800'),
('58','201600001','002','2018-01-18','2018-01-21','14400'),
('59','201600017','014','2018-01-30','2018-02-02','14400'),
('60','201500021','121','2018-02-11','2018-02-13','14800'),
('61','201700019','011','2018-02-15','2018-02-19','19200'),
('62','201800001','101','2018-02-20','2018-02-22','14800'),
('63','201600010','113','2018-03-01','2018-03-03','14800'),
('64','201800012','022','2018-03-04','2018-03-06','9600'),
('65','201800023','024','2018-03-15','2018-03-19','19200'),
('66','201800013','014','2018-03-19','2018-03-23','19200'),
('67','201600022','123','2018-03-25','2018-03-25','7400'),
('68','201700011','003','2018-03-27','2018-03-28','4800'),
('69','201800014','024','2018-03-31','2018-04-02','9600'),
('70','201700005','103','2018-04-06','2018-04-09','22200'),
('71','201700002','014','2018-04-11','2018-04-11','4800'),
('72','201500016','111','2018-04-20','2018-04-24','29600'),
('73','201700038','004','2018-04-24','2018-04-24','4800'),
('74','201700028','121','2018-04-30','2018-05-02','14800'),
('75','201800001','014','2018-05-10','2018-05-12','9600'),
('76','201600017','024','2018-05-20','2018-05-20','4800'),
('77','201500007','202','2018-05-23','2018-05-23','18000'),
('78','201600025','203','2018-05-31','2018-06-02','36000'),
('79','201700032','212','2018-06-02','2018-06-05','54000'),
('80','201700021','022','2018-06-06','2018-06-06','4800'),
('81','201600002','103','2018-06-10','2018-06-10','7400'),
('82','201800007','211','2018-06-12','2018-06-12','18000'),
('83','201800023','111','2018-06-18','2018-06-22','29600'),
('84','201500001','122','2018-06-28','2018-06-29','7400'),
('85','201700004','101','2018-07-05','2018-07-07','14800'),
('86','201700028','014','2018-07-10','2018-07-14','19200'),
('87','201800017','123','2018-07-18','2018-07-21','22200'),
('88','201500001','212','2018-07-27','2018-07-31','72000'),
('89','201700004','123','2018-08-09','2018-08-09','7400'),
('90','201800010','004','2018-08-12','2018-08-15','14400'),
('91','201700018','223','2018-08-20','2018-08-22','36000'),
('92','201800010','122','2018-08-26','2018-08-26','7400'),
('93','201800022','013','2018-09-04','2018-09-04','4800'),
('94','201700033','212','2018-09-05','2018-09-06','18000'),
('95','201800016','222','2018-09-08','2018-09-11','54000'),
('96','201600015','122','2018-09-13','2018-09-15','14800'),
('97','201500003','101','2018-09-16','2018-09-19','22200'),
('98','201700038','113','2018-09-26','2018-09-29','22200'),
('99','201800006','003','2018-10-05','2018-10-07','9600'),
('100','201700034','021','2018-10-13','2018-10-14','4800');
INSERT INTO Booking VALUES
('101','201800008','111','2018-10-18','2018-10-20','14800'),
('102','201700023','111','2018-10-24','2018-10-24','7400'),
('103','201600025','002','2018-10-26','2018-10-26','4800'),
('104','201600010','102','2018-10-27','2018-10-29','14800'),
('105','201700039','003','2018-10-29','2018-10-30','4800'),
('106','201600021','101','2018-10-30','2018-10-31','7400'),
('107','201800005','202','2018-11-01','2018-11-04','54000'),
('108','201500003','212','2018-11-12','2018-11-13','18000'),
('109','201700013','112','2018-11-18','2018-11-19','7400'),
('110','201600004','002','2018-11-27','2018-11-27','4800'),
('111','201800007','102','2017-01-04','2017-01-07','22200'),
('112','201800007','013','2017-01-15','2017-01-17','9600'),
('113','201600019','012','2017-01-25','2017-01-27','9600'),
('114','201500021','201','2017-01-29','2017-01-30','18000'),
('115','201700011','223','2017-02-05','2017-02-09','72000'),
('116','201700010','012','2017-02-17','2017-02-18','4800'),
('117','201500007','212','2017-02-19','2017-02-19','18000'),
('118','201700028','121','2017-02-24','2017-02-26','14800'),
('119','201500012','221','2017-02-26','2017-02-28','36000'),
('120','201500006','021','2017-03-03','2017-03-06','14400'),
('121','201500005','203','2017-03-11','2017-03-14','54000'),
('122','201600024','203','2017-03-14','2017-03-16','36000'),
('123','201500014','211','2017-03-23','2017-03-23','18000'),
('124','201600006','011','2017-03-27','2017-03-27','4800'),
('125','201700007','202','2017-04-03','2017-04-04','18000'),
('126','201800007','002','2017-04-07','2017-04-11','19200'),
('127','201700023','013','2017-04-16','2017-04-20','19200'),
('128','201800003','201','2017-04-25','2017-04-27','36000'),
('129','201800005','003','2017-05-01','2017-05-04','14400'),
('130','201500012','011','2017-05-10','2017-05-10','4800'),
('131','201500008','211','2017-05-15','2017-05-18','54000'),
('132','201600024','003','2017-05-22','2017-05-24','9600'),
('133','201700017','222','2017-05-31','2017-06-02','36000'),
('134','201600003','024','2017-06-08','2017-06-12','19200'),
('135','201700017','103','2017-06-16','2017-06-20','29600'),
('136','201700015','001','2017-06-26','2017-06-27','4800'),
('137','201800013','103','2017-07-03','2017-07-07','29600'),
('138','201600001','024','2017-07-11','2017-07-15','19200'),
('139','201600015','211','2017-07-22','2017-07-23','18000'),
('140','201700031','123','2017-07-24','2017-07-24','7400'),
('141','201500015','001','2017-07-25','2017-07-25','4800'),
('142','201700034','103','2017-07-27','2017-07-28','7400'),
('143','201700013','012','2017-07-30','2017-07-30','4800'),
('144','201700011','121','2017-07-31','2017-08-02','14800'),
('145','201500011','001','2017-08-06','2017-08-06','4800'),
('146','201800019','014','2017-08-07','2017-08-08','4800'),
('147','201600016','012','2017-08-16','2017-08-20','19200'),
('148','201700039','003','2017-08-29','2017-08-30','4800'),
('149','201700010','123','2017-09-07','2017-09-10','22200'),
('150','201500003','123','2017-09-16','2017-09-18','14800'),
 ('151','201800019','111','2017-09-19','2017-09-23','29600'),
('152','201800024','002','2017-09-23','2017-09-27','19200'),
('153','201600017','011','2017-09-28','2017-09-30','9600'),
('154','201700033','223','2017-10-08','2017-10-12','72000'),
('155','201600003','121','17/10/2017','18/10/2017','7400'),
('156','201800014','102','25/10/2017','25/10/2017','7400'),
('157','201800015','103','26/10/2017','30/10/2017','29600'),
('158','201700026','112','30/10/2017','31/10/2017','7400'),
('159','201800017','202','2/11/2017','6/11/2017','72000'),
('160','201500014','202','14/11/2017','14/11/2017','18000'),
('161','201600015','102','18/11/2017','21/11/2017','22200'),
('162','201500006','022','22/11/2017','25/11/2017','14400'),
('163','201500007','211','30/11/2017','4/12/2017','72000'),
('164','201500018','014','11/12/2017','13/12/2017','9600'),
('165','201800017','021','15/12/2017','19/12/2017','19200'),
('166','201800023','223','26/12/2017','30/12/2017','72000'),
('167','201600008','121','30/12/2017','1/1/2018','14800'),
('168','201500003','002','8/1/2018','8/1/2018','4800'),
('169','201800017','122','16/1/2018','17/1/2018','7400'),
('170','201500007','113','21/1/2018','21/1/2018','7400'),
('171','201700002','223','27/1/2018','30/1/2018','54000'),
('172','201700005','113','30/1/2018','1/2/2018','14800'),
('173','201600001','004','4/2/2018','4/2/2018','4800'),
('174','201800019','122','5/2/2018','8/2/2018','22200'),
('175','201600018','211','13/2/2018','14/2/2018','18000'),
('176','201500001','113','17/2/2018','20/2/2018','22200'),
('177','201800020','121','25/2/2018','25/2/2018','7400'),
('178','201700021','003','26/2/2018','2/3/2018','19200'),
('179','201800010','103','2/3/2018','3/3/2018','7400'),
('180','201700033','211','12/3/2018','13/3/2018','18000'),
('181','201800007','004','20/3/2018','24/3/2018','19200'),
('182','201500020','223','2/4/2018','4/4/2018','36000'),
('183','201500005','112','4/4/2018','7/4/2018','22200'),
('184','201800024','202','10/4/2018','13/4/2018','54000'),
('185','201800004','013','19/4/2018','21/4/2018','9600'),
('186','201600018','212','24/4/2018','25/4/2018','18000'),
('187','201500020','222','4/5/2018','6/5/2018','36000'),
('188','201600010','212','10/5/2018','13/5/2018','54000'),
('189','201500004','024','19/5/2018','22/5/2018','14400'),
('190','201600001','001','28/5/2018','31/5/2018','14400'),
('191','201500012','003','6/6/2018','9/6/2018','14400'),
('192','201800017','021','15/6/2018','17/6/2018','9600'),
('193','201700002','003','25/6/2018','25/6/2018','4800'),
('194','201800001','102','28/6/2018','30/6/2018','14800'),
('195','201800014','102','2/7/2018','3/7/2018','7400'),
('196','201600012','101','3/7/2018','6/7/2018','22200'),
('197','201600016','024','15/7/2018','17/7/2018','9600'),
('198','201500012','113','20/7/2018','21/7/2018','7400'),
('199','201800024','203','26/7/2018','29/7/2018','54000'),
('200','201700016','113','7/8/2018','9/8/2018','14800'),
('201','201700009','213','15/8/2018','19/8/2018','72000'),
('202','201700011','123','21/8/2018','24/8/2018','22200'),
('203','201600010','102','24/8/2018','27/8/2018','22200'),
('204','201500012','011','29/8/2018','2/9/2018','19200'),
('205','201700020','003','10/9/2018','12/9/2018','9600'),
('206','201800022','113','16/9/2018','17/9/2018','7400'),
('207','201700027','221','17/9/2018','18/9/2018','18000'),
('208','201700010','012','19/9/2018','19/9/2018','4800'),
('209','201600025','021','28/9/2018','1/10/2018','14400'),
('210','201600024','024','10/10/2018','10/10/2018','4800'),
('211','201500007','022','14/10/2018','14/10/2018','4800'),
('212','201500002','113','16/10/2018','17/10/2018','7400'),
('213','201600008','222','20/10/2018','20/10/2018','18000'),
('214','201700028','113','23/10/2018','25/10/2018','14800'),
('215','201600019','003','27/10/2018','31/10/2018','19200'),
('216','201700039','123','9/11/2018','10/11/2018','7400'),
('217','201600010','014','15/11/2018','16/11/2018','4800'),
('218','201500002','111','23/11/2018','25/11/2018','14800'),
('219','201500005','014','1/1/2017','1/1/2017','4800'),
('220','201700023','223','8/1/2017','11/1/2017','54000'),
('221','201800002','221','17/1/2017','18/1/2017','18000'),
('222','201800015','203','23/1/2017','25/1/2017','36000'),
('223','201500004','012','27/1/2017','29/1/2017','9600'),
('224','201500010','013','7/2/2017','7/2/2017','4800'),
('225','201700026','122','7/2/2017','10/2/2017','22200'),
('226','201500011','003','11/2/2017','13/2/2017','9600'),
('227','201700016','123','15/2/2017','19/2/2017','29600'),
('228','201800011','201','27/2/2017','1/3/2017','36000'),
('229','201600017','001','10/3/2017','14/3/2017','19200'),
('230','201800014','223','16/3/2017','19/3/2017','54000'),
('231','201500006','203','24/3/2017','28/3/2017','72000'),
('232','201700021','102','31/3/2017','31/3/2017','7400'),
('233','201600011','014','6/4/2017','9/4/2017','22200'),
('234','201800003','111','11/4/2017','12/4/2017','7400'),
('235','201800001','011','16/4/2017','20/4/2017','19200'),
('236','201600002','003','26/4/2017','29/4/2017','14400'),
('237','201500014','014','1/5/2017','4/5/2017','22200'),
('238','201600008','222','5/5/2017','5/5/2017','18000'),
('239','201500007','013','8/5/2017','10/5/2017','9600'),
('240','201800020','211','14/5/2017','14/5/2017','7200'),
('241','201500014','011','16/5/2017','18/5/2017','9600'),
('242','201600012','012','23/5/2017','24/5/2017','7400'),
('243','201500002','101','25/5/2017','25/5/2017','4800'),
('244','201800008','014','1/6/2017','2/6/2017','4800'),
('245','201800019','211','9/6/2017','11/6/2017','14400'),
('246','201500004','014','15/6/2017','17/6/2017','9600'),
('247','201800005','111','23/6/2017','26/6/2017','22200'),
('248','201600003','121','29/6/2017','2/7/2017','14800'),
('249','201600008','223','5/7/2017','5/7/2017','18000'),
('250','201700027','011','7/7/2017','7/7/2017','4800'),
('251','201500002','101','13/7/2017','15/7/2017','9600'),
('252','201500013','213','17/7/2017','20/7/2017','28800'),
('253','201800003','111','23/7/2017','25/7/2017','14800'),
('254','201800002','001','29/7/2017','31/7/2017','14400'),
('255','201600002','101','4/8/2017','5/8/2017','7400'),
('256','201800013','102','23/8/2017','23/8/2017','7400'),
('257','201800021','112','31/8/2017','4/9/2017','29600'),
('258','201800017','211','13/9/2017','14/9/2017','18000'),
('259','201600003','201','21/9/2017','21/9/2017','18000'),
('260','201800017','004','22/9/2017','23/9/2017','4800'),
('261','201500013','223','28/9/2017','30/9/2017','36000'),
('262','201600010','203','5/10/2017','6/10/2017','18000'),
('263','201600014','024','10/10/2017','10/10/2017','4800'),
('264','201600025','111','15/10/2017','17/10/2017','14800'),
('265','201800013','112','20/10/2017','23/10/2017','22200'),
('266','201600006','203','26/10/2017','28/10/2017','36000'),
('267','201500011','002','1/11/2017','4/11/2017','14400'),
('268','201700019','203','4/11/2017','8/11/2017','72000'),
('269','201500021','121','13/11/2017','13/11/2017','7400'),
('270','201500005','221','20/11/2017','24/11/2017','72000'),
('271','201500003','221','24/11/2017','25/11/2017','18000'),
('272','201800008','103','2/12/2017','3/12/2017','7400'),
('273','201600008','122','11/12/2017','15/12/2017','29600'),
('274','201700001','213','21/12/2017','21/12/2017','18000'),
('275','201600025','201','22/12/2017','26/12/2017','72000'),
('276','201800023','001','27/12/2017','28/12/2017','4800'),
('277','201600024','121','3/1/2018','3/1/2018','7400'),
('278','201800010','103','6/1/2018','10/1/2018','29600'),
('279','201700020','003','14/1/2018','16/1/2018','9600'),
('280','201500015','123','25/1/2018','25/1/2018','7400'),
('281','201800014','201','28/1/2018','31/1/2018','54000'),
('282','201800017','112','8/2/2018','8/2/2018','7400'),
('283','201600008','001','15/2/2018','18/2/2018','14400'),
('284','201800003','112','26/2/2018','27/2/2018','7400'),
('285','201600014','021','1/3/2018','2/3/2018','4800'),
('286','201800024','024','10/3/2018','12/3/2018','9600'),
('287','201800007','013','20/3/2018','21/3/2018','4800'),
('288','201800009','013','21/3/2018','23/3/2018','9600'),
('289','201600025','112','23/3/2018','25/3/2018','14800'),
('290','201700003','121','31/3/2018','4/4/2018','29600'),
('291','201600018','201','9/4/2018','13/4/2018','72000'),
('292','201800001','203','18/4/2018','19/4/2018','18000'),
('293','201500002','013','23/4/2018','23/4/2018','4800'),
('294','201600005','023','2/5/2018','6/5/2018','19200'),
('295','201700010','013','10/5/2018','14/5/2018','19200'),
('296','201500017','122','23/5/2018','26/5/2018','22200'),
('297','201600015','014','29/5/2018','29/5/2018','4800'),
('298','201600024','213','1/6/2018','5/6/2018','72000'),
('299','201700029','202','13/6/2018','17/6/2018','72000'),
('300','201700024','014','23/6/2018','26/6/2018','14400'),
('301','201500015','023','2/7/2018','3/7/2018','4800'),
('302','201700018','221','11/7/2018','14/7/2018','54000'),
('303','201600008','101','14/7/2018','14/7/2018','7400'),
('304','201800007','212','20/7/2018','20/7/2018','18000'),
('305','201700036','012','24/7/2018','25/7/2018','4800'),
('306','201700018','013','1/8/2018','2/8/2018','4800'),
('307','201500011','011','2/8/2018','2/8/2018','4800'),
('308','201800011','211','10/8/2018','12/8/2018','36000'),
('309','201800023','221','14/8/2018','15/8/2018','18000'),
('310','201500009','213','15/8/2018','17/8/2018','36000'),
('311','201600006','002','24/8/2018','26/8/2018','9600'),
('312','201600009','222','26/8/2018','29/8/2018','54000'),
('313','201700009','002','2/9/2018','6/9/2018','19200'),
('314','201500019','111','9/9/2018','11/9/2018','14800'),
('315','201700028','103','16/9/2018','16/9/2018','7400'),
('316','201800018','221','21/9/2018','22/9/2018','18000'),
('317','201700030','102','24/9/2018','26/9/2018','14800'),
('318','201600008','121','27/9/2018','27/9/2018','7400'),
('319','201600025','102','1/10/2018','4/10/2018','22200'),
('320','201800009','221','5/10/2018','8/10/2018','54000'),
('321','201500015','213','16/10/2018','16/10/2018','18000'),
('322','201500019','024','20/10/2018','21/10/2018','4800'),
('323','201600020','223','26/10/2018','26/10/2018','18000'),
('324','201500002','211','29/10/2018','29/10/2018','18000'),
('325','201700030','012','6/11/2018','10/11/2018','19200'),
('326','201500011','212','18/11/2018','21/11/2018','54000'),
('327','201500011','023','21/11/2018','21/11/2018','4800'),
('328','201500020','222','9/1/2017','13/1/2017','72000'),
('329','201700028','023','16/1/2017','20/1/2017','19200'),
('330','201600004','123','21/1/2017','24/1/2017','22200'),
('331','201700017','002','1/2/2017','2/2/2017','4800'),
('332','201800022','123','3/2/2017','7/2/2017','29600'),
('333','201500016','014','12/2/2017','16/2/2017','19200'),
('334','201700026','211','17/2/2017','18/2/2017','18000'),
('335','201800019','112','26/2/2017','1/3/2017','22200'),
('336','201800016','001','6/3/2017','7/3/2017','4800'),
('337','201800015','004','16/3/2017','20/3/2017','19200'),
('338','201800017','021','22/3/2017','25/3/2017','14400'),
('339','201800012','222','28/3/2017','31/3/2017','54000'),
('340','201800021','122','1/4/2017','3/4/2017','14800'),
('341','201600016','223','4/4/2017','7/4/2017','54000'),
('342','201800006','211','13/4/2017','13/4/2017','18000'),
('343','201600011','021','15/4/2017','19/4/2017','19200'),
('344','201800019','014','22/4/2017','22/4/2017','4800'),
('345','201600011','113','26/4/2017','26/4/2017','7400'),
('346','201500002','112','3/5/2017','6/5/2017','22200'),
('347','201800015','121','6/5/2017','10/5/2017','29600'),
('348','201600008','223','13/5/2017','15/5/2017','36000'),
('349','201500015','022','17/5/2017','19/5/2017','9600'),
('350','201500015','202','27/5/2017','27/5/2017','18000'),
('351','201800012','112','2/6/2017','2/6/2017','7400'),
('352','201600019','013','10/6/2017','13/6/2017','14400'),
('353','201800024','004','13/6/2017','13/6/2017','4800'),
('354','201800016','113','18/6/2017','21/6/2017','22200'),
('355','201600021','021','28/6/2017','30/6/2017','9600'),
('356', '201700020', '102', '2/7/2017', '2/7/2017', '7400'),
('357', '201500005', '011', '3/7/2017', '3/7/2017', '4800'),
('358', '201500013', '122', '3/7/2017', '5/7/2017', '14800'),
('359', '201800001', '003', '6/7/2017', '9/7/2017', '14400'),
('360', '201600005', '012', '16/7/2017', '20/7/2017', '19200'),
('361', '201600023', '213', '21/7/2017', '22/7/2017', '18000'),
('362', '201700014', '112', '26/7/2017', '29/7/2017', '22200'),
('363', '201700011', '004', '4/8/2017', '4/8/2017', '4800'),
('364', '201800021', '004', '10/8/2017', '14/8/2017', '19200'),
('365', '201600017', '202', '21/8/2017', '25/8/2017', '72000'),
('366', '201500011', '014', '3/9/2017', '4/9/2017', '4800'),
('367', '201700025', '023', '4/9/2017', '6/9/2017', '9600'),
('368', '201700010', '111', '11/9/2017', '14/9/2017', '22200'),
('369', '201700007', '223', '19/9/2017', '20/9/2017', '18000'),
('370', '201800016', '211', '21/9/2017', '24/9/2017', '54000'),
('371', '201700016', '011', '30/9/2017', '3/10/2017', '14400'),
('372', '201700016', '013', '12/10/2017', '16/10/2017', '19200'),
('373', '201700035', '212', '25/10/2017', '25/10/2017', '18000'),
('374', '201700016', '221', '31/10/2017', '31/10/2017', '18000'),
('375', '201800019', '211', '31/10/2017', '2/11/2017', '36000'),
('376', '201500021', '012', '8/11/2017', '9/11/2017', '4800'),
('377', '201600009', '121', '11/11/2017', '12/11/2017', '7400'),
('378', '201500019', '024', '21/11/2017', '22/11/2017', '4800'),
('379', '201600006', '122', '30/11/2017', '3/12/2017', '22200'),
('380', '201600004', '203', '7/12/2017', '11/12/2017', '72000'),
('381', '201500015', '111', '14/12/2017', '15/12/2017', '7400'),
('382', '201700027', '221', '15/12/2017', '16/12/2017', '18000'),
('383', '201700019', '211', '20/12/2017', '20/12/2017', '18000'),
('384', '201700014', '122', '26/12/2017', '29/12/2017', '22200'),
('385', '201700014', '123', '5/1/2018', '6/1/2018', '7400'),
('386', '201800001', '004', '11/1/2018', '14/1/2018', '14400'),
('387', '201600010', '213', '23/1/2018', '26/1/2018', '54000'),
('388', '201500011', '122', '1/2/2018', '1/2/2018', '7400'),
('389', '201700025', '023', '8/2/2018', '11/2/2018', '14400'),
('390', '201800010', '014', '18/2/2018', '22/2/2018', '19200'),
('391', '201500010', '212', '28/2/2018', '4/3/2018', '72000'),
('392', '201500018', '003', '5/3/2018', '8/3/2018', '14400'),
('393', '201800002', '122', '10/3/2018', '14/3/2018', '29600'),
('394', '201700003', '211', '14/3/2018', '18/3/2018', '72000'),
('395', '201500018', '203', '19/3/2018', '20/3/2018', '18000'),
('396', '201800002', '113', '24/3/2018', '26/3/2018', '14800'),
('397', '201800020', '221', '1/4/2018', '5/4/2018', '72000'),
('398', '201700025', '102', '14/4/2018', '18/4/2018', '29600'),
('399', '201700012', '222', '19/4/2018', '20/4/2018', '18000'),
('400', '201800014', '112', '21/4/2018', '23/4/2018', '14800'),
('401', '201700013', '113', '26/4/2018', '26/4/2018', '7400'),
('402', '201800017', '213', '3/5/2018', '4/5/2018', '18000'),
('403', '201600009', '013', '11/5/2018', '11/5/2018', '4800'),
('404', '201600015', '112', '19/5/2018', '20/5/2018', '7400'),
('405', '201700028', '021', '29/5/2018', '31/5/2018', '9600'),
('406', '201700037', '222', '4/6/2018', '4/6/2018', '18000'),
('407', '201700006', '101', '12/6/2018', '16/6/2018', '29600'),
('408', '201500016', '111', '25/6/2018', '25/6/2018', '7400'),
('409', '201800006', '101', '27/6/2018', '1/7/2018', '29600'),
('410', '201700035', '221', '9/7/2018', '12/7/2018', '54000'),
('411', '201600015', '101', '13/7/2018', '13/7/2018', '7400'),
('412', '201800014', '101', '19/7/2018', '21/7/2018', '14800'),
('413', '201500003', '221', '25/7/2018', '25/7/2018', '18000'),
('414', '201800014', '023', '1/8/2018', '5/8/2018', '19200'),
('415', '201700019', '023', '7/8/2018', '9/8/2018', '9600'),
('416', '201500018', '123', '11/8/2018', '13/8/2018', '14800'),
('417', '201800002', '102', '15/8/2018', '19/8/2018', '29600'),
('418', '201700030', '201', '21/8/2018', '21/8/2018', '18000'),
('419', '201800021', '223', '21/8/2018', '24/8/2018', '54000'),
('420', '201500008', '004', '1/9/2018', '1/9/2018', '4800'),
('421', '201800005', '212', '1/9/2018', '4/9/2018', '54000'),
('422', '201500009', '101', '9/9/2018', '11/9/2018', '14800'),
('423', '201500012', '122', '13/9/2018', '14/9/2018', '7400'),
('424', '201800005', '201', '17/9/2018', '20/9/2018', '54000'),
('425', '201800005', '103', '29/9/2018', '3/10/2018', '29600'),
('426', '201800020', '121', '10/10/2018', '10/10/2018', '7400'),
('427', '201500018', '222', '16/10/2018', '18/10/2018', '36000'),
('428', '201500001', '223', '23/10/2018', '23/10/2018', '18000'),
('429', '201800014', '222', '31/10/2018', '4/11/2018', '72000'),
('430', '201700031', '004', '8/11/2018', '11/11/2018', '14400'),
('431', '201800008', '021', '11/11/2018', '14/11/2018', '14400'),
('432', '201600024', '022', '15/11/2018', '19/11/2018', '19200'),
('433', '201600002', '002', '21/11/2018', '23/11/2018', '9600'),
('434', '201600002', '122', '2/1/2017', '2/1/2017', '7400'),
('435', '201800023', '022', '2/1/2017', '2/1/2017', '4800'),
('436', '201800024', '222', '11/1/2017', '15/1/2017', '72000'),
('437', '201800020', '111', '22/1/2017', '23/1/2017', '7400'),
('438', '201600020', '102', '23/1/2017', '24/1/2017', '7400'),
('439', '201700008', '022', '26/1/2017', '27/1/2017', '4800'),
('440', '201700035', '021', '4/2/2017', '7/2/2017', '14400'),
('441', '201800015', '211', '12/2/2017', '15/2/2017', '54000'),
('442', '201700036', '101', '19/2/2017', '23/2/2017', '29600'),
('443', '201800014', '024', '23/2/2017', '23/2/2017', '4800'),
('444', '201600019', '201', '2/3/2017', '3/3/2017', '18000'),
('445', '201700039', '112', '11/3/2017', '13/3/2017', '14800'),
('446', '201800006', '213', '18/3/2017', '22/3/2017', '72000'),
('447', '201500003', '024', '26/3/2017', '27/3/2017', '4800'),
('448', '201700002', '213', '5/4/2017', '7/4/2017', '36000'),
('449', '201600021', '203', '7/4/2017', '10/4/2017', '54000'),
('450', '201500002', '121', '18/4/2017', '22/4/2017', '29600'),
('451', '201500007', '123', '23/4/2017', '27/4/2017', '29600'),
('452', '201500009', '212', '1/5/2017', '5/5/2017', '72000'),
('453', '201600004', '001', '11/5/2017', '13/5/2017', '9600'),
('454', '201500007', '023', '22/5/2017', '23/5/2017', '4800'),
('455', '201700002', '221', '29/5/2017', '2/6/2017', '72000'),
('456', '201700033', '101', '5/6/2017', '8/6/2017', '22200'),
('457', '201500004', '123', '16/6/2017', '16/6/2017', '7400'),
('458', '201700023', '101', '18/6/2017', '22/6/2017', '29600'),
('459', '201600009', '024', '27/6/2017', '27/6/2017', '4800'),
('460', '201800002', '001', '3/7/2017', '3/7/2017', '4800'),
('461', '201700033', '011', '12/7/2017', '16/7/2017', '19200'),
('462', '201800007', '112', '19/7/2017', '19/7/2017', '7400'),
('463', '201600019', '011', '24/7/2017', '25/7/2017', '4800'),
('464', '201800011', '213', '1/8/2017', '2/8/2017', '18000'),
('465', '201500013', '122', '9/8/2017', '13/8/2017', '29600'),
('466', '201500002', '222', '13/8/2017', '15/8/2017', '36000'),
('467', '201600009', '012', '21/8/2017', '25/8/2017', '19200'),
('468', '201800008', '103', '29/8/2017', '1/9/2017', '22200'),
('469', '201500018', '113', '1/9/2017', '1/9/2017', '7400'),
('470', '201700007', '221', '10/9/2017', '12/9/2017', '36000'),
('471', '201500004', '111', '20/9/2017', '22/9/2017', '14800'),
('472', '201700038', '212', '26/9/2017', '30/9/2017', '72000'),
('473', '201800013', '102', '30/9/2017', '3/10/2017', '22200'),
('474', '201500010', '022', '4/10/2017', '7/10/2017', '14400'),
('475', '201800019', '223', '7/10/2017', '10/10/2017', '54000'),
('476', '201700030', '122', '18/10/2017', '20/10/2017', '14800'),
('477', '201500006', '211', '25/10/2017', '26/10/2017', '18000'),
('478', '201600001', '211', '3/11/2017', '6/11/2017', '54000'),
('479', '201500011', '021', '7/11/2017', '9/11/2017', '9600'),
('480', '201500016', '221', '17/11/2017', '19/11/2017', '36000'),
('481', '201600019', '203', '21/11/2017', '24/11/2017', '54000'),
('482', '201700009', '212', '28/11/2017', '28/11/2017', '18000'),
('483', '201700031', '122', '30/11/2017', '1/12/2017', '7400'),
('484', '201500010', '111', '10/12/2017', '13/12/2017', '22200'),
('485', '201700001', '203', '20/12/2017', '24/12/2017', '72000'),
('486', '201800008', '213', '30/12/2017', '3/1/2018', '72000'),
('487', '201500011', '121', '4/1/2018', '4/1/2018', '7400'),
('488', '201500009', '113', '12/1/2018', '15/1/2018', '22200'),
('489', '201500011', '201', '19/1/2018', '23/1/2018', '72000'),
('490', '201700012', '003', '25/1/2018', '28/1/2018', '14400'),
('491', '201800021', '003', '3/2/2018', '4/2/2018', '4800'),
('492', '201800017', '102', '11/2/2018', '15/2/2018', '29600'),
('493', '201800017', '024', '17/2/2018', '17/2/2018', '4800'),
('494', '201600015', '021', '24/2/2018', '24/2/2018', '4800'),
('495', '201500012', '123', '2/3/2018', '4/3/2018', '14800'),
('496', '201700010', '123', '5/3/2018', '6/3/2018', '7400'),
('497', '201600005', '011', '12/3/2018', '14/3/2018', '9600'),
('498', '201700002', '013', '20/3/2018', '20/3/2018', '4800'),
('499', '201700017', '221', '24/3/2018', '25/3/2018', '18000'),
('500', '201800021', '203', '28/3/2018', '28/3/2018', '18000'),
('501', '201800010', '201', '1/4/2018', '4/4/2018', '54000'),
('502', '201800007', '023', '11/4/2018', '11/4/2018', '4800'),
('503', '201600001', '221', '15/4/2018', '18/4/2018', '54000'),
('504', '201500001', '202', '27/4/2018', '28/4/2018', '18000'),
('505', '201500003', '014', '28/4/2018', '28/4/2018', '4800'),
('506', '201500011', '111', '6/5/2018', '7/5/2018', '7400'),
('507', '201600008', '223', '8/5/2018', '12/5/2018', '72000'),
('508', '201700002', '221', '13/5/2018', '13/5/2018', '18000'),
('509', '201800021', '103', '15/5/2018', '16/5/2018', '7400'),
('510', '201700010', '212', '17/5/2018', '21/5/2018', '72000'),
('511', '201600015', '211', '29/5/2018', '1/6/2018', '54000'),
('512', '201800010', '004', '10/6/2018', '13/6/2018', '14400'),
('513', '201500008', '002', '18/6/2018', '18/6/2018', '4800'),
('514', '201800003', '123', '19/6/2018', '19/6/2018', '7400'),
('515', '201700017', '203', '20/6/2018', '23/6/2018', '54000'),
('516', '201600019', '021', '30/6/2018', '2/7/2018', '9600'),
('517', '201800021', '101', '6/7/2018', '7/7/2018', '7400'),
('518', '201600002', '112', '8/7/2018', '11/7/2018', '22200'),
('519', '201600015', '222', '17/7/2018', '18/7/2018', '18000'),
('520', '201700027', '223', '19/7/2018', '23/7/2018', '72000'),
('521', '201600023', '001', '1/8/2018', '2/8/2018', '4800'),
('522', '201600024', '122', '2/8/2018', '5/8/2018', '22200'),
('523', '201800024', '201', '13/8/2018', '13/8/2018', '18000'),
('524', '201700035', '122', '20/8/2018', '21/8/2018', '7400'),
('525', '201600010', '012', '26/8/2018', '27/8/2018', '4800'),
('526', '201600005', '122', '29/8/2018', '29/8/2018', '7400'),
('527', '201600007', '024', '6/9/2018', '8/9/2018', '9600'),
('528', '201700035', '113', '17/9/2018', '20/9/2018', '22200'),
('529', '201800012', '202', '22/9/2018', '25/9/2018', '54000'),
('530', '201600023', '004', '2/10/2018', '3/10/2018', '4800'),
('531', '201700016', '011', '12/10/2018', '13/10/2018', '4800'),
('532', '201500017', '101', '16/10/2018', '16/10/2018', '7400'),
('533', '201700037', '003', '17/10/2018', '21/10/2018', '19200'),
('534', '201600005', '002', '21/10/2018', '23/10/2018', '9600'),
('535', '201700025', '003', '25/10/2018', '28/10/2018', '14400'),
('536', '201500017', '211', '2/11/2018', '3/11/2018', '18000'),
('537', '201500009', '202', '6/11/2018', '8/11/2018', '36000'),
('538', '201800010', '121', '12/11/2018', '15/11/2018', '22200'),
('539', '201500013', '021', '16/11/2018', '17/11/2018', '4800'),
('540', '201700038', '123', '21/11/2018', '21/11/2018', '7400'),
('541', '201700028', '012', '2/1/2017', '3/1/2017', '4800'),
('542', '201500008', '024', '5/1/2017', '6/1/2017', '4800'),
('543', '201700015', '002', '9/1/2017', '11/1/2017', '9600'),
('544', '201500010', '122', '11/1/2017', '14/1/2017', '22200'),
('545', '201700003', '221', '17/1/2017', '17/1/2017', '18000'),
('546', '201600016', '202', '21/1/2017', '25/1/2017', '72000'),
('547', '201800010', '102', '30/1/2017', '31/1/2017', '7400'),
('548', '201500003', '123', '1/2/2017', '4/2/2017', '22200'),
('549', '201700001', '212', '5/2/2017', '5/2/2017', '18000'),
('550', '201700027', '112', '6/2/2017', '6/2/2017', '7400'),
('551', '201600008', '003', '10/2/2017', '14/2/2017', '19200'),
('552', '201700023', '221', '22/2/2017', '24/2/2017', '36000'),
('553', '201700013', '014', '4/3/2017', '7/3/2017', '14400'),
('554', '201500008', '023', '14/3/2017', '17/3/2017', '14400'),
('555', '201800021', '022', '26/3/2017', '29/3/2017', '14400'),
('556', '201600004', '014', '29/3/2017', '29/3/2017', '4800'),
('557', '201500014', '024', '29/3/2017', '29/3/2017', '4800'),
('558', '201500017', '001', '5/4/2017', '6/4/2017', '4800'),
('559', '201500005', '223', '10/4/2017', '12/4/2017', '36000'),
('560', '201700022', '202', '19/4/2017', '20/4/2017', '18000'),
('561', '201800001', '121', '23/4/2017', '27/4/2017', '29600'),
('562', '201500013', '223', '1/5/2017', '1/5/2017', '18000'),
('563', '201600013', '014', '3/5/2017', '4/5/2017', '4800'),
('564', '201700007', '222', '8/5/2017', '11/5/2017', '54000'),
('565', '201500005', '003', '19/5/2017', '20/5/2017', '4800'),
('566', '201700007', '112', '20/5/2017', '21/5/2017', '7400'),
('567', '201800010', '202', '22/5/2017', '26/5/2017', '72000'),
('568', '201600020', '223', '28/5/2017', '30/5/2017', '36000'),
('569', '201700018', '012', '8/6/2017', '10/6/2017', '9600'),
('570', '201600004', '002', '12/6/2017', '14/6/2017', '9600'),
('571', '201800005', '223', '21/6/2017', '21/6/2017', '18000'),
('572', '201800020', '212', '30/6/2017', '3/7/2017', '54000'),
('573', '201700007', '103', '9/7/2017', '10/7/2017', '7400'),
('574', '201800004', '221', '17/7/2017', '21/7/2017', '72000'),
('575', '201600020', '014', '24/7/2017', '25/7/2017', '4800'),
('576', '201600018', '223', '2/8/2017', '2/8/2017', '18000'),
('577', '201800018', '002', '8/8/2017', '9/8/2017', '4800'),
('578', '201800015', '201', '11/8/2017', '12/8/2017', '18000'),
('579', '201800014', '111', '13/8/2017', '17/8/2017', '29600'),
('580', '201600019', '004', '21/8/2017', '21/8/2017', '4800'),
('581', '201700003', '002', '26/8/2017', '26/8/2017', '4800'),
('582', '201800005', '014', '26/8/2017', '26/8/2017', '4800'),
('583', '201600022', '223', '28/8/2017', '30/8/2017', '36000'),
('584', '201700031', '103', '2017-09-01', '2017-09-03', '14800'),
('585', '201800024', '112', '2017-09-09', '2017-09-13', '29600'),
('586', '201500017', '103', '2017-09-13', '2017-09-17', '29600'),
('587', '201600008', '222', '2017-09-21', '2017-09-23', '36000'),
('588', '201700008', '223', '2017-09-23', '2017-09-27', '72000'),
('589', '201800002', '003', '2017-09-27', '2017-10-01', '19200'),
('590', '201500015', '002', '2017-10-02', '2017-10-02', '4800'),
('591', '201700026', '102', '2017-10-06', '2017-10-10', '29600'),
('592', '201500011', '122', '2017-10-15', '2017-10-15', '7400'),
('593', '201700038', '103', '2017-10-20', '2017-10-22', '14800'),
('594', '201600012', '003', '2017-10-29', '2017-11-02', '19200'),
('595', '201500004', '211', '2017-11-11', '2017-11-12', '18000'),
('596', '201800001', '123', '2017-11-13', '2017-11-17', '29600'),
('597', '201600016', '024', '2017-11-22', '2017-11-22', '4800'),
('598', '201600004', '213', '2017-11-29', '2017-12-01', '36000'),
('599', '201800001', '211', '2017-12-01', '2017-12-04', '54000'),
('600', '201500005', '202', '2017-12-07', '2017-12-09', '36000'),
('601', '201600016', '213', '2017-12-14', '2017-12-16', '36000'),
('602', '201700037', '213', '2017-12-23', '2017-12-27', '72000'),
('603', '201700034', '223', '2018-01-03', '2018-01-06', '54000'),
('604', '201700026', '013', '2018-01-15', '2018-01-15', '4800'),
('605', '201600013', '023', '2018-01-23', '2018-01-26', '14400'),
('606', '201600008', '022', '2018-01-30', '2018-02-02', '14400'),
('607', '201500003', '024', '2018-02-02', '2018-02-03', '4800'),
('608', '201500017', '103', '2018-02-05', '2018-02-06', '7400'),
('609', '201800015', '002', '2018-02-15', '2018-02-18', '14400'),
('610', '201500016', '004', '2018-02-26', '2018-02-28', '9600'),
('611', '201800022', '024', '2018-03-07', '2018-03-08', '4800'),
('612', '201700008', '221', '2018-03-10', '2018-03-12', '36000'),
('613', '201500019', '113', '2018-03-20', '2018-03-23', '22200'),
('614', '201500020', '201', '2018-03-24', '2018-03-26', '36000'),
('615', '201700021', '222', '2018-03-26', '2018-03-30', '72000'),
('616', '201500009', '112', '2018-04-02', '2018-04-06', '29600'),
('617', '201700001', '013', '2018-04-13', '2018-04-17', '19200'),
('618', '201800013', '202', '2018-04-17', '2018-04-21', '72000'),
('619', '201800022', '113', '2018-04-27', '2018-04-28', '7400'),
('620', '201500011', '201', '2018-04-28', '2018-04-29', '18000'),
('621', '201600021', '213', '2018-05-06', '2018-05-09', '54000'),
('622','201500008','021','10/5/2018','10/5/2018','4800'),
('623','201500002','121','17/5/2018','20/5/2018','22200'),
('624','201500020','222','27/5/2018','31/5/2018','72000'),
('625','201600005','003','3/6/2018','3/6/2018','4800'),
('626','201700033','213','9/6/2018','10/6/2018','18000'),
('627','201600002','002','17/6/2018','21/6/2018','19200'),
('628','201800012','014','29/6/2018','30/6/2018','4800'),
('629','201600006','223','1/7/2018','4/7/2018','54000'),
('630','201500004','113','11/7/2018','11/7/2018','7400'),
('631','201700026','004','19/7/2018','20/7/2018','4800'),
('632','201700028','222','28/7/2018','29/7/2018','18000'),
('633','201500003','012','29/7/2018','2/8/2018','19200'),
('634','201700029','012','10/8/2018','13/8/2018','14400'),
('635','201600021','113','17/8/2018','18/8/2018','7400'),
('636','201500002','122','26/8/2018','29/8/2018','22200'),
('637','201600023','123','3/9/2018','5/9/2018','14800'),
('638','201600003','222','7/9/2018','9/9/2018','36000'),
('639','201500015','201','13/9/2018','15/9/2018','36000'),
('640','201500009','211','16/9/2018','20/9/2018','72000'),
('641','201800011','014','21/9/2018','24/9/2018','14400'),
('642','201700003','102','1/10/2018','3/10/2018','14800'),
('643','201700021','111','7/10/2018','11/10/2018','29600'),
('644','201700005','123','16/10/2018','20/10/2018','29600'),
('645','201800004','012','26/10/2018','26/10/2018','4800'),
('646','201700025','222','3/11/2018','3/11/2018','18000'),
('647','201700031','024','8/11/2018','12/11/2018','19200'),
('648','201700039','023','12/11/2018','14/11/2018','9600'),
('649','201500021','014','20/11/2018','24/11/2018','19200'),
('650','201500012','213','6/1/2017','9/1/2017','54000'),
('651','201600019','111','9/1/2017','13/1/2017','29600'),
('652','201700021','123','22/1/2017','25/1/2017','22200'),
('653','201800020','111','26/1/2017','26/1/2017','7400'),
('654','201700015','221','1/2/2017','2/2/2017','18000'),
('655','201600007','213','2/2/2017','3/2/2017','18000'),
('656','201800023','213','11/2/2017','13/2/2017','36000'),
('657','201600012','223','17/2/2017','19/2/2017','36000'),
('658','201600025','211','19/2/2017','19/2/2017','18000'),
('659','201600021','221','19/2/2017','22/2/2017','54000'),
('660','201500012','022','2/3/2017','6/3/2017','19200'),
('661','201600010','221','9/3/2017','12/3/2017','54000'),
('662','201700029','202','15/3/2017','18/3/2017','54000'),
('663','201500021','013','19/3/2017','22/3/2017','14400'),
('664','201500005','203','25/3/2017','26/3/2017','18000'),
('665','201600023','001','30/3/2017','31/3/2017','4800'),
('666','201600012','014','6/4/2017','8/4/2017','9600'),
('667','201600015','213','12/4/2017','16/4/2017','72000'),
('668','201500011','211','16/4/2017','18/4/2017','36000'),
('669','201500008','113','22/4/2017','23/4/2017','7400'),
('670','201700020','111','24/4/2017','25/4/2017','7400'),
('671','201500014','111','25/4/2017','27/4/2017','14800'),
('672','201500006','011','6/5/2017','7/5/2017','4800'),
('673','201500019','202','7/5/2017','9/5/2017','36000'),
('674','201800003','023','17/5/2017','18/5/2017','4800'),
('675','201700027','103','21/5/2017','24/5/2017','22200'),
('676','201700029','013','28/5/2017','1/6/2017','19200'),
('677','201500021','001','8/6/2017','8/6/2017','4800'),
('678','201500004','222','8/6/2017','8/6/2017','18000'),
('679','201700031','122','10/6/2017','10/6/2017','7400'),
 ('680','201800017','023','12/6/2017','13/6/2017','4800'),
('681','201700035','201','18/6/2017','20/6/2017','36000'),
('682','201800022','121','20/6/2017','24/6/2017','29600'),
('683','201800015','123','29/6/2017','3/7/2017','29600'),
('684','201600017','213','8/7/2017','8/7/2017','18000'),
('685','201500013','223','16/7/2017','17/7/2017','18000'),
('686','201600016','203','23/7/2017','27/7/2017','72000'),
('687','201600001','023','31/7/2017','2/8/2017','9600'),
('688','201600023','101','2/8/2017','5/8/2017','22200'),
('689','201500019','112','6/8/2017','7/8/2017','7400'),
('690','201600010','021','14/8/2017','18/8/2017','19200'),
('691','201800018','002','26/8/2017','28/8/2017','9600'),
('692','201700028','012','1/9/2017','1/9/2017','4800'),
('693','201500015','024','7/9/2017','10/9/2017','14400'),
('694','201600015','013','17/9/2017','19/9/2017','9600'),
('695','201700002','221','21/9/2017','22/9/2017','18000'),
('696','201600018','123','29/9/2017','29/9/2017','7400'),
('697','201800017','121','5/10/2017','6/10/2017','7400'),
('698','201600001','002','11/10/2017','11/10/2017','4800'),
('699','201700015','004','15/10/2017','16/10/2017','4800'),
('700','201500005','201','16/10/2017','16/10/2017','18000'),
('701','201700009','111','22/10/2017','25/10/2017','22200'),
('702','201500008','122','31/10/2017','4/11/2017','29600'),
('703','201600003','023','13/11/2017','17/11/2017','19200'),
('704','201500011','021','25/11/2017','26/11/2017','4800'),
('705','201800001','221','26/11/2017','26/11/2017','18000'),
('706','201700013','201','4/12/2017','5/12/2017','18000'),
('707','201800013','201','13/12/2017','13/12/2017','18000'),
('708','201500020','201','14/12/2017','16/12/2017','36000'),
('709','201800018','002','18/12/2017','19/12/2017','4800'),
('710','201800005','122','25/12/2017','25/12/2017','7400'),
('711','201500002','122','27/12/2017','31/12/2017','29600'),
('712','201600019','003','31/12/2017','4/1/2018','19200'),
('713','201700019','102','7/1/2018','7/1/2018','7400'),
('714','201700033','222','10/1/2018','14/1/2018','72000'),
('715','201500012','001','15/1/2018','19/1/2018','19200'),
('716','201500002','021','28/1/2018','31/1/2018','14400'),
('717','201700005','102','6/2/2018','9/2/2018','22200'),
('718','201500013','211','9/2/2018','12/2/2018','54000'),
('719','201600015','213','19/2/2018','22/2/2018','54000'),
('720','201500019','223','3/3/2018','6/3/2018','54000'),
('721','201800020','002','10/3/2018','12/3/2018','9600'),
('722','201600025','102','18/3/2018','21/3/2018','22200'),
('723','201600020','213','27/3/2018','29/3/2018','36000'),
('724','201700007','203','31/3/2018','4/4/2018','72000'),
('725','201800018','003','6/4/2018','6/4/2018','4800'),
('726','201600014','121','12/4/2018','15/4/2018','22200'),
('727','201800021','223','18/4/2018','20/4/2018','36000'),
('728','201600010','011','28/4/2018','2/5/2018','19200'),
('729','201700010','102','4/5/2018','5/5/2018','7400'),
('730','201600024','011','13/5/2018','17/5/2018','19200'),
('731','201500016','004','23/5/2018','24/5/2018','4800'),
('732','201800010','011','27/5/2018','29/5/2018','9600'),
('733','201700028','213','29/5/2018','29/5/2018','18000'),
('734','201500020','022','31/5/2018','4/6/2018','19200'),
('735','201700020','003','13/6/2018','14/6/2018','4800'),
('736','201800007','201','16/6/2018','20/6/2018','72000'),
('737','201600010','212','29/6/2018','1/7/2018','36000'),
('738','201600011','101','4/7/2018','8/7/2018','29600'),
('739','201500003','121','10/7/2018','13/7/2018','22200'),
('740','201500006','123','21/7/2018','25/7/2018','29600'),
('741','201600012','201','25/7/2018','29/7/2018','72000'),
('742','201500010','222','7/8/2018','10/8/2018','54000'),
('743','201700016','012','17/8/2018','18/8/2018','4800'),
('744','201600006','101','18/8/2018','20/8/2018','14800'),
('745','201500011','023','27/8/2018','30/8/2018','14400'),
('746','201600014','201','31/8/2018','4/9/2018','72000'),
('747','201700021','111','8/9/2018','9/9/2018','7400'),
('748','201500004','211','11/9/2018','12/9/2018','18000'),
('749','201500008','101','16/9/2018','19/9/2018','22200'),
('750','201500001','113','20/9/2018','23/9/2018','22200'),
('751','201600003','101','1/10/2018','3/10/2018','14800'),
('752','201700021','011','7/10/2018','7/10/2018','4800'),
('753','201700029','212','11/10/2018','11/10/2018','18000'),
('754','201600025','202','20/10/2018','21/10/2018','18000'),
('755','201700032','123','22/10/2018','23/10/2018','7400'),
('756','201600002','122','28/10/2018','28/10/2018','7400'),
('757','201700024','012','3/11/2018','7/11/2018','19200'),
('758','201500019','101','15/11/2018','15/11/2018','7400'),
('759','201600013','102','21/11/2018','23/11/2018','14800'), 
('760','201500019','014','10/1/2017','14/1/2017','19200'),
('761','201700039','202','18/1/2017','21/1/2017','54000'),
('762','201600002','002','28/1/2017','30/1/2017','9600'),
('763','201800008','001','30/1/2017','30/1/2017','4800'),
('764','201700025','213','1/2/2017','5/2/2017','72000'),
('765','201500016','111','10/2/2017','13/2/2017','22200'),
('766','201600018','212','15/2/2017','16/2/2017','18000'),
('767','201600006','022','19/2/2017','20/2/2017','4800'),
('768','201500020','122','20/2/2017','20/2/2017','7400'),
('769','201800001','202','20/2/2017','20/2/2017','18000'),
('770','201500006','112','28/2/2017','28/2/2017','7400'),
('771','201500002','011','2/3/2017','3/3/2017','4800'),
('772','201800014','021','4/3/2017','5/3/2017','4800'),
('773','201500020','211','10/3/2017','14/3/2017','72000'),
('774','201600021','002','22/3/2017','24/3/2017','9600'),
('775','201600002','024','28/3/2017','31/3/2017','14400'),
('776','201600025','003','9/4/2017','11/4/2017','9600'),
('777','201500011','003','13/4/2017','17/4/2017','19200'),
('778','201800001','021','22/4/2017','22/4/2017','4800'),
('779','201500009','021','23/4/2017','26/4/2017','14400'),
('780','201500018','111','30/4/2017','3/5/2017','22200'),
('781','201800006','003','8/5/2017','10/5/2017','9600'),
('782','201800022','121','15/5/2017','19/5/2017','29600'),
('783','201800004','111','20/5/2017','21/5/2017','7400'),
('784','201800001','004','21/5/2017','23/5/2017','9600'),
('785','201800015','201','23/5/2017','23/5/2017','18000'),
('786','201800017','101','28/5/2017','1/6/2017','29600'),
('787','201500007','223','8/6/2017','12/6/2017','72000'),
('788','201500002','212','15/6/2017','18/6/2017','54000'),
('789','201700015','123','25/6/2017','27/6/2017','14800'),
('790','201800012','013','30/6/2017','1/7/2017','4800'),
('791','201700019','202','6/7/2017','6/7/2017','18000'),
('792','201600002','213','7/7/2017','8/7/2017','18000'),
('793','201500018','003','15/7/2017','16/7/2017','4800'),
('794','201800012','111','19/7/2017','22/7/2017','22200'),
('795','201800024','011','24/7/2017','28/7/2017','19200'),
('796','201500010','212','2/8/2017','2/8/2017','18000'),
('797','201700005','212','5/8/2017','9/8/2017','72000'),
('798','201500008','111','17/8/2017','18/8/2017','7400'),
('799','201600014','003','18/8/2017','21/8/2017','14400'),
('800','201700032','103','28/8/2017','30/8/2017','14800');
INSERT INTO Booking VALUES
('801','201600024','011','2/9/2017','6/9/2017','19200'),
('802','201500020','122','14/9/2017','18/9/2017','29600'),
('803','201600001','013','26/9/2017','29/9/2017','14400'),
('804','201600014','122','7/10/2017','9/10/2017','14800'),
('805','201800016','102','13/10/2017','16/10/2017','22200'),
('806','201800008','203','20/10/2017','23/10/2017','54000'),
('807','201800005','004','26/10/2017','30/10/2017','19200'),
('808','201500017','001','5/11/2017','7/11/2017','9600'),
('809','201600020','024','13/11/2017','14/11/2017','4800'),
('810','201500001','113','15/11/2017','15/11/2017','7400'),
('811','201700006','212','17/11/2017','18/11/2017','18000'),
('812','201700013','201','24/11/2017','26/11/2017','36000'),
('813','201500020','123','26/11/2017','30/11/2017','29600'),
('814','201600011','102','1/12/2017','2/12/2017','7400'),
('815','201700004','123','5/12/2017','8/12/2017','22200'),
('816','201800008','024','10/12/2017','10/12/2017','4800'),
('822','201600003','011','14/1/2018','18/1/2018','19200'),
('823','201600007','012','27/1/2018','30/1/2018','14400'),
('824','201600015','121','7/2/2018','11/2/2018','29600'),
('825','201600008','203','19/2/2018','21/2/2018','36000'),
('826','201800020','122','1/3/2018','3/3/2018','14800'),
('827','201600003','004','4/3/2018','6/3/2018','9600'),
('828','201600003','102','7/3/2018','8/3/2018','7400'),
('829','201500016','122','13/3/2018','17/3/2018','29600'),
('830','201800003','213','23/3/2018','27/3/2018','72000'),
('831','201600014','123','30/3/2018','1/4/2018','14800'),
('832','201700039','221','6/4/2018','9/4/2018','54000'),
('833','201700024','102','16/4/2018','16/4/2018','7400'),
('834','201500001','122','16/4/2018','20/4/2018','29600'),
('835','201800016','122','28/4/2018','30/4/2018','14800'),
('836','201600018','211','7/5/2018','10/5/2018','54000'),
('837','201500012','223','19/5/2018','20/5/2018','18000'),
('838','201600009','014','22/5/2018','23/5/2018','4800'),
('839','201800011','014','1/6/2018','3/6/2018','9600'), 
('840','201500021','001','3/6/2018','5/6/2018','9600'),
('841','201500013','111','11/6/2018','13/6/2018','14800'),
('842','201500013','121','14/6/2018','17/6/2018','22200'),
('843','201600006','121','20/6/2018','21/6/2018','7400'),
('844','201800008','123','26/6/2018','27/6/2018','7400'),
('845','201700013','221','4/7/2018','6/7/2018','36000'),
('846','201500012','004','9/7/2018','12/7/2018','14400'),
('847','201800001','023','21/7/2018','25/7/2018','19200'),
('848','201800021','101','27/7/2018','28/7/2018','7400'),
('849','201500010','221','2/8/2018','6/8/2018','72000'),
('850','201700025','111','11/8/2018','12/8/2018','7400'),
('851','201800009','013','15/8/2018','16/8/2018','4800'),
('852','201500014','021','23/8/2018','27/8/2018','19200'),
('853','201500014','213','2/9/2018','6/9/2018','72000'),
('854','201500011','123','15/9/2018','18/9/2018','22200'),
('855','201800001','203','19/9/2018','20/9/2018','18000'),
('856','201600008','222','26/9/2018','27/9/2018','18000'),
('857','201500014','011','28/9/2018','2/10/2018','19200'),
('858','201700028','202','9/10/2018','12/10/2018','54000'),
('859','201800007','212','17/10/2018','19/10/2018','36000'),
('860','201500019','123','24/10/2018','24/10/2018','7400'),
('861','201800009','111','25/10/2018','27/10/2018','14800'),
('862','201700038','113','4/11/2018','8/11/2018','29600'),
('863','201600019','121','12/11/2018','12/11/2018','7400'),
('864','201500014','103','14/11/2018','18/11/2018','29600'),
('865','201500020','013','19/11/2018','20/11/2018','4800'),
('866','201500002','112','25/11/2018','28/11/2018','22200'),
('867','201500015','023','9/1/2017','12/1/2017','14400'),
('868','201600016','212','18/1/2017','21/1/2017','54000'),
('869','201600005','101','30/1/2017','1/2/2017','14800'),
('870','201800009','223','8/2/2017','11/2/2017','54000'),
('871','201500002','213','15/2/2017','19/2/2017','72000'),
('872','201500001','004','19/2/2017','19/2/2017','4800'),
('873','201800011','003','27/2/2017','3/3/2017','19200'),
('874','201700027','113','10/3/2017','12/3/2017','14800'),
('875','201500010','012','21/3/2017','22/3/2017','4800'),
('876','201700001','213','29/3/2017','31/3/2017','36000'),
('877','201800017','014','9/4/2017','13/4/2017','19200'),
('878','201500011','202','20/4/2017','20/4/2017','18000'),
('879','201700015','023','23/4/2017','27/4/2017','19200'),
('880','201800005','202','27/4/2017','29/4/2017','36000'),
('881','201800007','111','2/5/2017','6/5/2017','29600'),
('882','201700039','112','14/5/2017','16/5/2017','14800'),
('883','201600010','122','16/5/2017','16/5/2017','7400'),
('884','201600018','223','21/5/2017','24/5/2017','54000'),
('885','201500009','113','29/5/2017','31/5/2017','14800'),
('886','201500010','201','5/6/2017','5/6/2017','18000'),
('887','201600018','103','9/6/2017','13/6/2017','29600'),
('888','201800008','201','16/6/2017','19/6/2017','54000'),
('889','201800016','013','22/6/2017','26/6/2017','19200'),
('890','201700019','102','27/6/2017','30/6/2017','22200'),
('891','201600024','012','3/7/2017','3/7/2017','4800'),
('892','201700015','211','9/7/2017','9/7/2017','18000'),
('893','201600010','211','18/7/2017','18/7/2017','18000'),
('894','201500019','121','22/7/2017','26/7/2017','29600'),
('895','201800012','112','29/7/2017','31/7/2017','14800'),
('896','201500004','023','5/8/2017','8/8/2017','14400'),
('897','201600009','222','11/8/2017','13/8/2017','36000'),
('898','201500013','222','15/8/2017','19/8/2017','72000'),
('899','201500010','123','28/8/2017','30/8/2017','14800'),
('900','201800008','103','5/9/2017','8/9/2017','22200'),
('901','201500005','221','11/9/2017','12/9/2017','18000'),
('902','201600018','012','14/9/2017','16/9/2017','9600'),
('903','201500019','213','25/9/2017','28/9/2017','54000'),
('904','201700022','211','30/9/2017','30/9/2017','18000'),
('905','201600001','001','30/9/2017','30/9/2017','4800'),
('906','201500017','222','7/10/2017','7/10/2017','18000'),
('907','201500018','014','7/10/2017','9/10/2017','9600'),
('908','201600020','123','12/10/2017','16/10/2017','29600'),
('909','201700031','121','21/10/2017','23/10/2017','14800'),
('910','201600022','123','1/11/2017','2/11/2017','7400'),
('911','201500014','121','4/11/2017','5/11/2017','7400'),
('912','201800001','123','9/11/2017','12/11/2017','22200'),
('913','201700003','011','21/11/2017','21/11/2017','4800'),
('914','201500021','223','22/11/2017','22/11/2017','18000'),
('915','201500008','024','25/11/2017','28/11/2017','14400'),
('916','201800016','002','6/12/2017','10/12/2017','19200'),
('917','201700020','024','15/12/2017','15/12/2017','4800'),
('918','201600017','002','16/12/2017','20/12/2017','19200'),
('919','201700019','014','28/12/2017','28/12/2017','4800'),
('920','201500019','121','28/12/2017','31/12/2017','22200'), 
('921','201500008','201','9/1/2018','11/1/2018','36000'),
('922','201800005','123','12/1/2018','15/1/2018','22200'),
('923','201700027','003','18/1/2018','19/1/2018','4800'),
('924','201800003','112','25/1/2018','27/1/2018','14800'),
('925','201700032','201','3/2/2018','4/2/2018','18000'),
('926','201800013','011','13/2/2018','17/2/2018','19200'),
('927','201500019','111','22/2/2018','22/2/2018','7400'),
('928','201600005','001','24/2/2018','27/2/2018','14400'),
('929','201600009','122','5/3/2018','7/3/2018','14800'),
('930','201500018','011','11/3/2018','15/3/2018','19200'),
('931','201500009','123','19/3/2018','21/3/2018','14800'),
('932','201800022','003','21/3/2018','22/3/2018','4800'),
('933','201800003','212','31/3/2018','2/4/2018','36000'),
('934','201500013','211','7/4/2018','10/4/2018','54000'),
('935','201700033','221','10/4/2018','11/4/2018','18000'),
('936','201700023','221','20/4/2018','21/4/2018','18000'),
('937','201800024','222','24/4/2018','28/4/2018','72000'),
('938','201500008','014','5/5/2018','6/5/2018','4800'),
('939','201700030','212','13/5/2018','16/5/2018','54000'),
('940','201700032','211','21/5/2018','23/5/2018','36000'),
('941','201600022','102','31/5/2018','1/6/2018','7400'),
('942','201600012','223','10/6/2018','10/6/2018','18000'),
('943','201800011','002','11/6/2018','11/6/2018','4800'),
('944','201600014','112','17/6/2018','20/6/2018','22200'),
('945','201700020','211','21/6/2018','23/6/2018','36000'),
('946','201800005','022','24/6/2018','26/6/2018','9600'),
('947','201500015','201','2/7/2018','3/7/2018','18000'),
('948','201600022','111','4/7/2018','8/7/2018','29600'),
('949','201500014','103','14/7/2018','18/7/2018','29600'),
('950','201600020','201','24/7/2018','26/7/2018','36000'),
('951','201800002','123','31/7/2018','4/8/2018','29600'),
('952','201800019','003','13/8/2018','17/8/2018','19200'),
('953','201600001','223','26/8/2018','29/8/2018','54000'),
('954','201500020','113','6/9/2018','10/9/2018','29600'),
('955','201700018','223','19/9/2018','19/9/2018','18000'),
('956','201600012','001','25/9/2018','28/9/2018','14400'),
('957','201700035','021','3/10/2018','6/10/2018','14400'),
('958','201600014','112','15/10/2018','19/10/2018','29600'),
('959','201700001','122','27/10/2018','29/10/2018','14800'),
('960','201500002','122','4/11/2018','8/11/2018','29600'),
('961','201700032','002','9/11/2018','9/11/2018','4800'),
('962','201500008','203','18/11/2018','20/11/2018','36000'),
('963','201800003','024','29/11/2018','29/11/2018','4800'),
('964','201700022','024','2/1/2017','3/1/2017','4800'),
('965','201600021','222','8/1/2017','11/1/2017','54000'),
('966','201800013','121','13/1/2017','13/1/2017','7400'),
('967','201500015','013','14/1/2017','14/1/2017','4800'),
('968','201500019','003','18/1/2017','18/1/2017','4800'),
('969','201700006','024','20/1/2017','24/1/2017','19200'),
('970','201700034','014','30/1/2017','3/2/2017','19200'), 
('971','201800015','122','12/2/2017','12/2/2017','7400'),
('972','201700005','013','15/2/2017','18/2/2017','14400'),
('973','201500009','102','18/2/2017','20/2/2017','14800'),
('974','201700036','003','24/2/2017','27/2/2017','14400'),
('975','201500012','221','4/3/2017','8/3/2017','72000'),
('976','201600023','002','16/3/2017','17/3/2017','4800'),
('977','201800013','212','17/3/2017','20/3/2017','54000'),
('978','201800004','023','24/3/2017','26/3/2017','9600'),
('979','201800016','023','26/3/2017','27/3/2017','4800'),
('980','201500021','113','2/4/2017','4/4/2017','14800'),
('981','201500020','123','8/4/2017','11/4/2017','22200'),
('982','201600025','202','13/4/2017','14/4/2017','18000'),
('983','201800015','201','21/4/2017','24/4/2017','54000'),
('984','201600002','001','2/5/2017','3/5/2017','4800'),
('985','201500015','103','5/5/2017','8/5/2017','22200'),
('986','201800003','213','16/5/2017','16/5/2017','18000'),
('987','201500003','221','25/5/2017','25/5/2017','18000'),
('988','201500014','023','25/5/2017','25/5/2017','4800'),
('989','201800011','024','31/5/2017','1/6/2017','4800'),
('990','201700008','013','9/6/2017','12/6/2017','14400'),
('991','201500004','122','20/6/2017','24/6/2017','29600'),
('992','201800011','004','2/7/2017','2/7/2017','4800'),
('993','201700008','021','4/7/2017','4/7/2017','4800'),
('994','201700011','101','4/7/2017','5/7/2017','7400'),
('995','201700011','001','7/7/2017','11/7/2017','19200'),
('996','201800021','112','11/7/2017','13/7/2017','14800'),
('997','201500006','014','21/7/2017','21/7/2017','4800'),
('998','201700036','021','27/7/2017','30/7/2017','14400'),
('999','201500019','202','8/8/2017','11/8/2017','54000'),
('1000','201500019','201','19/8/2017','19/8/2017','18000'),
('1001','201600025','102','23/8/2017','24/8/2017','7400'),
('1002','201600017','123','24/8/2017','28/8/2017','29600'),
('1003','201700012','021','4/9/2017','5/9/2017','4800'),
('1004','201600021','012','14/9/2017','18/9/2017','19200'),
('1005','201700024','212','18/9/2017','21/9/2017','54000'),
('1006','201700009','011','28/9/2017','30/9/2017','9600'),
('1007','201700028','221','2/10/2017','6/10/2017','72000'),
('1008','201800001','022','10/10/2017','12/10/2017','9600'),
('1009','201600009','122','15/10/2017','18/10/2017','22200'),
('1010','201500020','221','18/10/2017','21/10/2017','54000'),
('1011','201500012','123','30/10/2017','31/10/2017','7400'),
('1012','201800022','011','1/11/2017','4/11/2017','14400'),
('1013','201800008','213','12/11/2017','15/11/2017','54000'),
('1014','201500016','113','18/11/2017','19/11/2017','7400'),
('1015','201500020','202','24/11/2017','25/11/2017','18000'),
('1016','201600019','121','29/11/2017','29/11/2017','7400'),
('1017','201500012','202','30/11/2017','3/12/2017','54000'),
('1018','201600010','123','11/12/2017','15/12/2017','29600'),
('1019','201800011','222','17/12/2017','20/12/2017','54000'),
('1020','201500008','013','20/12/2017','23/12/2017','14400'),
('1021','201500019','112','25/12/2017','27/12/2017','14800'),
('1022','201700038','014','5/1/2018','8/1/2018','14400'),
('1023','201800014','013','8/1/2018','9/1/2018','4800'),
('1024','201700014','211','11/1/2018','15/1/2018','72000'),
('1025','201800012','012','22/1/2018','22/1/2018','4800'),
('1026','201500008','021','23/1/2018','27/1/2018','19200'),
('1027','201500006','112','31/1/2018','3/2/2018','22200'),
('1028','201600022','021','7/2/2018','10/2/2018','14400'),
('1029','201500011','013','11/2/2018','14/2/2018','14400'),
('1030','201700027','001','19/2/2018','22/2/2018','14400'),
('1031','201700031','121','25/2/2018','26/2/2018','7400'),
('1032','201800012','213','3/3/2018','3/3/2018','18000'),
('1033','201500009','002','10/3/2018','14/3/2018','19200'),
('1034','201800018','121','23/3/2018','25/3/2018','14800'),
('1035','201800009','004','26/3/2018','28/3/2018','9600'),
('1036','201700027','202','30/3/2018','1/4/2018','36000'),
('1037','201800014','121','3/4/2018','3/4/2018','7400'),
('1038','201500015','003','6/4/2018','10/4/2018','19200'),
('1039','201700004','203','12/4/2018','15/4/2018','54000'),
('1040','201500015','223','23/4/2018','23/4/2018','18000'),
('1041','201600015','011','26/4/2018','30/4/2018','19200'),
('1042','201600003','004','9/5/2018','13/5/2018','19200'),
('1043','201500011','022','20/5/2018','20/5/2018','4800'),
('1044','201500016','201','26/5/2018','30/5/2018','72000'),
('1045','201600024','022','7/6/2018','8/6/2018','4800'),
('1046','201600017','021','16/6/2018','20/6/2018','19200'),
('1047','201700022','122','20/6/2018','21/6/2018','7400'),
('1048','201500020','201','23/6/2018','25/6/2018','36000'),
('1049','201500016','012','27/6/2018','29/6/2018','9600'),
('1050','201600013','113','30/6/2018','30/6/2018','7400'),
('1051','201600001','022','9/7/2018','13/7/2018','19200'),
('1052','201500001','213','16/7/2018','16/7/2018','18000'),
('1053','201600006','012','20/7/2018','20/7/2018','4800'),
('1054','201500016','113','24/7/2018','27/7/2018','22200'),
('1055','201800004','003','27/7/2018','30/7/2018','14400'),
('1056','201700003','121','4/8/2018','6/8/2018','14800'),
('1057','201500014','001','11/8/2018','12/8/2018','4800'),
('1058','201600023','222','15/8/2018','15/8/2018','18000'),
('1059','201600020','201','17/8/2018','21/8/2018','72000'),
('1060','201700010','211','29/8/2018','29/8/2018','18000'),
('1061','201700021','103','3/9/2018','6/9/2018','22200'),
('1062','201500014','014','7/9/2018','8/9/2018','4800'),
('1063','201700039','201','15/9/2018','15/9/2018','18000'),
('1064','201800008','102','18/9/2018','22/9/2018','29600'),
('1065','201700017','023','30/9/2018','2/10/2018','9600'),
('1066','201600017','103','4/10/2018','7/10/2018','22200'),
('1067','201600002','223','11/10/2018','13/10/2018','36000'),
('1068','201600020','223','17/10/2018','20/10/2018','54000'),
('1069','201500008','014','23/10/2018','26/10/2018','14400'),
('1070','201500002','011','1/11/2018','3/11/2018','9600'),
('1071','201800009','001','12/11/2018','16/11/2018','19200'),
('1072','201500016','013','20/11/2018','20/11/2018','4800'),
('1073','201800022','211','5/1/2017','9/1/2017','72000'),
('1074','201600001','121','12/1/2017','13/1/2017','7400'),
('1075','201600023','024','15/1/2017','15/1/2017','4800'),
('1076','201700013','222','19/1/2017','23/1/2017','72000'),
('1077','201600002','223','29/1/2017','30/1/2017','18000'),
('1078','201500015','123','7/2/2017','7/2/2017','7400'),
('1079','201600010','011','15/2/2017','16/2/2017','4800'),
('1080','201800003','221','20/2/2017','21/2/2017','18000'),
('1081','201600016','203','26/2/2017','26/2/2017','18000'),
('1082','201800016','201','5/3/2017','6/3/2017','18000'),
('1083','201700025','212','11/3/2017','13/3/2017','36000'),
('1084','201700005','123','13/3/2017','14/3/2017','7400'),
('1085','201700019','121','18/3/2017','19/3/2017','7400'),
('1086','201600024','023','21/3/2017','25/3/2017','19200'),
('1087','201600017','203','26/3/2017','29/3/2017','54000'),
('1088','201700033','213','3/4/2017','3/4/2017','18000'),
('1089','201800006','113','12/4/2017','13/4/2017','7400'),
('1090','201600001','021','16/4/2017','19/4/2017','14400'),
('1091','201500012','123','19/4/2017','22/4/2017','22200'),
('1092','201700032','121','30/4/2017','2/5/2017','14800'),
('1093','201600002','211','6/5/2017','10/5/2017','72000'),
('1094','201800014','203','17/5/2017','21/5/2017','72000'),
('1095','201700007','021','24/5/2017','28/5/2017','19200'),
('1096','201500005','223','29/5/2017','2/6/2017','72000'),
('1097','201700027','004','11/6/2017','15/6/2017','19200'),
('1098','201800007','211','22/6/2017','23/6/2017','18000'),
('1099','201800022','011','1/7/2017','4/7/2017','14400'),
('1100','201700019','112','11/7/2017','15/7/2017','29600'),
('1101','201500013','122','19/7/2017','20/7/2017','7400'),
('1102','201700035','211','26/7/2017','27/7/2017','18000'),
('1103','201800002','004','28/7/2017','31/7/2017','14400'),
('1104','201600015','221','6/8/2017','7/8/2017','18000'),
('1105','201500016','221','7/8/2017','9/8/2017','36000'),
('1106','201800002','014','14/8/2017','17/8/2017','14400'),
('1107','201600018','024','19/8/2017','23/8/2017','19200'),
('1108','201500007','014','29/8/2017','31/8/2017','9600'),
('1109','201800001','012','7/9/2017','9/9/2017','9600'),
('1110','201500015','123','15/9/2017','16/9/2017','7400'),
('1111','201700019','121','21/9/2017','22/9/2017','7400'),
('1112','201500019','122','26/9/2017','29/9/2017','22200'),
('1113','201700037','123','4/10/2017','8/10/2017','29600'),
('1114','201600022','003','16/10/2017','16/10/2017','4800'),
('1115','201500021','221','21/10/2017','22/10/2017','18000'),
('1116','201700034','111','31/10/2017','1/11/2017','7400'),
('1117','201800006','112','3/11/2017','3/11/2017','7400'),
('1118','201700004','102','7/11/2017','7/11/2017','7400'),
('1119','201700007','013','14/11/2017','16/11/2017','9600'),
('1120','201700011','003','23/11/2017','24/11/2017','4800'),
('1121','201800006','221','29/11/2017','2/12/2017','54000'),
('1122','201600006','024','8/12/2017','9/12/2017','4800'),
('1123','201800018','102','13/12/2017','17/12/2017','29600'),
('1124','201800024','213','26/12/2017','26/12/2017','18000'),
('1125','201600021','122','4/1/2018','4/1/2018','7400'),
('1126','201500020','213','5/1/2018','7/1/2018','36000'),
('1127','201600023','201','10/1/2018','11/1/2018','18000'),
('1128','201800023','213','20/1/2018','21/1/2018','18000'),
('1129','201500015','014','26/1/2018','30/1/2018','19200'),
('1130','201600001','202','3/2/2018','6/2/2018','54000'),
('1131','201700015','123','12/2/2018','12/2/2018','7400'),
('1132','201600022','223','21/2/2018','25/2/2018','72000'),
('1133','201500001','001','5/3/2018','6/3/2018','4800'),
('1134','201700006','013','11/3/2018','13/3/2018','9600'),
('1135','201600023','102','19/3/2018','21/3/2018','14800'),
('1136','201800001','221','28/3/2018','29/3/2018','18000'),
('1137','201500006','201','1/4/2018','4/4/2018','54000'),
('1138','201700013','122','11/4/2018','12/4/2018','7400'),
('1139','201800013','112','21/4/2018','25/4/2018','29600'),
('1140','201500015','121','27/4/2018','27/4/2018','7400'),
('1141','201500011','201','3/5/2018','3/5/2018','18000'),
('1142','201700035','121','5/5/2018','5/5/2018','7400'),
('1143','201800005','023','5/5/2018','9/5/2018','19200'),
('1144','201700028','221','11/5/2018','11/5/2018','18000'),
('1145','201500009','123','12/5/2018','14/5/2018','14800'),
('1146','201700030','121','17/5/2018','21/5/2018','29600'),
('1147','201700011','123','25/5/2018','28/5/2018','22200'),
('1148','201700035','001','28/5/2018','31/5/2018','14400'),
('1149','201700021','111','2/6/2018','6/6/2018','29600'),
('1150','201700027','013','10/6/2018','10/6/2018','4800'),
('1151','201500012','024','17/6/2018','21/6/2018','19200'),
('1152','201500008','213','29/6/2018','3/7/2018','72000'),
('1153','201500007','103','9/7/2018','13/7/2018','29600'),
('1154','201600008','113','14/7/2018','14/7/2018','7400'),
('1155','201500002','121','18/7/2018','20/7/2018','14800'),
('1156','201600002','024','29/7/2018','1/8/2018','14400'),
('1157','201700037','024','5/8/2018','7/8/2018','9600'),
('1158','201800016','123','16/8/2018','16/8/2018','7400'),
('1159','201700031','113','22/8/2018','24/8/2018','14800'),
('1160','201800006','014','24/8/2018','25/8/2018','4800'),
('1161','201700024','101','2/9/2018','2/9/2018','7400'),
('1162','201700038','004','6/9/2018','6/9/2018','4800'),
('1163','201700034','212','12/9/2018','14/9/2018','36000'),
('1164','201700039','014','16/9/2018','16/9/2018','4800'),
('1165','201500016','013','21/9/2018','25/9/2018','19200'),
('1166','201800004','024','3/10/2018','7/10/2018','19200'),
('1167','201800014','101','9/10/2018','12/10/2018','22200'),
('1168','201600009','211','21/10/2018','21/10/2018','18000'),
('1169','201700027','111','29/10/2018','31/10/2018','14800'),
('1170','201800017','121','5/11/2018','7/11/2018','14800'),
('1171','201600006','014','10/11/2018','11/11/2018','4800'),
('1172','201800002','122','17/11/2018','19/11/2018','14800'),
('1173','201500004','203','25/11/2018','29/11/2018','72000'),
('1174','201500004','021','4/1/2017','8/1/2017','19200'),
('1175','201600011','223','17/1/2017','19/1/2017','36000'),
('1176','201700002','222','19/1/2017','20/1/2017','18000'),
('1177','201600013','013','20/1/2017','20/1/2017','4800'),
('1178','201500012','123','22/1/2017','26/1/2017','29600'),
('1179','201500013','013','26/1/2017','27/1/2017','4800'),
('1180','201700029','012','27/1/2017','31/1/2017','19200'),
('1181','201700037','111','1/2/2017','5/2/2017','29600'),
('1182','201500020','202','14/2/2017','18/2/2017','72000'),
('1183','201600010','122','24/2/2017','27/2/2017','22200'),
('1184','201800018','213','4/3/2017','5/3/2017','18000'),
('1185','201700004','122','6/3/2017','10/3/2017','29600'),
('1186','201800006','121','15/3/2017','19/3/2017','29600'),
('1187','201800020','213','24/3/2017','24/3/2017','18000'),
('1188','201500002','012','30/3/2017','2/4/2017','14400'),
('1189','201700021','203','5/4/2017','7/4/2017','36000'),
('1190','201800006','112','15/4/2017','16/4/2017','7400'),
('1191','201700003','123','20/4/2017','24/4/2017','29600'),
('1192','201700030','211','24/4/2017','27/4/2017','54000'),
('1193','201700003','111','5/5/2017','9/5/2017','29600'),
('1194','201500017','201','16/5/2017','20/5/2017','72000'),
('1195','201500018','014','28/5/2017','1/6/2017','19200'),
('1196','201700032','123','1/6/2017','2/6/2017','7400'),
('1197','201500004','202','5/6/2017','5/6/2017','18000'),
('1198','201700028','001','6/6/2017','8/6/2017','9600'),
('1199','201700033','001','11/6/2017','14/6/2017','14400'),
('1200','201500012','024','16/6/2017','20/6/2017','19200'),
('1201','201700025','122','27/6/2017','29/6/2017','14800'),
('1202','201500018','101','30/6/2017','4/7/2017','29600'),
('1203','201600020','201','4/7/2017','6/7/2017','36000'),
('1204','201700029','212','9/7/2017','11/7/2017','36000'),
('1205','201500009','211','15/7/2017','19/7/2017','72000'),
('1206','201500001','101','26/7/2017','28/7/2017','14800'),
('1207','201700003','102','29/7/2017','31/7/2017','14800'),
('1208','201800014','013','5/8/2017','6/8/2017','4800'),
('1209','201800017','013','7/8/2017','7/8/2017','4800'),
('1210','201500007','203','10/8/2017','12/8/2017','36000'),
('1211','201800024','102','18/8/2017','19/8/2017','7400'),
('1212','201800018','102','26/8/2017','27/8/2017','7400'),
('1213','201700036','122','2/9/2017','4/9/2017','14800'),
('1214','201700012','121','4/9/2017','7/9/2017','22200'),
('1215','201700003','223','15/9/2017','15/9/2017','18000'),
('1216','201700032','113','22/9/2017','25/9/2017','22200'),
('1217','201700032','222','3/10/2017','5/10/2017','36000'),
('1218','201600014','211','8/10/2017','10/10/2017','36000'),
('1219','201600007','213','13/10/2017','14/10/2017','18000'),
('1220','201700020','203','23/10/2017','27/10/2017','72000'),
('1221','201800018','023','3/11/2017','6/11/2017','14400'),
('1222','201500002','012','6/11/2017','9/11/2017','14400'),
('1223','201800004','021','14/11/2017','15/11/2017','4800'),
('1224','201500020','202','15/11/2017','16/11/2017','18000'),
('1225','201600014','022','20/11/2017','20/11/2017','4800'),
('1226','201600007','122','21/11/2017','25/11/2017','29600'),
('1227','201600009','122','26/11/2017','28/11/2017','14800'),
('1228','201700006','202','1/12/2017','2/12/2017','18000'),
('1229','201500014','014','8/12/2017','8/12/2017','4800'),
('1230','201500012','202','11/12/2017','13/12/2017','36000'),
('1231','201600016','002','18/12/2017','19/12/2017','4800'),
('1232','201700029','003','26/12/2017','26/12/2017','4800'),
('1233','201500004','111','29/12/2017','30/12/2017','7400'),
('1234','201600019','121','1/1/2018','5/1/2018','29600'),
('1235','201500002','201','14/1/2018','15/1/2018','18000'),
('1236','201600014','221','24/1/2018','24/1/2018','18000'),
('1237','201700011','013','26/1/2018','30/1/2018','19200'),
('1238','201700002','103','7/2/2018','8/2/2018','7400'),
('1239','201800024','003','10/2/2018','10/2/2018','4800'),
('1240','201700039','212','11/2/2018','13/2/2018','36000'),
('1241','201500012','213','21/2/2018','23/2/2018','36000'),
('1242','201800008','103','2/3/2018','6/3/2018','29600'),
('1243','201700008','211','7/3/2018','10/3/2018','54000'),
('1244','201800006','201','17/3/2018','18/3/2018','18000'),
('1245','201800010','122','21/3/2018','23/3/2018','14800'),
('1246','201700035','101','24/3/2018','24/3/2018','7400'),
('1247','201700009','013','28/3/2018','29/3/2018','4800'),
('1248','201500016','111','4/4/2018','6/4/2018','14800'),
('1249','201800005','121','11/4/2018','11/4/2018','7400'),
('1250','201700032','202','14/4/2018','18/4/2018','72000'),
('1251','201500007','022','19/4/2018','23/4/2018','19200'),
('1252','201800016','103','25/4/2018','29/4/2018','29600'),
('1253','201700026','123','29/4/2018','29/4/2018','7400'),
('1254','201500019','222','29/4/2018','30/4/2018','18000'),
('1255','201500012','202','2/5/2018','4/5/2018','36000'),
('1256','201800009','121','5/5/2018','6/5/2018','7400'),
('1257','201600018','121','6/5/2018','9/5/2018','22200'),
('1258','201800018','103','12/5/2018','15/5/2018','22200'),
('1259','201800019','023','15/5/2018','19/5/2018','19200'),
('1260','201700033','123','23/5/2018','23/5/2018','7400'),
('1261','201800005','211','30/5/2018','1/6/2018','36000'),
('1262','201500019','004','4/6/2018','7/6/2018','14400'),
('1263','201500014','002','10/6/2018','12/6/2018','9600'),
('1264','201600004','021','18/6/2018','20/6/2018','9600'),
('1265','201600014','211','28/6/2018','29/6/2018','18000'),
('1266','201700015','121','6/7/2018','10/7/2018','29600'),
('1267','201800011','113','10/7/2018','13/7/2018','22200'),
('1268','201600008','111','18/7/2018','18/7/2018','7400'),
('1269','201500020','201','21/7/2018','24/7/2018','54000'),
('1270','201700027','113','25/7/2018','27/7/2018','14800'),
('1271','201700037','121','2/8/2018','6/8/2018','29600'),
('1272','201600016','101','7/8/2018','7/8/2018','7400'),
('1273','201800010','003','8/8/2018','9/8/2018','4800'),
('1274','201800001','024','10/8/2018','11/8/2018','4800'),
('1275','201500010','202','17/8/2018','20/8/2018','54000'),
('1276','201800018','021','21/8/2018','24/8/2018','14400'),
('1277','201700026','221','2/9/2018','4/9/2018','36000'),
('1278','201800006','211','7/9/2018','10/9/2018','54000'),
('1279','201700010','112','15/9/2018','19/9/2018','29600'),
('1280','201800001','011','25/9/2018','26/9/2018','4800'),
('1281','201500013','202','4/10/2018','7/10/2018','54000'),
('1282','201500012','221','16/10/2018','20/10/2018','72000'),
('1283','201500012','213','24/10/2018','25/10/2018','18000'),
('1284','201700039','022','31/10/2018','3/11/2018','14400'), 
('1285','201500003','112','8/11/2018','11/11/2018','22200'),
('1286','201700033','012','19/11/2018','21/11/2018','9600'),
('1287','201500003','004','24/11/2018','26/11/2018','9600'),
('1288','201800023','101','9/1/2017','12/1/2017','22200'),
('1289','201600001','023','13/1/2017','15/1/2017','9600'),
('1290','201700003','112','20/1/2017','20/1/2017','7400'),
('1291','201700028','023','23/1/2017','26/1/2017','14400'),
('1292','201500008','201','26/1/2017','27/1/2017','18000'),
('1293','201800010','003','1/2/2017','5/2/2017','19200'),
('1294','201800006','111','13/2/2017','14/2/2017','7400'),
('1295','201500020','121','16/2/2017','20/2/2017','29600'),
('1296','201500002','212','1/3/2017','2/3/2017','18000'),
('1297','201800014','201','8/3/2017','12/3/2017','72000'),
('1298','201500012','012','18/3/2017','20/3/2017','9600'),
('1299','201500020','121','21/3/2017','22/3/2017','7400'),
('1300','201800009','213','30/3/2017','31/3/2017','18000'),
('1301','201800005','004','7/4/2017','9/4/2017','9600'),
('1302','201600005','012','14/4/2017','17/4/2017','14400'),
('1303','201800024','212','22/4/2017','23/4/2017','18000'),
('1304','201500016','212','25/4/2017','27/4/2017','36000'),
('1305','201500006','212','29/4/2017','29/4/2017','18000'),
('1306','201800018','223','30/4/2017','4/5/2017','72000'),
('1307','201600012','024','11/5/2017','12/5/2017','4800'),
('1308','201600021','123','18/5/2017','20/5/2017','14800'),
('1309','201800011','112','23/5/2017','24/5/2017','7400'),
('1310','201800008','212','26/5/2017','29/5/2017','54000'),
('1311','201800007','221','7/6/2017','10/6/2017','54000'),
('1312','201700037','112','18/6/2017','21/6/2017','22200'),
('1313','201800012','122','30/6/2017','2/7/2017','14800'),
('1314','201500005','024','3/7/2017','7/7/2017','19200'),
('1315','201600025','201','11/7/2017','14/7/2017','54000'),
('1316','201600022','011','23/7/2017','23/7/2017','4800'),
('1317','201500001','201','27/7/2017','30/7/2017','54000'),
('1318','201800009','022','3/8/2017','3/8/2017','4800'),
('1319','201500010','213','9/8/2017','11/8/2017','36000'),
('1320','201700005','011','12/8/2017','15/8/2017','14400'),
('1321','201800023','213','15/8/2017','17/8/2017','36000'),
('1322','201600019','024','23/8/2017','27/8/2017','19200'),
('1323','201800005','111','29/8/2017','30/8/2017','7400'),
('1324','201700021','002','31/8/2017','2/9/2017','9600'),
('1325','201600017','113','6/9/2017','9/9/2017','22200'),
('1326','201700034','203','18/9/2017','18/9/2017','18000'),
('1327','201600005','203','21/9/2017','22/9/2017','18000'),
('1328','201500021','202','22/9/2017','23/9/2017','18000'),
('1329','201600004','201','28/9/2017','1/10/2017','54000'),
('1330','201600003','123','6/10/2017','9/10/2017','22200'),
('1331','201500007','013','11/10/2017','11/10/2017','4800'),
('1332','201700012','113','15/10/2017','17/10/2017','14800'),
('1333','201600001','101','23/10/2017','26/10/2017','22200'),
('1334','201500018','001','1/11/2017','4/11/2017','14400'),
('1335','201600024','101','9/11/2017','12/11/2017','22200'),
('1336','201700030','121','18/11/2017','18/11/2017','7400'),
('1337','201800017','212','26/11/2017','26/11/2017','18000'),
('1338','201700006','121','2/12/2017','6/12/2017','29600'),
('1339','201600001','001','8/12/2017','8/12/2017','4800'),
('1340','201600022','021','15/12/2017','17/12/2017','9600'),
('1341','201700010','003','20/12/2017','20/12/2017','4800'),
('1342','201600019','003','21/12/2017','23/12/2017','9600'),
('1343','201600004','101','23/12/2017','26/12/2017','22200'),
('1344','201800019','112','29/12/2017','29/12/2017','7400'),
('1345','201700034','111','5/1/2018','7/1/2018','14800'),
('1346','201800010','021','12/1/2018','12/1/2018','4800'),
('1347','201800001','004','14/1/2018','15/1/2018','4800'),
('1348','201800012','002','15/1/2018','17/1/2018','9600'),
('1349','201800010','004','25/1/2018','25/1/2018','4800'),
('1350','201500013','203','29/1/2018','2/2/2018','72000'),
('1351','201500013','021','11/2/2018','14/2/2018','14400'),
('1352','201700008','101','19/2/2018','21/2/2018','14800'),
('1353','201600022','221','25/2/2018','27/2/2018','36000'),
('1354','201800005','013','2/3/2018','5/3/2018','14400'),
('1355','201500004','201','7/3/2018','9/3/2018','36000'),
('1356','201800012','202','16/3/2018','18/3/2018','36000'),
('1357','201600020','022','26/3/2018','28/3/2018','9600'),
('1358','201500016','123','29/3/2018','2/4/2018','29600'),
('1359','201700023','123','8/4/2018','12/4/2018','29600'),
('1360','201500009','223','15/4/2018','17/4/2018','36000'),
('1361','201500020','102','19/4/2018','19/4/2018','7400'),
('1362','201600009','211','22/4/2018','25/4/2018','54000'),
('1363','201800021','113','26/4/2018','27/4/2018','7400'),
('1364','201800004','203','29/4/2018','1/5/2018','36000'),
('1365','201800001','213','8/5/2018','10/5/2018','36000'),
('1366','201600008','113','17/5/2018','21/5/2018','29600'),
('1367','201500006','201','24/5/2018','24/5/2018','18000'),
('1368','201700033','001','25/5/2018','26/5/2018','4800'),
('1369','201700011','102','3/6/2018','4/6/2018','7400'),
('1370','201600017','002','7/6/2018','11/6/2018','19200'),
('1371','201800006','024','14/6/2018','17/6/2018','14400'),
('1372','201500001','001','22/6/2018','26/6/2018','19200'),
('1373','201800024','223','1/7/2018','2/7/2018','18000'),
('1374','201600012','213','11/7/2018','15/7/2018','72000'),
('1375','201500019','222','20/7/2018','21/7/2018','18000'),
('1376','201700022','103','27/7/2018','30/7/2018','22200'),
('1377','201500006','223','3/8/2018','6/8/2018','54000'),
('1378','201600014','211','6/8/2018','7/8/2018','18000'),
('1379','201500013','024','9/8/2018','12/8/2018','14400'),
('1380','201600025','113','16/8/2018','16/8/2018','7400'),
('1381','201700019','001','17/8/2018','20/8/2018','14400'),
('1382','201700037','012','22/8/2018','24/8/2018','9600'),
('1383','201700036','021','30/8/2018','1/9/2018','9600'),
('1384','201500004','001','8/9/2018','11/9/2018','14400'),
('1385','201600016','001','17/9/2018','21/9/2018','19200'),
('1386','201800011','201','30/9/2018','30/9/2018','18000'), 
('1387','201700013','011', '2018-10-02', '2018-10-03', '4800'),
('1388','201700038','003', '2018-10-05', '2018-10-05', '4800'),
('1389','201500011','211', '2018-10-06', '2018-10-10', '72000'),
('1390','201700023','121', '2018-10-13', '2018-10-16', '22200'),
('1391','201500014','222', '2018-10-17', '2018-10-20', '54000'),
('1392','201800008','111', '2018-10-23', '2018-10-27', '29600'),
('1393','201700018','102', '2018-10-29', '2018-11-01', '22200'),
('1394','201800019','221', '2018-11-03', '2018-11-07', '72000'),
('1395','201600022','121', '2018-11-16', '2018-11-20', '29600'),
('1396','201800015','203', '2018-11-21', '2018-11-23', '36000'),
('1397','201800008','103', '2017-01-04', '2017-01-07', '22200'),
('1398','201800009','201', '2017-01-10', '2017-01-13', '54000'),
('1399','201500001','001', '2017-01-14', '2017-01-15', '4800'),
('1400','201700031','202', '2017-01-15', '2017-01-18', '54000'),
('1401','201600004','011', '2017-01-26', '2017-01-28', '9600'),
('1402','201600002','122', '2017-02-03', '2017-02-04', '7400'),
('1403','201500014','111', '2017-02-13', '2017-02-15', '14800'),
('1404','201500021','202', '2017-02-17', '2017-02-20', '54000'),
('1405','201800018','213', '2017-02-23', '2017-02-26', '54000'),
('1406','201500008','222', '2017-03-04', '2017-03-08', '72000'),
('1407','201700015','112', '2017-03-09', '2017-03-13', '29600'),
('1408','201800021','121', '2017-03-13', '2017-03-13', '7400'),
('1409','201800024','201', '2017-03-21', '2017-03-24', '54000'),
('1410','201700026','123', '2017-03-24', '2017-03-27', '22200'),
('1411','201800009','111', '2017-03-31', '2017-03-31', '7400'),
('1412','201800023','121', '2017-04-01', '2017-04-01', '7400'),
('1413','201800008','122', '2017-04-10', '2017-04-11', '7400'),
('1414','201600022','221', '2017-04-20', '2017-04-24', '72000'),
('1415','201700012','203', '2017-05-03', '2017-05-03', '18000'),
('1416','201500015','112', '2017-05-09', '2017-05-12', '22200'),
('1417','201500007','011', '2017-05-13', '2017-05-17', '19200'),
('1418','201800022','004', '2017-05-19', '2017-05-22', '14400'),
('1419','201800018','111', '2017-05-29', '2017-05-30', '7400'),
('1420','201600019','221', '2017-06-06', '2017-06-09', '54000'),
('1421','201700024','222', '2017-06-10', '2017-06-10', '18000'),
('1422','201700018','223', '2017-06-16', '2017-06-17', '18000'),
('1423','201600019','001', '2017-06-26', '2017-06-27', '4800'),
('1424','201600013','122', '2017-07-06', '2017-07-06', '7400'),
('1425','201500005','002', '2017-07-09', '2017-07-09', '4800'),
('1426','201600023','212', '2017-07-10', '2017-07-10', '18000'),
('1427','201800024','024', '2017-07-19', '2017-07-19', '4800'),
('1428','201800015','222', '2017-07-22', '2017-07-24', '36000'),
('1429','201800009','121', '2017-07-25', '2017-07-25', '7400'),
('1430','201700038','123', '2017-07-30', '2017-08-02', '22200'),
('1431','201700011','223', '2017-08-09', '2017-08-13', '72000'),
('1432','201700006','223', '2017-08-17', '2017-08-20', '54000'),
('1433','201800019','113', '2017-08-21', '2017-08-24', '22200'),
('1434','201800017','004', '2017-08-24', '2017-08-24', '4800'),
('1435','201500003','111', '2017-08-25', '2017-08-26', '7400'),
('1436','201500003','001', '2017-08-28', '2017-09-01', '19200'),
('1437','201600002','213','2017-09-05','2017-09-06','18000'),
('1438','201600006','111','2017-09-11','2017-09-13','14800'),
('1439','201500001','103','2017-09-21','2017-09-21','7400'),
('1440','201600003','122','2017-09-25','2017-09-26','7400'),
('1441','201500005','004','2017-09-30','2017-09-30','4800'),
('1442','201800007','103','2017-10-03','2017-10-07','29600'),
('1443','201500015','103','2017-10-08','2017-10-10','14800'),
('1444','201800004','123','2017-10-19','2017-10-22','22200'),
('1445','201800005','002','2017-10-28','2017-10-31','14400'),
('1446','201800002','222','2017-11-01','2017-11-03','36000'),
('1447','201800015','001','2017-11-03','2017-11-06','14400'),
('1448','201800005','003','2017-11-07','2017-11-09','9600'),
('1449','201600003','103','2017-11-17','2017-11-19','14800'),
('1450','201500013','024','2017-11-20','2017-11-24','19200'),
('1451','201600012','222','2017-12-03','2017-12-04','18000'),
('1452','201700020','014','2017-12-12','2017-12-13','4800'),
('1453','201600003','113','2017-12-22','2017-12-25','22200'),
('1454','201500002','024','2017-12-30','2017-12-30','4800'),
('1455','201800005','004','2017-12-31','2017-12-31','4800'),
('1456','201600016','222','2018-01-05','2018-01-08','54000'),
('1457','201700016','201','2018-01-16','2018-01-20','72000'),
('1458','201500010','112','2018-01-27','2018-01-30','22200'),
('1459','201500003','203','2018-01-31','2018-02-04','72000'),
('1460','201800003','003','2018-02-04','2018-02-06','9600'),
('1461','201600015','004','2018-02-09','2018-02-12','14400'),
('1462','201800008','201','2018-02-16','2018-02-20','72000'),
('1463','201800016','111','2018-03-01','2018-03-03','14800'),
('1464','201500010','012','2018-03-11','2018-03-11','4800'),
('1465','201500002','111','2018-03-14','2018-03-16','14800'),
('1466','201500011','014','2018-03-16','2018-03-19','14400'),
('1467','201500008','022','2018-03-25','2018-03-25','4800'),
('1468','201700032','201','2018-04-03','2018-04-06','54000'),
('1469','201500003','002','2018-04-07','2018-04-09','9600'),
('1470','201500007','023','2018-04-15','2018-04-15','4800'),
('1471','201800003','004','2018-04-16','2018-04-16','4800'),
('1472','201600022','002','2018-04-23','2018-04-25','9600'),
('1473','201600001','001','2018-04-28','2018-04-28','4800'),
('1474','201800024','112','2018-05-03','2018-05-04','7400'),
('1475','201800007','221','2018-05-06','2018-05-10','72000'),
('1476','201500008','213','2018-05-15','2018-05-17','36000'),
('1477','201500014','211','2018-05-25','2018-05-29','72000'),
('1478','201700025','101','2018-06-02','2018-06-05','22200'),
('1479','201800008','202','2018-06-12','2018-06-15','54000'),
('1480','201700022','211','2018-06-18','2018-06-21','54000'),
('1481','201700019','221','2018-06-30','2018-07-03','54000'), 
('1482','201500007','202','2018-07-09','2018-07-11','36000'),
('1483','201800017','123','2018-07-14','2018-07-18','29600'),
('1484','201800017','003','2018-07-22','2018-07-23','4800'),
('1485','201800019','102','2018-07-28','2018-07-30','14800'),
('1486','201700006','212','2018-08-03','2018-08-06','54000'),
('1487','201500010','203','2018-08-09','2018-08-12','54000'),
('1488','201600020','103','2018-08-21','2018-08-24','22200'),
('1489','201700020','004','2018-08-29','2018-08-30','4800'),
('1490','201500018','222','2018-09-04','2018-09-08','72000'),
('1491','201800010','103','2018-09-15','2018-09-19','29600'),
('1492','201500007','021','2018-09-24','2018-09-24','4800'),
('1493','201600013','003','2018-09-24','2018-09-28','19200'),
('1494','201500009','212','2018-09-28','2018-10-02','72000'),
('1495','201800001','024','2018-10-05','2018-10-08','14400'),
('1496','201700038','004','2018-10-13','2018-10-15','9600'),
('1497','201600017','222','2018-10-16','2018-10-19','54000'),
('1498','201800017','013','2018-10-20','2018-10-21','4800'),
('1499','201600008','203','2018-10-29','2018-10-31','36000'),
('1500','201500006','002','2018-11-04','2018-11-06','9600'),
('1501','201800009','112','2018-11-12','2018-11-12','7400'),
('1502','201600011','222','2018-11-12','2018-11-12','18000'),
('1503','201700036','013','2018-11-15','2018-11-18','14400'),
('1504','201700022','001','2018-11-25','2018-11-28','14400'),
('1505','201800020','002','2017-01-02','2017-01-06','19200'),
('1506','201500015','222','2017-01-07','2017-01-07','18000'),
('1507','201800010','004','2017-01-10','2017-01-13','14400'),
('1508','201500014','022','2017-01-16','2017-01-20','19200'),
('1509','201500016','121','2017-01-26','2017-01-29','22200'),
('1510','201700033','221','2017-02-01','2017-02-05','72000'),
('1511','201500012','001','2017-02-14','2017-02-18','19200'),
('1512','201700023','103','2017-02-26','2017-03-02','29600'),
('1513','201800016','222','2017-03-08','2017-03-12','72000'),
('1514','201500010','001','2017-03-12','2017-03-16','19200'),
('1515','201700024','004','2017-03-22','2017-03-22','4800'),
('1516','201800022','013','2017-03-29','2017-04-01','14400'),
('1517','201700027','222','2017-04-01','2017-04-04','54000'),
('1518','201600025','011','2017-04-07','2017-04-11','19200'),
('1519','201500014','213','2017-04-17','2017-04-18','18000'),
('1520','201700016','221','2017-04-25','2017-04-28','54000'),
('1521','201500007','121','2017-05-05','2017-05-08','22200'), 
('1522','201500016','024','2017-05-08','2017-05-12','19200'),
('1523','201800010','004','2017-05-16','2017-05-17','4800'),
('1524','201700028','023','2017-05-21','2017-05-22','4800'),
('1525','201700035','111','2017-05-24','2017-05-25','7400'),
('1526','201600018','203','2017-05-28','2017-05-30','36000'),
('1527','201700026','013','2017-06-08','2017-06-09','4800'),
('1528','201800010','023','2017-06-11','2017-06-11','4800'),
('1529','201600016','212','2017-06-14','2017-06-15','18000'),
('1530','201800008','201','2017-06-17','2017-06-20','54000'),
('1531','201700007','004','2017-06-26','2017-06-27','4800'),
('1532','201800023','202','2017-07-06','2017-07-10','72000'),
('1533','201500008','102','2017-07-15','2017-07-16','7400'),
('1534','201700004','011','2017-07-25','2017-07-29','19200'),
('1535','201700020','101','2017-08-07','2017-08-09','14800'),
('1536','201800007','211','2017-08-11','2017-08-14','54000'),
('1537','201800020','112','2017-08-21','2017-08-25','29600'),
('1538','201700024','113','2017-09-03','2017-09-07','29600'),
('1539','201600010','012','2017-09-09','2017-09-09','4800'),
('1540','201800016','121','2017-09-10','2017-09-10','7400'),
('1541','201800006','021','2017-09-10','2017-09-14','19200'),
('1542','201600020','012','2017-09-21','2017-09-23','9600'),
('1543','201500003','013','2017-09-26','2017-09-26','4800'),
('1544','201500003','101','2017-10-01','2017-10-04','22200'),
('1545','201600009','212','2017-10-11','2017-10-14','54000'),
('1546','201700032','014','2017-10-18','2017-10-22','19200'),
('1547','201500008','223','2017-10-31','2017-11-02','36000'),
('1548','201800007','004','2017-11-04','2017-11-05','4800'),
('1549','201700020','202','2017-11-07','2017-11-11','72000'),
('1550','201600012','203','2017-11-17','2017-11-19','36000'),
('1551','201500007','004','2017-11-21','2017-11-21','4800'),
('1552','201800004','221','2017-11-27','2017-11-28','18000'),
('1553','201700010','023','2017-11-28','2017-12-01','14400'),
('1554','201800005','221','2017-12-02','2017-12-05','54000'),
('1555','201700027','101','2017-12-12','2017-12-16','29600'),
('1556','201500019','123','2017-12-16','2017-12-20','29600'),
('1557','201600014','102','2017-12-27','2017-12-30','22200'),
('1558','201700037','213','2018-01-08','2018-01-09','18000'),
('1559','201700021','011','2018-01-14','2018-01-16','9600'),
('1560','201700038','212','2018-01-24','2018-01-28','72000'),
('1561','201500021','212','2018-02-02','2018-02-06','72000'),
('1562','201600007','203','2018-02-14','2018-02-15','18000'),
('1563','201800008','202','2018-02-18','2018-02-21','54000'),
('1564','201700016','003','2018-02-28','2018-03-04','19200'),
('1565','201700001','212','2018-03-11','2018-03-14','54000'),
('1566','201800008','223','2018-03-19','2018-03-22','54000'),
('1567','201700024','202','2018-03-23','2018-03-24','18000'),
('1568','201800004','022','2018-03-26','2018-03-28','9600'),
('1569','201800008','123','2018-04-05','2018-04-07','14800'),
('1570','201700009','004','2018-04-12','2018-04-16','19200'),
('1571','201800002','122','2018-04-21','2018-04-24','22200'), 
('1572','201700020','101','2018-05-01','2018-05-05','29600'),
('1573','201700020','011','2018-05-10','2018-05-10','4800'),
('1574','201600014','004','2018-05-12','2018-05-16','19200'),
('1575','201600024','103','2018-05-16','2018-05-18','14800'),
('1576','201700009','211','2018-05-21','2018-05-24','54000'),
('1577','201800014','101','2018-05-28','2018-06-01','29600'),
('1578','201700020','202','2018-06-08','2018-06-10','36000'),
('1579','201600007','212','2018-06-18','2018-06-20','36000'),
('1580','201600007','004','2018-06-28','2018-06-28','4800'),
('1581','201500009','101','2018-07-07','2018-07-07','7400'),
('1582','201600002','103','2018-07-14','2018-07-14','7400'),
('1583','201500006','122','2018-07-18','2018-07-20','14800'),
('1584','201600008','101','2018-07-26','2018-07-26','7400'),
('1585','201800020','012','2018-08-01','2018-08-02','4800'),
('1586','201500011','011','2018-08-09','2018-08-10','4800'),
('1587','201700028','013','2018-08-13','2018-08-14','4800'),
('1588','201500004','003','2018-08-16','2018-08-20','19200'),
('1589','201700033','222','2018-08-25','2018-08-28','54000'),
('1590','201600016','223','2018-09-06','2018-09-10','72000'),
('1591','201600021','002','2018-09-13','2018-09-17','19200'),
('1592','201700038','222','2018-09-19','2018-09-20','18000'),
('1593','201500002','201','2018-09-20','2018-09-23','54000'),
('1594','201600016','202','2018-09-30','2018-10-03','54000'),
('1595','201500015','002','2018-10-08','2018-10-12','19200'),
('1596','201800020','222','2018-10-16','2018-10-18','36000'),
('1597','201700031','123','2018-10-23','2018-10-26','22200'),
('1598','201800022','112','2018-10-31','2018-10-31','7400'),
('1599','201600016','211','2018-11-04','2018-11-07','54000'),
('1600','201500010','203','2018-11-13','2018-11-13','18000');
INSERT INTO Booking VALUES
('1601','201800006','012','2018-11-22','2018-11-22','4800'),
('1602','201700026','211','2017-01-09','2017-01-09','18000'),
('1603','201500020','201','2017-01-11','2017-01-12','18000'),
('1604','201700024','101','2017-01-14','2017-01-14','7400'),
('1605','201600006','202','2017-01-19','2017-01-22','54000'),
('1606','201600013','113','2017-01-27','2017-01-28','7400'),
('1607','201800023','014','2017-02-01','2017-02-02','4800'),
('1608','201800017','111','2017-02-07','2017-02-10','22200'),
('1609','201600002','113','2017-02-16','2017-02-20','29600'),
('1610','201700025','123','2017-02-21','2017-02-25','29600'),
('1611','201600002','223','2017-02-25','2017-02-27','36000'),
('1612','201700025','001','2017-02-27','2017-03-01','9600'),
('1613','201700029','013','2017-03-10','2017-03-12','9600'),
('1614','201700013','004','2017-03-18','2017-03-20','9600'),
('1615','201700002','002','2017-03-28','2017-03-30','9600'),
('1616','201700009','004','2017-04-04','2017-04-08','19200'),
('1617','201700018','202','2017-04-11','2017-04-12','18000'),
('1618','201700035','221','2017-04-16','2017-04-17','18000'),
('1619','201500015','223','2017-04-17','2017-04-19','36000'),
('1620','201700032','113','2017-04-24','2017-04-25','7400'),
('1621','201800021','211','2017-05-03','2017-05-05','36000'),
('1622','201500005','014','2017-05-10','2017-05-14','19200'),
('1623','201600019','002','2017-05-23','2017-05-23','4800'), 
('1624','201600003','222','2017-05-23','2017-05-24','18000'),
('1625','201800021','222','2017-05-27','2017-05-31','72000'),
('1626','201500002','112','2017-06-02','2017-06-03','7400'),
('1627','201600014','022','2017-06-08','2017-06-09','4800'),
('1628','201500008','121','2017-06-12','2017-06-13','7400'),
('1629','201500006','201','2017-06-14','2017-06-14','18000'),
('1630','201700003','212','2017-06-18','2017-06-21','54000'),
('1631','201500001','212','2017-06-23','2017-06-23','18000'),
('1632','201800013','123','2017-06-25','2017-06-28','22200'),
('1633','201800004','102','2017-07-04','2017-07-07','22200'),
('1634','201500003','221','2017-07-12','2017-07-15','54000'),
('1635','201800024','113','2017-07-17','2017-07-17','7400'),
('1636','201700033','112','2017-07-17','2017-07-20','22200'),
('1637','201800018','211','2017-07-20','2017-07-20','18000'),
('1638','201600001','122','2017-07-21','2017-07-25','29600'),
('1639','201700026','004','2017-08-03','2017-08-06','14400'),
('1640','201500014','023','2017-08-14','2017-08-17','14400'),
('1641','201500011','212','2017-08-20','2017-08-20','18000'),
('1642','201800016','223','2017-08-29','2017-08-29','18000'),
('1643','201700001','103','2017-09-02','2017-09-06','29600'),
('1644','201500018','021','2017-09-07','2017-09-11','19200'),
('1645','201800016','003','2017-09-15','2017-09-15','4800'),
('1646','201800012','024','2017-09-23','2017-09-23','4800'),
('1647','201800008','101','2017-09-26','2017-09-26','7400'),
('1648','201600003','101','2017-10-03','2017-10-03','7400'),
('1649','201500009','211','2017-10-12','2017-10-16','72000'),
('1650','201500002','222','2017-10-18','2017-10-18','18000'),
('1651','201700035','001','2017-10-27','2017-10-28','4800'),
('1652','201700008','211','2017-11-06','2017-11-06','18000'),
('1653','201600017','003','2017-11-07','2017-11-10','14400'),
('1654','201800024','213','2017-11-18','2017-11-21','54000'),
('1655','201800015','111','2017-11-24','2017-11-24','7400'),
('1656','201700018','101','2017-11-28','2017-12-01','22200'),
('1657','201700007','202','2017-12-06','2017-12-06','18000'),
('1658','201800015','202','2017-12-08','2017-12-09','18000'),
('1659','201500021','004','2017-12-13','2017-12-13','4800'),
('1660','201600013','113','2017-12-19','2017-12-23','29600'),
('1661','201800006','004','2018-01-01','2018-01-05','19200'),
('1662','201500002','201','2018-01-11','2018-01-15','72000'),
('1663','201700002','111','2018-01-19','2018-01-19','7400'),
('1664','201700019','211','2018-01-22','2018-01-22','18000'),
('1665','201800009','123','2018-01-23','2018-01-26','22200'),
('1666','201800020','004','2018-02-03','2018-02-06','14400'),
('1667','201600011','212','2018-02-09','2018-02-13','72000'),
('1668','201800024','021','2018-02-19','2018-02-21','9600'),
('1669','201500006','211','2018-02-26','2018-02-27','18000'),
('1670','201600025','014','2018-03-08','2018-03-12','19200'),
('1671','201700028','221','2018-03-14','2018-03-16','36000'),
('1672','201700028','202','2018-03-22','2018-03-24','36000'),
('1673','201800007','022','2018-03-29','2018-03-31','9600'),
('1674','201600009','004','2018-04-06','2018-04-07','4800'), 
('1675','201700019','101','2018-04-13','2018-04-13','7400'),
('1676','201500006','112','2018-04-19','2018-04-19','7400'),
('1677','201600004','103','2018-04-28','2018-05-02','29600'),
('1678','201500008','004','2018-05-03','2018-05-07','19200'),
('1679','201500012','021','2018-05-07','2018-05-08','4800'),
('1680','201600003','112','2018-05-15','2018-05-15','7400'),
('1681','201500021','101','2018-05-18','2018-05-22','29600'),
('1682','201800005','014','2018-05-24','2018-05-28','19200'),
('1683','201500006','022','2018-06-01','2018-06-01','4800'),
('1684','201600012','014','2018-06-10','2018-06-13','14400'),
('1685','201700039','014','2018-06-14','2018-06-14','4800'),
('1686','201600024','013','2018-06-22','2018-06-23','4800'),
('1687','201700006','201','2018-07-02','2018-07-06','72000'),
('1688','201500013','211','2018-07-11','2018-07-15','72000'),
('1689','201800023','102','2018-07-19','2018-07-22','22200'),
('1690','201700022','021','2018-07-23','2018-07-24','4800'),
('1691','201500005','211','2018-07-27','2018-07-27','18000'),
('1692','201800015','014','2018-07-28','2018-07-30','9600'),
('1693','201500009','004','2018-08-02','2018-08-06','19200'),
('1694','201500007','202','2018-08-09','2018-08-09','18000'),
('1695','201500009','202','2018-08-15','2018-08-18','54000'),
('1696','201700022','223','2018-08-24','2018-08-24','18000'),
('1697','201600006','103','2018-08-29','2018-08-30','7400'),
('1698','201600021','211','2018-09-01','2018-09-01','18000'),
('1699','201500003','102','2018-09-01','2018-09-05','29600'),
('1700','201700020','211','2018-09-06','2018-09-07','18000'),
('1701','201500017','103','2018-09-12','2018-09-15','22200'),
('1702','201500004','022','2018-09-23','2018-09-26','14400'),
('1703','201700003','003','2018-09-27','2018-09-29','9600'),
('1704','201700037','121','2018-09-30','2018-09-30','7400'),
('1705','201800012','014','2018-10-07','2018-10-10','14400'),
('1706','201500018','014','2018-10-17','2018-10-21','19200'),
('1707','201800010','202','2018-10-23','2018-10-25','36000'),
('1708','201800006','121','2018-10-31','2018-11-03','22200'),
('1709','201800006','022','2018-11-06','2018-11-06','4800'),
('1710','201800013','212','2018-11-11','2018-11-12','18000'),
('1711','201700004','011','2018-11-14','2018-11-16','9600'),
('1712','201800012','011','2018-11-18','2018-11-22','19200'),
('1713','201500006','213','2018-11-23','2018-11-26','54000'),
('1714','201500020','113','2017-01-08','2017-01-12','29600'),
('1715','201600002','102','2017-01-21','2017-01-21','7400'),
('1716','201500008','001','2017-01-29','2017-02-02','19200'),
('1717','201600018','113','2017-02-09','2017-02-10','7400'),
('1718','201500020','102','2017-02-16','2017-02-16','7400'),
('1719','201800024','123','2017-02-24','2017-02-24','7400'),
('1720','201800021','024','2017-02-25','2017-02-27','9600'),
('1721','201600025','004','2017-02-28','2017-02-28','4800'),
('1722','201800019','102','2017-03-09','2017-03-13','29600'),
('1723','201600025','021','2017-03-19','2017-03-19','4800'),
('1724','201600023','123','2017-03-24','2017-03-25','7400'),
('1725','201600005','212','2017-03-30','2017-04-02','54000'),
('1726','201700021','223','2017-04-03','2017-04-03','18000'), 
('1727','201800016','014','2017-04-10','2017-04-12','9600'),
('1728','201600008','211','2017-04-15','2017-04-15','18000'),
('1729','201600021','123','2017-04-19','2017-04-19','7400'),
('1730','201800016','024','2017-04-26','2017-04-28','9600'),
('1731','201800013','211','2017-04-29','2017-04-29','18000'),
('1732','201700015','203','2017-05-06','2017-05-09','54000'),
('1733','201700031','213','2017-05-09','2017-05-10','18000'),
('1734','201700019','222','2017-05-15','2017-05-16','18000'),
('1735','201500016','222','2017-05-22','2017-05-26','72000'),
('1736','201800014','222','2017-05-28','2017-06-01','72000'),
('1737','201500002','201','2017-06-05','2017-06-09','72000'),
('1738','201800004','213','2017-06-18','2017-06-21','54000'),
('1739','201600016','112','2017-06-22','2017-06-22','7400'),
('1740','201700034','223','2017-06-25','2017-06-26','18000'),
('1741','201600012','102','2017-07-01','2017-07-03','14800'),
('1742','201500012','203','2017-07-07','2017-07-10','54000'),
('1743','201700013','121','2017-07-11','2017-07-11','7400'),
('1744','201500008','122','2017-07-12','2017-07-14','14800'),
('1745','201500015','201','2017-07-17','2017-07-18','18000'),
('1746','201800003','202','2017-07-18','2017-07-22','72000'),
('1747','201700001','222','2017-07-22','2017-07-25','54000'),
('1748','201500003','113','2017-07-26','2017-07-30','29600'),
('1749','201700007','102','2017-08-04','2017-08-06','14800'),
('1750','201700008','022','2017-08-14','2017-08-17','14400'),
('1751','201500011','111','2017-08-26','2017-08-27','7400'),
('1752','201700039','203','2017-08-28','2017-08-31','54000'),
('1753','201600014','213','2017-09-08','2017-09-08','18000'),
('1754','201800004','022','2017-09-12','2017-09-16','19200'),
('1755','201800024','101','2017-09-16','2017-09-17','7400'),
('1756','201700018','203','2017-09-20','2017-09-24','72000'),
('1757','201800023','021','2017-10-01','2017-10-05','19200'),
('1758','201700016','012','2017-10-14','2017-10-15','4800'),
('1759','201500004','021','2017-10-22','2017-10-25','14400'),
('1760','201800010','113','2017-10-28','2017-10-30','14800'),
('1761','201700033','021','2017-11-05','2017-11-07','9600'),
('1762','201800011','003','2017-11-16','2017-11-18','9600'),
('1763','201700033','202','2017-11-22','2017-11-25','54000'),
('1764','201700012','222','2017-11-26','2017-11-28','36000'),
('1765','201800012','021','2017-12-02','2017-12-03','4800'),
('1766','201600013','203','2017-12-09','2017-12-13','72000'),
('1767','201600021','022','2017-12-13','2017-12-15','9600'),
('1768','201600015','211','2017-12-15','2017-12-17','36000'),
('1769','201800008','001','2017-12-24','2017-12-24','4800'),
('1770','201600013','222','2017-12-27','2017-12-27','18000'),
('1771','201700025','221','2018-01-01','2018-01-01','18000'),
('1772','201600008','211','2018-01-07','2018-01-09','36000'),
('1773','201800015','023','2018-01-15','2018-01-19','19200'),
('1774','201800022','122','2018-01-21','2018-01-22','7400'),
('1775','201600008','202','2018-01-25','2018-01-29','72000'), 
('1776','201500005','013','2018-02-02','2018-02-06','19200'),
('1777','201500020','123','2018-02-09','2018-02-12','22200'),
('1778','201600003','023','2018-02-17','2018-02-20','14400'),
('1779','201700017','213','2018-02-27','2018-03-02','54000'),
('1780','201500001','212','2018-03-06','2018-03-10','72000'),
('1781','201700014','021','2018-03-18','2018-03-21','14400'),
('1782','201700004','202','2018-03-28','2018-03-28','18000'),
('1783','201800023','003','2018-03-31','2018-04-01','4800'),
('1784','201500021','101','2018-04-08','2018-04-09','7400'),
('1785','201700023','013','2018-04-18','2018-04-22','19200'),
('1786','201500008','021','2018-04-30','2018-04-30','4800'),
('1787','201600016','004','2018-04-30','2018-05-04','19200'),
('1788','201600017','123','2018-05-08','2018-05-11','22200'),
('1789','201800004','023','2018-05-19','2018-05-22','14400'),
('1790','201700012','222','2018-05-28','2018-05-28','18000'),
('1791','201600007','002','2018-05-31','2018-06-04','19200'),
('1792','201500011','004','2018-06-06','2018-06-08','9600'),
('1793','201700031','213','2018-06-13','2018-06-13','18000'),
('1794','201600003','014','2018-06-22','2018-06-23','4800'),
('1795','201500011','002','2018-06-23','2018-06-26','14400'),
('1796','201800005','201','2018-06-29','2018-07-01','36000'),
('1797','201800005','122','2018-07-01','2018-07-05','29600'),
('1798','201700010','121','2018-07-09','2018-07-13','29600'),
('1799','201700019','103','2018-07-22','2018-07-23','7400'),
('1800','201600018','112','2018-07-30','2018-07-31','7400'),
('1801','201500011','013','2018-08-04','2018-08-06','9600'),
('1802','201600013','223','2018-08-11','2018-08-12','18000'),
('1803','201700019','223','2018-08-15','2018-08-15','18000'),
('1804','201500007','201','2018-08-23','2018-08-27','72000'),
('1805','201800016','212','2018-08-29','2018-09-02','72000'),
('1806','201800013','103','2018-09-08','2018-09-09','7400'),
('1807','201500007','111','2018-09-16','2018-09-17','7400'),
('1808','201600003','102','2018-09-21','2018-09-23','14800'),
('1809','201700022','001','2018-09-24','2018-09-28','19200'),
('1810','201800024','022','2018-09-28','2018-10-02','19200'),
('1811','201500020','202','2018-10-05','2018-10-05','18000'),
('1812','201700032','024','2018-10-14','2018-10-15','4800'),
('1813','201500008','103','2018-10-15','2018-10-16','7400'),
('1814','201800024','111','2018-10-25','2018-10-26','7400'),
('1815','201500014','021','2018-10-27','2018-10-31','19200'),
('1816','201500001','024','2018-11-08','2018-11-11','14400'),
('1817','201800021','202','2018-11-14','2018-11-17','54000'),
('1818','201600023','202','2018-11-20','2018-11-23','54000'),
('1819','201600013','212','2017-01-06','2017-01-07','18000'),
('1820','201500017','212','2017-01-15','2017-01-18','54000'),
('1821','201500003','111','2017-01-22','2017-01-22','7400'),
('1822','201700007','101','2017-01-26','2017-01-30','29600'),
('1823','201800014','211','2017-02-08','2017-02-10','36000'),
('1824','201600010','113','2017-02-15','2017-02-15','7400'),
('1825','201600005','022','2017-02-19','2017-02-20','4800'), 
('1826','201500004','024','2017-02-28','2017-03-02','9600'),
('1827','201600017','011','2017-03-03','2017-03-03','4800'),
('1828','201600020','112','2017-03-04','2017-03-08','29600'),
('1829','201500003','211','2017-03-17','2017-03-19','36000'),
('1830','201600012','012','2017-03-27','2017-03-31','19200'),
('1831','201500011','223','2017-04-06','2017-04-06','18000'),
('1832','201600015','223','2017-04-08','2017-04-09','18000'),
('1833','201500018','002','2017-04-15','2017-04-16','4800'),
('1834','201500021','101','2017-04-24','2017-04-24','7400'),
('1835','201700004','014','2017-04-30','2017-05-03','14400'),
('1836','201800024','023','2017-05-08','2017-05-09','4800'),
('1837','201500001','201','2017-05-14','2017-05-15','18000'),
('1838','201600008','021','2017-05-19','2017-05-19','4800'),
('1839','201600025','123','2017-05-28','2017-05-28','7400'),
('1840','201600024','211','2017-05-29','2017-06-02','72000'),
('1841','201500003','201','2017-06-10','2017-06-11','18000'),
('1842','201500012','013','2017-06-17','2017-06-19','9600'),
('1843','201700039','014','2017-06-21','2017-06-21','4800'),
('1844','201800012','102','2017-06-24','2017-06-28','29600'),
('1845','201600010','001','2017-07-01','2017-07-05','19200'),
('1846','201500009','222','2017-07-09','2017-07-12','54000'),
('1847','201600013','101','2017-07-12','2017-07-14','14800'),
('1848','201600005','201','2017-07-17','2017-07-19','36000'),
('1849','201700034','202','2017-07-20','2017-07-24','72000'),
('1850','201600004','203','2017-07-29','2017-07-30','18000'),
('1851','201700010','221','2017-08-01','2017-08-05','72000'),
('1852','201700001','112','2017-08-12','2017-08-12','7400'),
('1853','201500016','102','2017-08-17','2017-08-17','7400'),
('1854','201600001','024','2017-08-25','2017-08-25','4800'),
('1855','201700019','213','2017-08-25','2017-08-27','36000'),
('1856','201600011','122','2017-08-29','2017-09-01','22200'),
('1857','201500009','112','2017-09-01','2017-09-05','29600'),
('1858','201700004','022','2017-09-08','2017-09-09','4800'),
('1859','201700007','101','2017-09-09','2017-09-12','22200'),
('1860','201800016','001','2017-09-13','2017-09-16','14400'),
('1861','201600004','203','2017-09-17','2017-09-21','72000'),
('1862','201800016','221','2017-09-29','2017-09-30','18000'),
('1863','201600025','001','2017-10-01','2017-10-02','4800'),
('1864','201800010','013','2017-10-05','2017-10-08','14400'),
('1865','201500015','222','2017-10-12','2017-10-15','54000'),
('1866','201600014','201','2017-10-20','2017-10-23','54000'),
('1867','201800017','122','2017-10-26','2017-10-27','7400'),
('1868','201700028','213','2017-10-27','2017-10-28','18000'),
('1869','201600003','222','2017-11-01','2017-11-03','36000'),
('1870','201500003','014','2017-11-04','2017-11-05','4800'),
('1871','201800014','011','2017-11-12','2017-11-14','9600'),
('1872','201500019','011','2017-11-23','2017-11-24','4800'),
('1873','201500004','014','2017-11-30','2017-12-02','9600'),
('1874','201500018','212','2017-12-05','2017-12-05','18000'),
('1875','201500004','212','2017-12-05','2017-12-07','36000'),
('1876','201800010','202','2017-12-07','2017-12-09','36000'),
('1877','201700021','002','2017-12-18','2017-12-18','4800'), 
('1878','201500014','122','2017-12-25','2017-12-29','29600'),
('1879','201500001','221','2018-01-07','2018-01-07','18000'),
('1880','201600016','112','2018-01-15','2018-01-16','7400'),
('1881','201700008','013','2018-01-25','2018-01-28','14400'),
('1882','201600024','201','2018-02-01','2018-02-02','18000'),
('1883','201800011','103','2018-02-03','2018-02-04','7400'),
('1884','201800007','202','2018-02-06','2018-02-09','54000'),
('1885','201700033','213','2018-02-14','2018-02-14','18000'),
('1886','201700007','212','2018-02-18','2018-02-19','18000'),
('1887','201800009','213','2018-02-19','2018-02-21','36000'),
('1888','201700005','213','2018-02-28','2018-03-03','54000'),
('1889','201800010','223','2018-03-09','2018-03-12','54000'),
('1890','201700034','213','2018-03-18','2018-03-18','18000'),
('1891','201800020','023','2018-03-23','2018-03-24','4800'),
('1892','201500007','101','2018-03-27','2018-03-31','29600'),
('1893','201800022','002','2018-04-01','2018-04-05','19200'),
('1894','201800024','004','2018-04-09','2018-04-10','4800'),
('1895','201700012','201','2018-04-17','2018-04-21','72000'),
('1896','201600011','213','2018-04-22','2018-04-22','18000'),
('1897','201600024','123','2018-04-27','2018-04-29','14800'),
('1898','201600003','111','2018-05-08','2018-05-10','14800'),
('1899','201800009','111','2018-05-10','2018-05-12','14800'),
('1900','201600011','103','2018-05-20','2018-05-22','14800'),
('1901','201600023','012','2018-05-24','2018-05-24','4800'),
('1902','201800019','201','2018-05-31','2018-06-01','18000'),
('1903','201500005','121','2018-06-02','2018-06-03','7400'),
('1904','201500007','222','2018-06-10','2018-06-14','72000'),
('1905','201500004','221','2018-06-17','2018-06-17','18000'),
('1906','201700028','112','2018-06-19','2018-06-20','7400'),
('1907','201700011','113','2018-06-29','2018-07-01','14800'),
('1908','201700025','223','2018-07-10','2018-07-13','54000'),
('1909','201500006','011','2018-07-20','2018-07-24','19200'),
('1910','201500006','111','2018-07-25','2018-07-29','29600'),
('1911','201500004','113','2018-08-06','2018-08-07','7400'),
('1912','201600017','203','2018-08-16','2018-08-16','18000'),
('1913','201500001','011','2018-08-23','2018-08-25','9600'),
('1914','201600011','213','2018-08-26','2018-08-29','54000'),
('1915','201800010','111','2018-09-04','2018-09-08','29600'),
('1916','201500019','111','2018-09-16','2018-09-17','7400'),
('1917','201500002','102','2018-09-24','2018-09-28','29600'),
('1918','201700011','212','2018-10-03','2018-10-06','54000'),
('1919','201500006','202','2018-10-12','2018-10-12','18000'),
('1920','201800003','123','2018-10-21','2018-10-25','29600'),
('1921','201600024','004','2018-10-30','2018-11-03','19200'),
('1922','201700031','014','2018-11-03','2018-11-05','9600'),
('1923','201500012','011','2018-11-06','2018-11-06','4800'),
('1924','201600018','012','2018-11-10','2018-11-10','4800'),
('1925','201800013','121','2018-11-11','2018-11-15','29600'), 
('1926','201600021','123','2018-11-15','2018-11-19','29600'),
('1927','201600002','012','2018-11-23','2018-11-23','4800'),
('1928','201800001','201','2017-01-08','2017-01-08','18000'),
('1929','201700034','112','2017-01-09','2017-01-10','7400'),
('1930','201500014','112','2017-01-11','2017-01-13','14800'),
('1931','201800007','001','2017-01-21','2017-01-21','4800'),
('1932','201700009','102','2017-01-23','2017-01-23','7400'),
('1933','201500001','123','2017-01-23','2017-01-27','29600'),
('1934','201500015','011','2017-01-31','2017-02-04','19200'),
('1935','201800024','213','2017-02-07','2017-02-08','18000'),
('1936','201500015','014','2017-02-17','2017-02-21','19200'),
('1937','201700028','222','2017-02-21','2017-02-21','18000'),
('1938','201600023','113','2017-02-25','2017-02-27','14800'),
('1939','201500018','203','2017-03-02','2017-03-05','54000'),
('1940','201500011','101','2017-03-13','2017-03-14','7400'),
('1941','201800020','001','2017-03-16','2017-03-18','9600'),
('1942','201700014','201','2017-03-26','2017-03-30','72000'),
('1943','201700029','023','2017-03-31','2017-04-02','9600'),
('1944','201700034','113','2017-04-07','2017-04-07','7400'),
('1945','201600004','102','2017-04-10','2017-04-13','22200'),
('1946','201700035','222','2017-04-16','2017-04-17','18000'),
('1947','201700003','102','2017-04-24','2017-04-27','22200'),
('1948','201600002','014','2017-05-06','2017-05-10','19200'),
('1949','201500001','002','2017-05-17','2017-05-19','9600'),
('1950','201600005','004','2017-05-25','2017-05-25','4800'),
('1951','201500015','121','2017-06-03','2017-06-07','29600'),
('1952','201600007','223','2017-06-15','2017-06-19','72000'),
('1953','201700036','202','2017-06-23','2017-06-25','36000'),
('1954','201700018','121','2017-06-27','2017-06-28','7400'),
('1955','201500006','203','2017-06-29','2017-06-30','18000'),
('1956','201700038','002','2017-07-03','2017-07-06','14400'),
('1957','201600025','222','2017-07-14','2017-07-14','18000'),
('1958','201500001','113','2017-07-23','2017-07-27','29600'),
('1959','201800020','202','2017-08-04','2017-08-05','18000'),
('1960','201800023','111','2017-08-07','2017-08-11','29600'),
('1961','201700035','122','2017-08-16','2017-08-17','7400'),
('1962','201600012','121','2017-08-21','2017-08-25','29600'),
('1963','201800017','101','2017-08-26','2017-08-28','14800'),
('1964','201800022','202','2017-09-03','2017-09-07','72000'),
('1965','201500020','113','2017-09-16','2017-09-18','14800'),
('1966','201500006','221','2017-09-19','2017-09-19','18000'),
('1967','201600018','021','2017-09-21','2017-09-22','4800'),
('1968','201600023','003','2017-09-24','2017-09-28','19200'),
('1969','201700006','121','2017-10-03','2017-10-03','7400'), 
('1970','201600002','003','2017-10-09','2017-10-09','4800'),
('1971','201700038','202','2017-10-18','2017-10-20','36000'),
('1972','201600007','223','2017-10-20','2017-10-23','54000'),
('1973','201500004','002','2017-10-25','2017-10-26','4800'),
('1974','201600008','113','2017-10-29','2017-10-29','7400'),
('1975','201600021','113','2017-11-07','2017-11-07','7400'),
('1976','201800006','102','2017-11-16','2017-11-16','7400'),
('1977','201800017','011','2017-11-22','2017-11-22','4800'),
('1978','201500021','213','2017-11-29','2017-12-03','72000'),
('1979','201800015','122','2017-12-08','2017-12-11','22200'),
('1980','201500018','212','2017-12-16','2017-12-16','18000'),
('1981','201600018','211','2017-12-25','2017-12-25','18000'),
('1982','201600006','111','2017-12-26','2017-12-29','22200'),
('1983','201500017','103','2018-01-03','2018-01-07','29600'),
('1984','201700008','101','2018-01-09','2018-01-13','29600'),
('1985','201700038','024','2018-01-14','2018-01-17','14400'),
('1986','201700006','111','2018-01-26','2018-01-29','22200'),
('1987','201800014','113','2018-02-03','2018-02-07','29600'),
('1988','201800004','004','2018-02-07','2018-02-09','9600'),
('1989','201800003','013','2018-02-11','2018-02-15','19200'),
('1990','201800002','213','2018-02-20','2018-02-20','18000'),
('1991','201600015','024','2018-02-28','2018-03-01','4800'),
('1992','201600018','021','2018-03-06','2018-03-06','4800'),
('1993','201800022','111','2018-03-09','2018-03-09','7400'),
('1994','201600015','013','2018-03-15','2018-03-15','4800'),
('1995','201500010','002','2018-03-21','2018-03-23','9600'),
('1996','201500004','004','2018-03-30','2018-04-01','9600'),
('1997','201700017','222','2018-04-04','2018-04-07','54000'),
('1998','201600024','112','2018-04-12','2018-04-13','7400'),
('1999','201700006','024','2018-04-22','2018-04-25','14400'),
('2000','201800020','003','2018-05-02','2018-05-06','19200');

Select * from Booking;






Insert into Payment Values 
('Debit', '2017-03-24', 1) ,
('Check', '2017-06-16', 2) ,
('Check', '2018-05-26', 3) ,
('Credit', '2018-09-10', 4) ,
('Credit', '2017-12-23', 5) ,
('Loyalty points', '2017-05-27', 6) ,
('Credit', '2018-06-22', 7) ,
('Credit', '2017-04-17', 8) ,
('Debit', '2018-12-30', 9) ,
('Check', '2018-12-18', 10) ,
('Debit', '2017-12-03', 11) ,
('Credit', '2017-04-27', 12) ,
('Credit', '2018-09-09', 13) ,
('Credit', '2017-06-12', 14) ,
('Debit', '2018-02-16', 15) ,
('Debit', '2018-12-03', 16) ,
('Debit', '2017-07-01', 17) ,
('Check', '2018-04-03', 18) ,
('Credit', '2018-12-30', 19) ,
('Check', '2017-04-09', 20) ,
('Debit', '2017-07-18', 21) ,
('Check', '2018-12-04', 22) ,
('Debit', '2017-05-13', 23) ,
('Debit', '2017-10-04', 24) ,
('Debit', '2018-01-23', 25) ,
('Loyalty points', '2017-01-10', 26) ,
('Debit', '2018-10-03', 27) ,
('Check', '2017-11-01', 28) ,
('Credit', '2017-03-04', 29) ,
('Debit', '2017-02-15', 30) ,
('Check', '2018-02-09', 31) ,
('Credit', '2017-07-18', 32) ,
('Debit', '2017-05-09', 33) ,
('Check', '2017-08-04', 34) ,
('Debit', '2017-06-19', 35) ,
('Debit', '2018-08-17', 36) ,
('Check', '2017-06-08', 37) ,
('Credit', '2018-10-25', 38) ,
('Check', '2017-01-11', 39) ,
('Debit', '2017-07-24', 40) ,
('Check', '2017-10-30', 41) ,
('Check', '2017-04-19', 42) ,
('Credit', '2018-11-09', 43) ,
('Loyalty points', '2017-10-21', 44) ,
('Debit', '2018-03-24', 45) ,
('Loyalty points', '2018-07-11', 46) ,
('Credit', '2017-05-10', 47) ,
('Credit', '2018-04-07', 48) ,
('Credit', '2018-09-06', 49) ,
('Credit', '2018-02-21', 50) ,
('Check', '2018-03-20', 51) ,
('Debit', '2017-10-09', 52) ,
('Check', '2018-09-25', 53) ,
('Debit', '2018-07-27', 54) ,
('Credit', '2018-04-04', 55) ,
('Credit', '2017-01-01', 56) ,
('Credit', '2017-08-11', 57) ,
('Check', '2018-07-28', 58) ,
('Check', '2017-03-03', 59) ,
('Debit', '2017-08-27', 60) ,
('Debit', '2018-09-01', 61) ,
('Debit', '2018-10-19', 62) ,
('Credit', '2017-06-29', 63) ,
('Loyalty points', '2018-12-01', 64) ,
('Debit', '2017-06-12', 65) ,
('Debit', '2018-10-12', 66) ,
('Check', '2017-03-30', 67) ,
('Loyalty points', '2018-09-13', 68) ,
('Debit', '2018-06-10', 69) ,
('Check', '2018-06-29', 70) ,
('Debit', '2018-03-02', 71) ,
('Loyalty points', '2017-09-04', 72) ,
('Credit', '2018-09-01', 73) ,
('Debit', '2017-01-06', 74) ,
('Check', '2017-12-31', 75) ,
('Check', '2018-05-08', 76) ,
('Check', '2017-08-21', 77) ,
('Credit', '2017-03-18', 78) ,
('Check', '2017-03-30', 79) ,
('Debit', '2017-05-27', 80) ,
('Credit', '2018-08-30', 81) ,
('Credit', '2018-01-13', 82) ,
('Credit', '2017-06-08', 83) ,
('Debit', '2018-09-19', 84) ,
('Loyalty points', '2017-08-16', 85) ,
('Loyalty points', '2018-08-14', 86) ,
('Debit', '2018-02-28', 87) ,
('Check', '2017-11-01', 88) ,
('Credit', '2018-05-26', 89) ,
('Debit', '2017-05-10', 90) ,
('Credit', '2018-11-03', 91) ,
('Check', '2017-10-07', 92) ,
('Credit', '2017-10-05', 93) ,
('Loyalty points', '2017-09-21', 94) ,
('Credit', '2018-05-22', 95) ,
('Credit', '2017-11-07', 96) ,
('Credit', '2017-02-25', 97) ,
('Check', '2017-04-09', 98) ,
('Debit', '2017-12-25', 99) ,
('Check', '2017-06-16', 100) ,
('Credit', '2018-02-23', 101) ,
('Check', '2017-04-18', 102) ,
('Loyalty points', '2018-11-24', 103) ,
('Debit', '2018-05-22', 104) ,
('Credit', '2017-09-26', 105) ,
('Check', '2018-04-19', 106) ,
('Debit', '2018-02-26', 107) ,
('Debit', '2017-03-12', 108) ,
('Credit', '2018-06-06', 109) ,
('Debit', '2017-11-29', 110) ,
('Check', '2017-06-26', 111) ,
('Check', '2018-03-08', 112) ,
('Check', '2017-09-14', 113) ,
('Credit', '2018-04-17', 114) ,
('Credit', '2018-12-27', 115) ,
('Debit', '2018-06-30', 116) ,
('Debit', '2018-08-13', 117) ,
('Debit', '2017-07-31', 118) ,
('Check', '2018-10-09', 119) ,
('Debit', '2018-04-26', 120) ,
('Debit', '2018-10-23', 121) ,
('Check', '2018-02-09', 122) ,
('Credit', '2017-06-14', 123) ,
('Credit', '2018-09-29', 124) ,
('Loyalty points', '2017-05-16', 125) ,
('Credit', '2017-07-11', 126) ,
('Credit', '2018-06-01', 127) ,
('Check', '2018-11-03', 128) ,
('Check', '2018-08-25', 129) ,
('Check', '2018-11-30', 130) ,
('Loyalty points', '2018-04-06', 131) ,
('Credit', '2018-04-09', 132) ,
('Debit', '2017-03-18', 133) ,
('Debit', '2017-04-08', 134) ,
('Credit', '2018-01-30', 135) ,
('Check', '2018-12-11', 136) ,
('Check', '2018-01-16', 137) ,
('Check', '2018-09-06', 138) ,
('Credit', '2018-04-25', 139) ,
('Debit', '2017-03-30', 140) ,
('Check', '2017-08-03', 141) ,
('Check', '2018-09-01', 142) ,
('Loyalty points', '2018-11-27', 143) ,
('Debit', '2017-09-18', 144) ,
('Check', '2018-09-12', 145) ,
('Loyalty points', '2017-10-08', 146) ,
('Credit', '2017-04-15', 147) ,
('Debit', '2018-08-03', 148) ,
('Check', '2017-04-04', 149) ,
('Check', '2018-07-18', 150) ,
('Credit', '2017-09-14', 151) ,
('Debit', '2017-04-03', 152) ,
('Loyalty points', '2018-06-14', 153) ,
('Debit', '2017-12-21', 154) ,
('Credit', '2017-12-30', 155) ,
('Debit', '2018-08-27', 156) ,
('Credit', '2017-09-11', 157) ,
('Check', '2018-10-22', 158) ,
('Loyalty points', '2017-09-02', 159) ,
('Check', '2017-08-10', 160) ,
('Check', '2018-04-13', 161) ,
('Check', '2017-02-20', 162) ,
('Credit', '2018-11-28', 163) ,
('Loyalty points', '2017-10-21', 164) ,
('Check', '2017-11-04', 165) ,
('Debit', '2017-04-30', 166) ,
('Check', '2017-08-13', 167) ,
('Loyalty points', '2018-10-25', 168) ,
('Check', '2018-11-25', 169) ,
('Debit', '2017-02-20', 170) ,
('Check', '2018-02-10', 171) ,
('Check', '2017-08-09', 172) ,
('Debit', '2018-09-03', 173) ,
('Debit', '2017-01-03', 174) ,
('Debit', '2017-05-13', 175) ,
('Debit', '2017-01-01', 176) ,
('Debit', '2018-02-04', 177) ,
('Check', '2018-06-30', 178) ,
('Credit', '2018-09-11', 179) ,
('Check', '2017-04-23', 180) ,
('Credit', '2018-02-06', 181) ,
('Credit', '2017-11-10', 182) ,
('Check', '2018-11-11', 183) ,
('Debit', '2017-06-25', 184) ,
('Credit', '2018-07-07', 185) ,
('Loyalty points', '2018-02-21', 186) ,
('Check', '2018-03-25', 187) ,
('Check', '2018-12-26', 188) ,
('Check', '2017-01-29', 189) ,
('Check', '2017-04-02', 190) ,
('Check', '2018-03-08', 191) ,
('Check', '2018-06-25', 192) ,
('Check', '2017-01-16', 193) ,
('Debit', '2017-07-28', 194) ,
('Check', '2018-12-12', 195) ,
('Check', '2017-10-19', 196) ,
('Debit', '2017-04-01', 197) ,
('Credit', '2018-05-03', 198) ,
('Loyalty points', '2017-12-03', 199) ,
('Credit', '2017-02-14', 200) ,
('Debit', '2017-01-14', 201) ,
('Credit', '2018-09-08', 202) ,
('Debit', '2017-09-13', 203) ,
('Credit', '2017-11-19', 204) ,
('Credit', '2017-01-31', 205) ,
('Debit', '2018-09-05', 206) ,
('Credit', '2017-09-23', 207) ,
('Credit', '2018-06-16', 208) ,
('Check', '2018-06-01', 209) ,
('Check', '2017-10-28', 210) ,
('Check', '2017-06-29', 211) ,
('Check', '2018-07-31', 212) ,
('Debit', '2017-03-11', 213) ,
('Debit', '2018-10-19', 214) ,
('Debit', '2017-02-02', 215) ,
('Loyalty points', '2018-08-09', 216) ,
('Debit', '2017-03-28', 217) ,
('Debit', '2018-09-15', 218) ,
('Credit', '2017-07-23', 219) ,
('Credit', '2018-05-17', 220) ,
('Check', '2018-11-01', 221) ,
('Check', '2018-04-05', 222) ,
('Debit', '2018-07-13', 223) ,
('Credit', '2018-04-28', 224) ,
('Debit', '2018-10-27', 225) ,
('Loyalty points', '2017-07-15', 226) ,
('Credit', '2018-12-12', 227) ,
('Credit', '2018-06-27', 228) ,
('Debit', '2018-05-30', 229) ,
('Credit', '2018-12-03', 230) ,
('Credit', '2017-11-16', 231) ,
('Credit', '2017-08-29', 232) ,
('Check', '2018-05-02', 233) ,
('Credit', '2018-06-01', 234) ,
('Check', '2018-07-20', 235) ,
('Debit', '2017-09-25', 236) ,
('Credit', '2017-12-03', 237) ,
('Debit', '2018-08-07', 238) ,
('Credit', '2017-08-04', 239) ,
('Debit', '2017-11-25', 240) ,
('Credit', '2017-07-03', 241) ,
('Check', '2018-10-24', 242) ,
('Check', '2018-10-04', 243) ,
('Check', '2018-11-29', 244) ,
('Debit', '2017-09-06', 245) ,
('Check', '2018-09-30', 246) ,
('Debit', '2017-04-26', 247) ,
('Credit', '2018-06-30', 248) ,
('Credit', '2017-02-09', 249) ,
('Check', '2018-05-06', 250) ,
('Check', '2017-02-10', 251) ,
('Debit', '2017-11-20', 252) ,
('Debit', '2018-03-12', 253) ,
('Check', '2018-07-14', 254) ,
('Check', '2018-03-17', 255) ,
('Credit', '2017-12-07', 256) ,
('Debit', '2018-01-17', 257) ,
('Check', '2018-10-20', 258) ,
('Check', '2018-08-26', 259) ,
('Credit', '2017-05-14', 260) ,
('Credit', '2017-10-05', 261) ,
('Check', '2017-10-26', 262) ,
('Debit', '2018-09-30', 263) ,
('Credit', '2017-01-14', 264) ,
('Check', '2017-12-20', 265) ,
('Credit', '2018-04-26', 266) ,
('Debit', '2017-05-15', 267) ,
('Credit', '2017-09-08', 268) ,
('Loyalty points', '2017-09-24', 269) ,
('Debit', '2017-09-14', 270) ,
('Debit', '2017-03-27', 271) ,
('Debit', '2018-05-20', 272) ,
('Loyalty points', '2018-10-15', 273) ,
('Credit', '2018-07-15', 274) ,
('Debit', '2017-01-10', 275) ,
('Check', '2017-03-29', 276) ,
('Debit', '2018-02-19', 277) ,
('Credit', '2018-07-01', 278) ,
('Debit', '2017-09-28', 279) ,
('Credit', '2018-07-07', 280) ,
('Check', '2018-07-31', 281) ,
('Credit', '2017-03-29', 282) ,
('Check', '2018-06-05', 283) ,
('Debit', '2017-12-17', 284) ,
('Check', '2017-12-31', 285) ,
('Debit', '2018-01-26', 286) ,
('Check', '2017-03-09', 287) ,
('Credit', '2017-04-22', 288) ,
('Check', '2017-06-22', 289) ,
('Debit', '2017-06-01', 290) ,
('Debit', '2018-09-23', 291) ,
('Loyalty points', '2017-07-12', 292) ,
('Credit', '2017-12-31', 293) ,
('Credit', '2018-08-05', 294) ,
('Loyalty points', '2017-04-10', 295) ,
('Debit', '2017-10-18', 296) ,
('Credit', '2017-04-04', 297) ,
('Debit', '2017-09-14', 298) ,
('Check', '2017-07-13', 299) ,
('Debit', '2018-06-21', 300) ,
('Loyalty points', '2017-06-17', 301) ,
('Check', '2018-03-26', 302) ,
('Credit', '2018-11-13', 303) ,
('Debit', '2017-09-16', 304) ,
('Check', '2018-11-27', 305) ,
('Debit', '2018-08-19', 306) ,
('Credit', '2018-06-18', 307) ,
('Credit', '2018-12-15', 308) ,
('Check', '2017-07-18', 309) ,
('Check', '2018-02-12', 310) ,
('Check', '2017-03-09', 311) ,
('Check', '2018-12-15', 312) ,
('Check', '2017-09-19', 313) ,
('Check', '2017-09-25', 314) ,
('Check', '2018-09-04', 315) ,
('Check', '2018-10-25', 316) ,
('Debit', '2018-04-13', 317) ,
('Debit', '2018-04-26', 318) ,
('Credit', '2018-01-04', 319) ,
('Debit', '2018-10-10', 320) ,
('Credit', '2018-10-03', 321) ,
('Credit', '2018-08-09', 322) ,
('Loyalty points', '2017-01-12', 323) ,
('Credit', '2018-11-26', 324) ,
('Credit', '2018-03-13', 325) ,
('Credit', '2017-03-12', 326) ,
('Check', '2018-11-25', 327) ,
('Credit', '2018-07-21', 328) ,
('Credit', '2017-08-14', 329) ,
('Debit', '2018-06-06', 330) ,
('Credit', '2018-06-10', 331) ,
('Check', '2018-08-21', 332) ,
('Check', '2018-08-16', 333) ,
('Loyalty points', '2017-01-11', 334) ,
('Debit', '2017-02-23', 335) ,
('Debit', '2018-04-10', 336) ,
('Loyalty points', '2018-11-25', 337) ,
('Debit', '2017-08-22', 338) ,
('Loyalty points', '2018-08-20', 339) ,
('Credit', '2017-01-25', 340) ,
('Debit', '2018-10-06', 341) ,
('Debit', '2018-07-06', 342) ,
('Debit', '2018-06-07', 343) ,
('Check', '2017-10-17', 344) ,
('Check', '2018-01-13', 345) ,
('Debit', '2018-11-09', 346) ,
('Credit', '2017-01-30', 347) ,
('Credit', '2018-07-13', 348) ,
('Debit', '2017-04-13', 349) ,
('Credit', '2017-12-15', 350) ,
('Check', '2017-05-25', 351) ,
('Credit', '2018-09-30', 352) ,
('Debit', '2017-07-05', 353) ,
('Check', '2017-04-26', 354) ,
('Check', '2018-05-27', 355) ,
('Debit', '2018-11-02', 356) ,
('Credit', '2018-10-20', 357) ,
('Check', '2017-03-07', 358) ,
('Credit', '2018-08-09', 359) ,
('Debit', '2018-07-15', 360) ,
('Credit', '2017-12-17', 361) ,
('Check', '2018-04-06', 362) ,
('Debit', '2017-03-17', 363) ,
('Check', '2017-06-12', 364) ,
('Debit', '2017-08-12', 365) ,
('Check', '2018-09-21', 366) ,
('Check', '2018-04-14', 367) ,
('Check', '2018-12-03', 368) ,
('Debit', '2018-05-08', 369) ,
('Debit', '2018-11-03', 370) ,
('Check', '2017-02-10', 371) ,
('Debit', '2017-11-26', 372) ,
('Check', '2018-08-28', 373) ,
('Check', '2017-11-12', 374) ,
('Debit', '2017-02-08', 375) ,
('Credit', '2017-02-16', 376) ,
('Debit', '2018-02-22', 377) ,
('Credit', '2018-01-16', 378) ,
('Check', '2018-10-23', 379) ,
('Loyalty points', '2017-01-27', 380) ,
('Check', '2017-10-26', 381) ,
('Debit', '2018-04-07', 382) ,
('Debit', '2017-10-26', 383) ,
('Credit', '2017-03-25', 384) ,
('Credit', '2017-10-05', 385) ,
('Credit', '2018-05-03', 386) ,
('Debit', '2017-12-20', 387) ,
('Credit', '2018-06-27', 388) ,
('Credit', '2018-06-22', 389) ,
('Credit', '2017-12-30', 390) ,
('Debit', '2017-10-31', 391) ,
('Check', '2017-05-21', 392) ,
('Loyalty points', '2018-06-12', 393) ,
('Debit', '2017-12-08', 394) ,
('Debit', '2018-07-29', 395) ,
('Debit', '2017-12-16', 396) ,
('Debit', '2018-01-14', 397) ,
('Check', '2017-02-20', 398) ,
('Debit', '2017-08-23', 399) ,
('Loyalty points', '2018-08-16', 400) ,
('Credit', '2017-03-18', 401) ,
('Debit', '2018-05-26', 402) ,
('Debit', '2017-04-28', 403) ,
('Loyalty points', '2017-05-25', 404) ,
('Debit', '2018-05-30', 405) ,
('Check', '2018-10-11', 406) ,
('Debit', '2017-07-11', 407) ,
('Check', '2018-06-25', 408) ,
('Check', '2018-07-03', 409) ,
('Credit', '2017-09-21', 410) ,
('Check', '2018-11-13', 411) ,
('Loyalty points', '2017-02-04', 412) ,
('Loyalty points', '2018-07-12', 413) ,
('Credit', '2018-05-17', 414) ,
('Check', '2018-07-01', 415) ,
('Debit', '2017-10-08', 416) ,
('Credit', '2017-09-05', 417) ,
('Credit', '2018-11-06', 418) ,
('Debit', '2018-12-11', 419) ,
('Check', '2018-11-14', 420) ,
('Check', '2018-01-15', 421) ,
('Loyalty points', '2017-10-11', 422) ,
('Check', '2018-06-26', 423) ,
('Credit', '2018-03-21', 424) ,
('Loyalty points', '2018-09-27', 425) ,
('Credit', '2017-04-29', 426) ,
('Credit', '2018-09-03', 427) ,
('Credit', '2017-10-01', 428) ,
('Debit', '2017-08-06', 429) ,
('Debit', '2017-03-09', 430) ,
('Credit', '2018-10-04', 431) ,
('Debit', '2018-05-02', 432) ,
('Debit', '2017-12-23', 433) ,
('Check', '2017-08-01', 434) ,
('Credit', '2017-11-11', 435) ,
('Loyalty points', '2017-06-22', 436) ,
('Check', '2017-10-12', 437) ,
('Loyalty points', '2018-09-26', 438) ,
('Credit', '2017-05-06', 439) ,
('Check', '2017-11-10', 440) ,
('Check', '2017-10-06', 441) ,
('Debit', '2018-08-26', 442) ,
('Loyalty points', '2017-10-23', 443) ,
('Check', '2017-09-30', 444) ,
('Debit', '2018-05-07', 445) ,
('Credit', '2017-05-18', 446) ,
('Loyalty points', '2018-02-02', 447) ,
('Credit', '2017-10-27', 448) ,
('Credit', '2018-12-02', 449) ,
('Check', '2017-11-13', 450) ,
('Credit', '2018-09-02', 451) ,
('Credit', '2017-09-19', 452) ,
('Check', '2018-04-04', 453) ,
('Loyalty points', '2018-01-06', 454) ,
('Credit', '2017-01-26', 455) ,
('Debit', '2018-07-12', 456) ,
('Check', '2018-06-01', 457) ,
('Check', '2017-11-21', 458) ,
('Debit', '2017-01-20', 459) ,
('Credit', '2017-11-30', 460) ,
('Debit', '2017-03-10', 461) ,
('Check', '2018-09-16', 462) ,
('Credit', '2017-06-13', 463) ,
('Debit', '2018-08-09', 464) ,
('Check', '2017-10-06', 465) ,
('Credit', '2017-05-16', 466) ,
('Check', '2017-04-01', 467) ,
('Credit', '2017-12-18', 468) ,
('Credit', '2017-05-20', 469) ,
('Check', '2017-08-31', 470) ,
('Loyalty points', '2017-05-18', 471) ,
('Credit', '2017-02-28', 472) ,
('Debit', '2018-10-08', 473) ,
('Loyalty points', '2018-04-30', 474) ,
('Loyalty points', '2018-02-09', 475) ,
('Check', '2018-10-15', 476) ,
('Check', '2017-09-24', 477) ,
('Debit', '2017-04-15', 478) ,
('Credit', '2017-05-21', 479) ,
('Loyalty points', '2017-09-16', 480) ,
('Check', '2017-07-10', 481) ,
('Debit', '2017-08-12', 482) ,
('Check', '2018-05-09', 483) ,
('Credit', '2017-10-08', 484) ,
('Check', '2018-11-13', 485) ,
('Check', '2017-09-14', 486) ,
('Credit', '2018-03-29', 487) ,
('Check', '2018-12-25', 488) ,
('Loyalty points', '2018-12-27', 489) ,
('Credit', '2018-12-01', 490) ,
('Credit', '2017-08-01', 491) ,
('Credit', '2017-04-03', 492) ,
('Check', '2018-06-29', 493) ,
('Debit', '2017-10-08', 494) ,
('Loyalty points', '2017-02-24', 495) ,
('Check', '2017-07-04', 496) ,
('Credit', '2017-02-26', 497) ,
('Check', '2018-09-09', 498) ,
('Credit', '2017-05-13', 499) ,
('Loyalty points', '2018-09-10', 500) ,
('Loyalty points', '2017-04-10', 501) ,
('Loyalty points', '2018-12-10', 502) ,
('Credit', '2017-01-17', 503) ,
('Debit', '2018-02-03', 504) ,
('Check', '2017-04-09', 505) ,
('Debit', '2017-07-10', 506) ,
('Credit', '2018-03-17', 507) ,
('Debit', '2018-02-07', 508) ,
('Check', '2017-01-14', 509) ,
('Credit', '2018-05-05', 510) ,
('Debit', '2017-09-18', 511) ,
('Check', '2017-09-10', 512) ,
('Credit', '2017-06-01', 513) ,
('Debit', '2017-06-23', 514) ,
('Credit', '2017-05-06', 515) ,
('Check', '2017-03-29', 516) ,
('Loyalty points', '2018-12-15', 517) ,
('Debit', '2018-11-01', 518) ,
('Loyalty points', '2018-02-02', 519) ,
('Loyalty points', '2018-10-10', 520) ,
('Check', '2017-04-15', 521) ,
('Loyalty points', '2017-01-28', 522) ,
('Check', '2017-02-26', 523) ,
('Check', '2018-09-07', 524) ,
('Debit', '2018-05-23', 525) ,
('Debit', '2018-03-04', 526) ,
('Credit', '2017-05-04', 527) ,
('Credit', '2018-03-20', 528) ,
('Credit', '2018-11-17', 529) ,
('Check', '2017-04-10', 530) ,
('Check', '2017-08-16', 531) ,
('Check', '2017-09-24', 532) ,
('Loyalty points', '2017-04-29', 533) ,
('Check', '2018-11-04', 534) ,
('Check', '2018-11-24', 535) ,
('Debit', '2017-01-31', 536) ,
('Credit', '2017-12-01', 537) ,
('Debit', '2017-01-03', 538) ,
('Check', '2017-05-09', 539) ,
('Credit', '2017-05-20', 540) ,
('Check', '2017-11-19', 541) ,
('Debit', '2018-06-09', 542) ,
('Debit', '2018-01-13', 543) ,
('Debit', '2017-12-10', 544) ,
('Debit', '2018-09-17', 545) ,
('Check', '2018-10-22', 546) ,
('Debit', '2017-04-02', 547) ,
('Debit', '2018-03-05', 548) ,
('Check', '2017-03-04', 549) ,
('Debit', '2017-11-07', 550) ,
('Debit', '2017-09-21', 551) ,
('Check', '2018-07-16', 552) ,
('Debit', '2018-11-18', 553) ,
('Check', '2018-10-26', 554) ,
('Debit', '2017-11-25', 555) ,
('Debit', '2017-05-02', 556) ,
('Loyalty points', '2017-08-20', 557) ,
('Debit', '2018-10-18', 558) ,
('Check', '2017-06-03', 559) ,
('Credit', '2018-07-03', 560) ,
('Loyalty points', '2017-01-14', 561) ,
('Credit', '2018-05-21', 562) ,
('Debit', '2017-05-16', 563) ,
('Check', '2018-03-23', 564) ,
('Debit', '2017-04-24', 565) ,
('Loyalty points', '2017-11-07', 566) ,
('Debit', '2018-09-16', 567) ,
('Debit', '2017-04-23', 568) ,
('Debit', '2017-01-26', 569) ,
('Check', '2018-01-21', 570) ,
('Credit', '2018-07-27', 571) ,
('Check', '2018-03-10', 572) ,
('Debit', '2018-07-17', 573) ,
('Debit', '2017-04-02', 574) ,
('Debit', '2017-01-10', 575) ,
('Debit', '2017-09-29', 576) ,
('Check', '2017-06-14', 577) ,
('Check', '2017-12-29', 578) ,
('Credit', '2018-04-26', 579) ,
('Loyalty points', '2018-04-15', 580) ,
('Credit', '2017-09-23', 581) ,
('Debit', '2018-06-27', 582) ,
('Check', '2018-06-20', 583) ,
('Credit', '2017-10-22', 584) ,
('Check', '2017-07-20', 585) ,
('Credit', '2018-05-08', 586) ,
('Debit', '2017-06-28', 587) ,
('Debit', '2018-10-30', 588) ,
('Debit', '2018-07-03', 589) ,
('Check', '2018-09-14', 590) ,
('Debit', '2018-12-12', 591) ,
('Debit', '2017-03-20', 592) ,
('Check', '2017-08-10', 593) ,
('Debit', '2017-06-25', 594) ,
('Credit', '2017-09-15', 595) ,
('Check', '2018-04-02', 596) ,
('Credit', '2017-02-27', 597) ,
('Debit', '2018-04-23', 598) ,
('Check', '2017-02-10', 599) ,
('Debit', '2018-05-11', 600) ,
('Debit', '2017-06-15', 601) ,
('Loyalty points', '2018-02-05', 602) ,
('Check', '2018-05-16', 603) ,
('Debit', '2017-10-04', 604) ,
('Loyalty points', '2018-08-03', 605) ,
('Credit', '2018-03-07', 606) ,
('Debit', '2017-10-15', 607) ,
('Debit', '2018-02-10', 608) ,
('Check', '2017-01-28', 609) ,
('Check', '2017-09-29', 610) ,
('Credit', '2018-03-20', 611) ,
('Loyalty points', '2018-02-09', 612) ,
('Debit', '2018-08-31', 613) ,
('Credit', '2017-02-18', 614) ,
('Credit', '2018-10-15', 615) ,
('Check', '2018-12-12', 616) ,
('Debit', '2017-04-10', 617) ,
('Debit', '2017-12-18', 618) ,
('Debit', '2018-10-21', 619) ,
('Check', '2017-01-28', 620) ,
('Credit', '2017-01-07', 621) ,
('Credit', '2018-09-21', 622) ,
('Debit', '2017-04-13', 623) ,
('Credit', '2018-05-17', 624) ,
('Credit', '2017-10-10', 625) ,
('Debit', '2017-04-16', 626) ,
('Debit', '2018-08-26', 627) ,
('Check', '2017-04-21', 628) ,
('Loyalty points', '2017-08-16', 629) ,
('Check', '2017-04-29', 630) ,
('Check', '2017-03-06', 631) ,
('Check', '2017-04-27', 632) ,
('Debit', '2017-12-21', 633) ,
('Credit', '2017-11-13', 634) ,
('Debit', '2017-04-22', 635) ,
('Check', '2018-12-29', 636) ,
('Check', '2018-09-22', 637) ,
('Check', '2017-04-11', 638) ,
('Loyalty points', '2017-10-21', 639) ,
('Check', '2017-10-25', 640) ,
('Check', '2017-09-17', 641) ,
('Loyalty points', '2018-11-18', 642) ,
('Check', '2017-10-18', 643) ,
('Debit', '2017-08-23', 644) ,
('Loyalty points', '2018-11-03', 645) ,
('Credit', '2018-10-05', 646) ,
('Debit', '2018-01-26', 647) ,
('Check', '2017-12-24', 648) ,
('Debit', '2017-05-12', 649) ,
('Credit', '2017-02-15', 650) ,
('Credit', '2018-07-19', 651) ,
('Debit', '2017-09-08', 652) ,
('Check', '2018-01-31', 653) ,
('Debit', '2017-11-11', 654) ,
('Credit', '2017-11-08', 655) ,
('Debit', '2017-11-09', 656) ,
('Credit', '2018-09-07', 657) ,
('Debit', '2018-05-04', 658) ,
('Credit', '2018-09-01', 659) ,
('Debit', '2017-12-26', 660) ,
('Loyalty points', '2017-01-09', 661) ,
('Credit', '2017-08-11', 662) ,
('Check', '2018-01-28', 663) ,
('Check', '2018-12-09', 664) ,
('Debit', '2018-11-01', 665) ,
('Debit', '2018-05-16', 666) ,
('Debit', '2017-02-08', 667) ,
('Check', '2018-04-02', 668) ,
('Credit', '2017-03-11', 669) ,
('Credit', '2017-05-23', 670) ,
('Debit', '2017-09-22', 671) ,
('Debit', '2017-11-12', 672) ,
('Check', '2018-05-05', 673) ,
('Check', '2017-12-30', 674) ,
('Debit', '2017-09-28', 675) ,
('Loyalty points', '2017-09-30', 676) ,
('Credit', '2018-01-21', 677) ,
('Loyalty points', '2017-05-03', 678) ,
('Check', '2017-02-04', 679) ,
('Check', '2017-05-10', 680) ,
('Debit', '2017-10-09', 681) ,
('Debit', '2018-01-03', 682) ,
('Check', '2017-01-29', 683) ,
('Check', '2018-05-28', 684) ,
('Check', '2018-04-04', 685) ,
('Check', '2017-07-16', 686) ,
('Debit', '2018-04-22', 687) ,
('Loyalty points', '2017-06-25', 688) ,
('Credit', '2018-09-04', 689) ,
('Credit', '2018-09-30', 690) ,
('Check', '2018-12-20', 691) ,
('Credit', '2017-06-23', 692) ,
('Check', '2018-07-05', 693) ,
('Debit', '2018-01-10', 694) ,
('Debit', '2017-04-17', 695) ,
('Loyalty points', '2017-10-20', 696) ,
('Check', '2018-01-07', 697) ,
('Check', '2017-10-23', 698) ,
('Debit', '2018-06-27', 699) ,
('Loyalty points', '2018-01-30', 700) ,
('Check', '2017-08-11', 701) ,
('Check', '2018-06-16', 702) ,
('Check', '2017-10-30', 703) ,
('Check', '2018-02-24', 704) ,
('Credit', '2018-12-11', 705) ,
('Credit', '2018-08-02', 706) ,
('Credit', '2017-01-19', 707) ,
('Check', '2017-04-18', 708) ,
('Debit', '2018-10-03', 709) ,
('Credit', '2018-11-26', 710) ,
('Credit', '2017-06-04', 711) ,
('Check', '2018-03-31', 712) ,
('Loyalty points', '2017-10-10', 713) ,
('Debit', '2017-11-25', 714) ,
('Check', '2018-05-02', 715) ,
('Check', '2017-08-16', 716) ,
('Debit', '2018-04-21', 717) ,
('Credit', '2018-10-29', 718) ,
('Credit', '2017-09-03', 719) ,
('Check', '2018-12-02', 720) ,
('Credit', '2018-10-15', 721) ,
('Check', '2017-10-29', 722) ,
('Credit', '2017-11-19', 723) ,
('Debit', '2018-05-20', 724) ,
('Debit', '2018-07-05', 725) ,
('Check', '2018-09-26', 726) ,
('Debit', '2017-07-21', 727) ,
('Credit', '2018-04-08', 728) ,
('Debit', '2017-08-06', 729) ,
('Check', '2017-06-27', 730) ,
('Credit', '2017-07-01', 731) ,
('Credit', '2017-12-27', 732) ,
('Credit', '2017-12-22', 733) ,
('Credit', '2018-07-21', 734) ,
('Debit', '2017-02-22', 735) ,
('Credit', '2018-12-09', 736) ,
('Debit', '2017-08-02', 737) ,
('Credit', '2018-02-02', 738) ,
('Debit', '2017-10-09', 739) ,
('Credit', '2017-06-29', 740) ,
('Debit', '2018-04-14', 741) ,
('Credit', '2018-11-02', 742) ,
('Credit', '2018-03-27', 743) ,
('Loyalty points', '2017-01-13', 744) ,
('Check', '2017-06-16', 745) ,
('Debit', '2017-10-20', 746) ,
('Credit', '2017-12-01', 747) ,
('Debit', '2018-09-10', 748) ,
('Credit', '2018-05-10', 749) ,
('Debit', '2017-12-07', 750) ,
('Check', '2017-11-25', 751) ,
('Loyalty points', '2017-01-15', 752) ,
('Check', '2018-02-19', 753) ,
('Debit', '2017-06-04', 754) ,
('Debit', '2017-04-06', 755) ,
('Check', '2017-11-28', 756) ,
('Debit', '2017-05-15', 757) ,
('Loyalty points', '2017-08-16', 758) ,
('Debit', '2018-09-12', 759) ,
('Check', '2017-03-23', 760) ,
('Debit', '2017-11-28', 761) ,
('Loyalty points', '2018-09-04', 762) ,
('Credit', '2018-07-01', 763) ,
('Debit', '2017-04-21', 764) ,
('Loyalty points', '2018-03-06', 765) ,
('Debit', '2017-10-19', 766) ,
('Credit', '2018-06-26', 767) ,
('Check', '2017-04-16', 768) ,
('Debit', '2018-09-10', 769) ,
('Credit', '2018-07-06', 770) ,
('Debit', '2018-09-12', 771) ,
('Credit', '2017-01-25', 772) ,
('Debit', '2018-07-23', 773) ,
('Check', '2018-01-22', 774) ,
('Debit', '2018-05-31', 775) ,
('Debit', '2017-08-14', 776) ,
('Check', '2018-02-16', 777) ,
('Debit', '2018-03-12', 778) ,
('Check', '2017-10-26', 779) ,
('Debit', '2017-02-09', 780) ,
('Loyalty points', '2018-10-09', 781) ,
('Credit', '2017-04-05', 782) ,
('Debit', '2017-05-10', 783) ,
('Credit', '2017-07-29', 784) ,
('Credit', '2018-06-23', 785) ,
('Debit', '2018-12-14', 786) ,
('Credit', '2017-07-14', 787) ,
('Check', '2017-01-04', 788) ,
('Debit', '2017-09-24', 789) ,
('Credit', '2018-07-28', 790) ,
('Credit', '2018-05-24', 791) ,
('Check', '2017-08-04', 792) ,
('Credit', '2017-04-06', 793) ,
('Credit', '2018-04-25', 794) ,
('Check', '2017-05-02', 795) ,
('Check', '2017-06-07', 796) ,
('Check', '2018-12-14', 797) ,
('Credit', '2018-05-04', 798) ,
('Check', '2018-06-22', 799) ,
('Credit', '2018-04-29', 800) ,
('Credit', '2017-08-05', 801) ,
('Loyalty points', '2017-09-18', 802) ,
('Debit', '2018-03-25', 803) ,
('Debit', '2018-01-08', 804) ,
('Check', '2018-02-10', 805) ,
('Debit', '2017-08-02', 806) ,
('Check', '2018-06-12', 807) ,
('Check', '2017-11-16', 808) ,
('Credit', '2018-11-13', 809) ,
('Debit', '2018-05-22', 810) ,
('Check', '2018-02-11', 811) ,
('Credit', '2018-12-31', 812) ,
('Debit', '2017-02-18', 813) ,
('Check', '2017-05-03', 814) ,
('Credit', '2017-12-01', 815) ,
('Debit', '2017-03-05', 816) ,

('Check', '2018-09-11', 822) ,
('Loyalty points', '2018-05-09', 823) ,
('Debit', '2017-07-17', 824) ,
('Debit', '2018-10-29', 825) ,
('Debit', '2018-06-23', 826) ,
('Debit', '2018-05-24', 827) ,
('Debit', '2017-09-19', 828) ,
('Credit', '2018-07-18', 829) ,
('Check', '2018-03-19', 830) ,
('Credit', '2018-12-24', 831) ,
('Debit', '2017-04-03', 832) ,
('Credit', '2017-07-07', 833) ,
('Credit', '2018-09-04', 834) ,
('Check', '2018-07-14', 835) ,
('Loyalty points', '2018-03-28', 836) ,
('Loyalty points', '2018-09-16', 837) ,
('Check', '2018-01-05', 838) ,
('Check', '2017-01-11', 839) ,
('Debit', '2018-04-19', 840) ,
('Check', '2018-07-31', 841) ,
('Credit', '2018-11-06', 842) ,
('Debit', '2017-07-13', 843) ,
('Debit', '2018-07-28', 844) ,
('Check', '2017-03-08', 845) ,
('Credit', '2018-05-15', 846) ,
('Credit', '2018-08-17', 847) ,
('Credit', '2017-04-13', 848) ,
('Debit', '2017-08-28', 849) ,
('Loyalty points', '2017-10-06', 850) ,
('Check', '2017-01-21', 851) ,
('Loyalty points', '2017-06-24', 852) ,
('Debit', '2017-09-16', 853) ,
('Credit', '2018-09-28', 854) ,
('Loyalty points', '2017-08-22', 855) ,
('Check', '2018-06-22', 856) ,
('Loyalty points', '2017-01-05', 857) ,
('Debit', '2018-08-24', 858) ,
('Credit', '2018-11-08', 859) ,
('Credit', '2017-12-22', 860) ,
('Check', '2017-04-18', 861) ,
('Loyalty points', '2017-04-03', 862) ,
('Loyalty points', '2017-08-23', 863) ,
('Debit', '2018-01-25', 864) ,
('Debit', '2017-01-26', 865) ,
('Check', '2018-12-11', 866) ,
('Debit', '2018-02-28', 867) ,
('Debit', '2018-04-07', 868) ,
('Loyalty points', '2018-10-20', 869) ,
('Debit', '2018-12-18', 870) ,
('Debit', '2018-11-27', 871) ,
('Debit', '2018-07-25', 872) ,
('Check', '2017-07-16', 873) ,
('Credit', '2017-01-22', 874) ,
('Credit', '2018-02-01', 875) ,
('Credit', '2018-05-23', 876) ,
('Credit', '2018-10-15', 877) ,
('Debit', '2018-02-04', 878) ,
('Check', '2017-08-16', 879) ,
('Credit', '2018-01-17', 880) ,
('Credit', '2017-02-10', 881) ,
('Credit', '2018-07-10', 882) ,
('Loyalty points', '2017-07-18', 883) ,
('Loyalty points', '2018-08-02', 884) ,
('Check', '2018-01-22', 885) ,
('Check', '2018-02-18', 886) ,
('Check', '2018-09-09', 887) ,
('Debit', '2018-02-24', 888) ,
('Check', '2017-03-08', 889) ,
('Debit', '2018-05-28', 890) ,
('Debit', '2018-04-19', 891) ,
('Credit', '2017-02-16', 892) ,
('Credit', '2017-09-24', 893) ,
('Debit', '2017-06-12', 894) ,
('Debit', '2017-02-03', 895) ,
('Check', '2018-05-31', 896) ,
('Loyalty points', '2017-05-28', 897) ,
('Debit', '2017-05-13', 898) ,
('Debit', '2018-03-24', 899) ,
('Debit', '2017-06-06', 900) ,
('Loyalty points', '2018-01-16', 901) ,
('Credit', '2017-08-05', 902) ,
('Loyalty points', '2018-05-09', 903) ,
('Credit', '2018-06-20', 904) ,
('Check', '2018-09-27', 905) ,
('Debit', '2018-12-28', 906) ,
('Loyalty points', '2018-02-19', 907) ,
('Check', '2018-02-04', 908) ,
('Check', '2018-02-20', 909) ,
('Debit', '2017-04-16', 910) ,
('Debit', '2017-02-02', 911) ,
('Loyalty points', '2018-11-05', 912) ,
('Debit', '2017-04-15', 913) ,
('Check', '2018-02-28', 914) ,
('Check', '2017-05-17', 915) ,
('Debit', '2018-12-12', 916) ,
('Debit', '2018-02-15', 917) ,
('Loyalty points', '2018-04-21', 918) ,
('Check', '2018-12-20', 919) ,
('Credit', '2017-04-03', 920) ,
('Loyalty points', '2017-01-27', 921) ,
('Check', '2017-05-24', 922) ,
('Debit', '2017-08-05', 923) ,
('Check', '2018-05-14', 924) ,
('Credit', '2017-05-07', 925) ,
('Loyalty points', '2017-04-10', 926) ,
('Debit', '2018-01-05', 927) ,
('Check', '2017-07-05', 928) ,
('Check', '2017-06-01', 929) ,
('Check', '2018-07-20', 930) ,
('Debit', '2018-02-20', 931) ,
('Credit', '2018-01-03', 932) ,
('Debit', '2018-07-04', 933) ,
('Debit', '2018-04-07', 934) ,
('Check', '2017-10-13', 935) ,
('Debit', '2018-07-07', 936) ,
('Debit', '2017-06-11', 937) ,
('Credit', '2017-06-25', 938) ,
('Check', '2018-05-05', 939) ,
('Credit', '2017-07-19', 940) ,
('Debit', '2018-05-20', 941) ,
('Check', '2017-04-14', 942) ,
('Check', '2018-02-09', 943) ,
('Debit', '2018-01-11', 944) ,
('Credit', '2018-01-16', 945) ,
('Debit', '2018-09-26', 946) ,
('Debit', '2017-09-27', 947) ,
('Credit', '2018-03-30', 948) ,
('Credit', '2017-07-17', 949) ,
('Credit', '2017-06-01', 950) ,
('Credit', '2017-10-09', 951) ,
('Debit', '2018-10-03', 952) ,
('Debit', '2017-06-10', 953) ,
('Loyalty points', '2018-08-19', 954) ,
('Credit', '2017-07-24', 955) ,
('Debit', '2018-04-06', 956) ,
('Loyalty points', '2017-08-22', 957) ,
('Credit', '2017-05-08', 958) ,
('Debit', '2018-03-12', 959) ,
('Credit', '2018-04-14', 960) ,
('Credit', '2017-02-17', 961) ,
('Debit', '2018-01-19', 962) ,
('Check', '2017-05-27', 963) ,
('Credit', '2018-08-10', 964) ,
('Credit', '2018-11-10', 965) ,
('Check', '2017-05-06', 966) ,
('Debit', '2018-02-01', 967) ,
('Credit', '2017-04-13', 968) ,
('Debit', '2017-01-09', 969) ,
('Loyalty points', '2017-05-22', 970) ,
('Debit', '2018-04-26', 971) ,
('Debit', '2018-12-22', 972) ,
('Check', '2018-09-22', 973) ,
('Credit', '2017-12-11', 974) ,
('Check', '2017-10-24', 975) ,
('Debit', '2017-11-17', 976) ,
('Credit', '2017-08-23', 977) ,
('Check', '2018-11-07', 978) ,
('Check', '2017-12-20', 979) ,
('Debit', '2018-10-11', 980) ,
('Credit', '2018-05-17', 981) ,
('Loyalty points', '2017-09-01', 982) ,
('Credit', '2018-07-18', 983) ,
('Check', '2018-07-11', 984) ,
('Debit', '2017-02-26', 985) ,
('Debit', '2017-11-09', 986) ,
('Debit', '2017-10-11', 987) ,
('Debit', '2018-05-09', 988) ,
('Check', '2017-03-13', 989) ,
('Check', '2017-12-25', 990) ,
('Check', '2018-08-11', 991) ,
('Credit', '2017-11-11', 992) ,
('Credit', '2018-08-22', 993) ,
('Check', '2017-11-19', 994) ,
('Check', '2018-12-28', 995) ,
('Debit', '2018-01-25', 996) ,
('Credit', '2018-06-21', 997) ,
('Credit', '2018-03-17', 998) ,
('Credit', '2018-05-06', 999) ,
('Debit', '2017-04-24', 1000) 
Insert into Payment values 
('Check', '2017-12-06', 1001) ,
('Loyalty points', '2017-10-15', 1002) ,
('Debit', '2018-11-28', 1003) ,
('Debit', '2017-04-06', 1004) ,
('Debit', '2017-12-01', 1005) ,
('Credit', '2017-07-12', 1006) ,
('Debit', '2017-11-10', 1007) ,
('Check', '2017-06-27', 1008) ,
('Debit', '2017-11-05', 1009) ,
('Credit', '2017-05-07', 1010) ,
('Loyalty points', '2018-02-19', 1011) ,
('Debit', '2018-12-29', 1012) ,
('Check', '2018-06-08', 1013) ,
('Loyalty points', '2017-05-03', 1014) ,
('Check', '2017-02-13', 1015) ,
('Credit', '2017-07-25', 1016) ,
('Credit', '2018-12-13', 1017) ,
('Credit', '2017-03-16', 1018) ,
('Check', '2018-03-31', 1019) ,
('Debit', '2018-05-31', 1020) ,
('Credit', '2018-07-25', 1021) ,
('Check', '2017-10-28', 1022) ,
('Loyalty points', '2017-09-26', 1023) ,
('Debit', '2017-11-11', 1024) ,
('Check', '2017-11-20', 1025) ,
('Debit', '2017-03-21', 1026) ,
('Check', '2017-03-10', 1027) ,
('Check', '2018-09-09', 1028) ,
('Credit', '2018-12-29', 1029) ,
('Check', '2018-02-18', 1030) ,
('Credit', '2017-02-12', 1031) ,
('Credit', '2017-03-25', 1032) ,
('Credit', '2018-02-08', 1033) ,
('Debit', '2018-08-21', 1034) ,
('Debit', '2017-04-28', 1035) ,
('Debit', '2018-05-21', 1036) ,
('Credit', '2018-06-20', 1037) ,
('Debit', '2018-01-02', 1038) ,
('Check', '2017-10-11', 1039) ,
('Check', '2017-01-15', 1040) ,
('Check', '2017-09-15', 1041) ,
('Credit', '2018-12-12', 1042) ,
('Debit', '2017-01-05', 1043) ,
('Debit', '2018-02-26', 1044) ,
('Debit', '2017-05-17', 1045) ,
('Credit', '2018-02-23', 1046) ,
('Check', '2018-12-30', 1047) ,
('Check', '2017-04-10', 1048) ,
('Check', '2018-11-09', 1049) ,
('Check', '2017-11-24', 1050) ,
('Check', '2017-08-24', 1051) ,
('Check', '2018-11-29', 1052) ,
('Check', '2018-06-21', 1053) ,
('Debit', '2018-10-30', 1054) ,
('Credit', '2018-07-16', 1055) ,
('Credit', '2017-12-28', 1056) ,
('Check', '2018-08-01', 1057) ,
('Debit', '2018-06-17', 1058) ,
('Debit', '2017-12-10', 1059) ,
('Credit', '2017-07-17', 1060) ,
('Loyalty points', '2018-10-21', 1061) ,
('Credit', '2017-12-11', 1062) ,
('Check', '2018-11-22', 1063) ,
('Debit', '2017-01-19', 1064) ,
('Debit', '2018-03-17', 1065) ,
('Debit', '2018-06-14', 1066) ,
('Debit', '2018-07-01', 1067) ,
('Credit', '2018-03-14', 1068) ,
('Check', '2018-03-31', 1069) ,
('Check', '2017-03-26', 1070) ,
('Check', '2017-02-17', 1071) ,
('Credit', '2018-03-21', 1072) ,
('Check', '2017-09-21', 1073) ,
('Debit', '2018-03-10', 1074) ,
('Debit', '2017-02-04', 1075) ,
('Loyalty points', '2017-10-01', 1076) ,
('Credit', '2017-05-29', 1077) ,
('Check', '2017-01-19', 1078) ,
('Credit', '2017-08-11', 1079) ,
('Check', '2018-01-11', 1080) ,
('Check', '2017-08-30', 1081) ,
('Check', '2018-04-13', 1082) ,
('Check', '2018-03-28', 1083) ,
('Debit', '2017-12-15', 1084) ,
('Check', '2018-03-05', 1085) ,
('Debit', '2018-01-25', 1086) ,
('Check', '2017-01-30', 1087) ,
('Loyalty points', '2017-09-17', 1088) ,
('Debit', '2017-10-26', 1089) ,
('Check', '2017-08-09', 1090) ,
('Check', '2017-06-02', 1091) ,
('Check', '2018-07-21', 1092) ,
('Debit', '2017-12-30', 1093) ,
('Check', '2018-11-09', 1094) ,
('Check', '2018-06-07', 1095) ,
('Debit', '2018-07-26', 1096) ,
('Check', '2018-11-10', 1097) ,
('Credit', '2017-09-11', 1098) ,
('Check', '2018-06-20', 1099) ,
('Debit', '2018-08-25', 1100) ,
('Credit', '2017-08-01', 1101) ,
('Credit', '2018-09-13', 1102) ,
('Check', '2018-01-15', 1103) ,
('Credit', '2018-10-29', 1104) ,
('Credit', '2017-02-21', 1105) ,
('Debit', '2018-11-15', 1106) ,
('Check', '2017-12-15', 1107) ,
('Debit', '2018-08-07', 1108) ,
('Debit', '2018-05-31', 1109) ,
('Check', '2018-12-29', 1110) ,
('Check', '2018-12-20', 1111) ,
('Loyalty points', '2018-01-28', 1112) ,
('Check', '2017-04-09', 1113) ,
('Credit', '2018-02-25', 1114) ,
('Check', '2017-08-04', 1115) ,
('Debit', '2018-12-08', 1116) ,
('Credit', '2018-08-14', 1117) ,
('Debit', '2018-12-30', 1118) ,
('Debit', '2018-12-16', 1119) ,
('Loyalty points', '2017-08-12', 1120) ,
('Check', '2017-06-30', 1121) ,
('Check', '2017-08-01', 1122) ,
('Debit', '2017-04-03', 1123) ,
('Credit', '2018-01-20', 1124) ,
('Loyalty points', '2018-02-25', 1125) ,
('Check', '2018-07-08', 1126) ,
('Debit', '2017-05-24', 1127) ,
('Debit', '2017-03-04', 1128) ,
('Debit', '2017-06-05', 1129) ,
('Debit', '2018-02-22', 1130) ,
('Credit', '2017-11-05', 1131) ,
('Check', '2018-08-17', 1132) ,
('Loyalty points', '2018-01-14', 1133) ,
('Check', '2017-11-15', 1134) ,
('Debit', '2017-01-11', 1135) ,
('Debit', '2018-12-14', 1136) ,
('Credit', '2017-05-23', 1137) ,
('Check', '2017-05-24', 1138) ,
('Credit', '2018-04-19', 1139) ,
('Debit', '2018-11-16', 1140) ,
('Debit', '2017-02-18', 1141) ,
('Check', '2017-07-08', 1142) ,
('Check', '2018-10-24', 1143) ,
('Check', '2017-04-21', 1144) ,
('Check', '2017-02-03', 1145) ,
('Loyalty points', '2017-11-05', 1146) ,
('Debit', '2018-01-08', 1147) ,
('Credit', '2017-10-16', 1148) ,
('Debit', '2018-09-13', 1149) ,
('Check', '2018-12-14', 1150) ,
('Debit', '2017-07-26', 1151) ,
('Check', '2018-01-09', 1152) ,
('Credit', '2017-01-06', 1153) ,
('Credit', '2018-08-27', 1154) ,
('Credit', '2017-01-28', 1155) ,
('Credit', '2017-06-02', 1156) ,
('Debit', '2017-03-20', 1157) ,
('Debit', '2017-01-27', 1158) ,
('Debit', '2018-08-28', 1159) ,
('Check', '2018-04-30', 1160) ,
('Loyalty points', '2017-05-06', 1161) ,
('Check', '2017-11-07', 1162) ,
('Debit', '2018-03-01', 1163) ,
('Loyalty points', '2018-02-12', 1164) ,
('Check', '2018-08-19', 1165) ,
('Check', '2018-03-03', 1166) ,
('Credit', '2018-09-02', 1167) ,
('Debit', '2017-12-25', 1168) ,
('Check', '2017-07-05', 1169) ,
('Loyalty points', '2018-08-28', 1170) ,
('Check', '2018-01-30', 1171) ,
('Debit', '2018-12-26', 1172) ,
('Credit', '2018-06-15', 1173) ,
('Loyalty points', '2017-04-08', 1174) ,
('Debit', '2018-07-15', 1175) ,
('Credit', '2018-11-17', 1176) ,
('Credit', '2017-10-25', 1177) ,
('Check', '2018-06-22', 1178) ,
('Check', '2017-03-23', 1179) ,
('Credit', '2018-04-12', 1180) ,
('Check', '2018-02-04', 1181) ,
('Check', '2017-11-03', 1182) ,
('Credit', '2017-05-31', 1183) ,
('Credit', '2018-06-19', 1184) ,
('Credit', '2018-06-09', 1185) ,
('Check', '2017-03-11', 1186) ,
('Debit', '2017-09-01', 1187) ,
('Debit', '2017-06-24', 1188) ,
('Loyalty points', '2018-01-05', 1189) ,
('Debit', '2017-01-06', 1190) ,
('Credit', '2017-09-07', 1191) ,
('Loyalty points', '2017-10-07', 1192) ,
('Debit', '2017-12-23', 1193) ,
('Credit', '2018-04-17', 1194) ,
('Loyalty points', '2017-01-16', 1195) ,
('Debit', '2018-07-22', 1196) ,
('Debit', '2018-04-04', 1197) ,
('Loyalty points', '2018-11-15', 1198) ,
('Check', '2017-10-18', 1199) ,
('Loyalty points', '2018-09-17', 1200) ,
('Check', '2017-08-26', 1201) ,
('Debit', '2018-04-05', 1202) ,
('Check', '2017-04-08', 1203) ,
('Loyalty points', '2018-04-11', 1204) ,
('Loyalty points', '2017-04-10', 1205) ,
('Credit', '2017-05-03', 1206) ,
('Debit', '2017-10-16', 1207) ,
('Check', '2018-08-23', 1208) ,
('Check', '2017-09-25', 1209) ,
('Debit', '2017-01-30', 1210) ,
('Debit', '2018-09-20', 1211) ,
('Credit', '2018-10-13', 1212) ,
('Credit', '2018-03-17', 1213) ,
('Credit', '2017-03-01', 1214) ,
('Loyalty points', '2017-07-23', 1215) ,
('Debit', '2017-02-08', 1216) ,
('Check', '2017-01-05', 1217) ,
('Credit', '2017-12-11', 1218) ,
('Loyalty points', '2017-02-27', 1219) ,
('Credit', '2017-07-05', 1220) ,
('Debit', '2018-11-05', 1221) ,
('Debit', '2018-12-07', 1222) ,
('Loyalty points', '2017-06-28', 1223) ,
('Credit', '2018-04-13', 1224) ,
('Credit', '2017-09-20', 1225) ,
('Credit', '2018-06-28', 1226) ,
('Debit', '2018-01-09', 1227) ,
('Credit', '2018-03-31', 1228) ,
('Credit', '2018-05-11', 1229) ,
('Credit', '2018-08-13', 1230) ,
('Credit', '2018-05-22', 1231) ,
('Loyalty points', '2017-06-19', 1232) ,
('Debit', '2018-12-02', 1233) ,
('Debit', '2018-09-23', 1234) ,
('Debit', '2018-01-19', 1235) ,
('Check', '2018-12-13', 1236) ,
('Credit', '2017-01-07', 1237) ,
('Check', '2018-02-27', 1238) ,
('Check', '2018-09-12', 1239) ,
('Credit', '2018-03-10', 1240) ,
('Check', '2017-05-01', 1241) ,
('Credit', '2018-02-16', 1242) ,
('Credit', '2017-12-20', 1243) ,
('Debit', '2018-06-18', 1244) ,
('Debit', '2017-07-22', 1245) ,
('Loyalty points', '2017-02-12', 1246) ,
('Credit', '2018-06-03', 1247) ,
('Debit', '2017-10-21', 1248) ,
('Check', '2017-07-14', 1249) ,
('Check', '2017-09-28', 1250) ,
('Credit', '2017-04-24', 1251) ,
('Check', '2017-03-11', 1252) ,
('Debit', '2018-04-17', 1253) ,
('Debit', '2018-06-30', 1254) ,
('Credit', '2018-04-13', 1255) ,
('Debit', '2018-06-04', 1256) ,
('Debit', '2017-04-18', 1257) ,
('Check', '2018-03-13', 1258) ,
('Debit', '2017-03-20', 1259) ,
('Credit', '2017-05-31', 1260) ,
('Credit', '2018-05-05', 1261) ,
('Debit', '2018-05-30', 1262) ,
('Debit', '2018-08-02', 1263) ,
('Credit', '2017-10-29', 1264) ,
('Credit', '2018-10-03', 1265) ,
('Check', '2018-03-18', 1266) ,
('Credit', '2017-12-06', 1267) ,
('Check', '2017-09-29', 1268) ,
('Check', '2018-03-10', 1269) ,
('Debit', '2017-05-12', 1270) ,
('Debit', '2017-05-15', 1271) ,
('Debit', '2018-08-28', 1272) ,
('Credit', '2018-05-09', 1273) ,
('Credit', '2018-11-12', 1274) ,
('Debit', '2018-02-08', 1275) ,
('Credit', '2017-01-22', 1276) ,
('Debit', '2017-09-12', 1277) ,
('Credit', '2018-03-10', 1278) ,
('Credit', '2018-01-14', 1279) ,
('Loyalty points', '2017-07-12', 1280) ,
('Check', '2018-12-16', 1281) ,
('Check', '2017-07-25', 1282) ,
('Credit', '2018-01-03', 1283) ,
('Credit', '2017-09-28', 1284) ,
('Credit', '2018-12-16', 1285) ,
('Check', '2018-08-25', 1286) ,
('Loyalty points', '2018-08-15', 1287) ,
('Debit', '2017-03-26', 1288) ,
('Debit', '2017-06-18', 1289) ,
('Check', '2017-01-08', 1290) ,
('Credit', '2018-04-07', 1291) ,
('Debit', '2017-09-08', 1292) ,
('Credit', '2018-03-01', 1293) ,
('Credit', '2018-01-04', 1294) ,
('Credit', '2018-03-02', 1295) ,
('Check', '2017-05-18', 1296) ,
('Credit', '2018-03-05', 1297) ,
('Credit', '2018-05-18', 1298) ,
('Check', '2017-03-26', 1299) ,
('Debit', '2018-07-17', 1300) ,
('Check', '2018-08-07', 1301) ,
('Credit', '2017-07-11', 1302) ,
('Check', '2017-03-24', 1303) ,
('Check', '2018-03-05', 1304) ,
('Debit', '2018-04-23', 1305) ,
('Check', '2018-01-03', 1306) ,
('Debit', '2017-10-03', 1307) ,
('Debit', '2018-04-10', 1308) ,
('Debit', '2018-06-23', 1309) ,
('Credit', '2017-04-11', 1310) ,
('Check', '2017-08-28', 1311) ,
('Loyalty points', '2018-07-19', 1312) ,
('Check', '2018-05-04', 1313) ,
('Debit', '2017-04-02', 1314) ,
('Credit', '2017-07-12', 1315) ,
('Check', '2017-11-28', 1316) ,
('Debit', '2018-08-23', 1317) ,
('Debit', '2017-07-18', 1318) ,
('Check', '2017-11-18', 1319) ,
('Check', '2017-11-29', 1320) ,
('Loyalty points', '2017-02-15', 1321) ,
('Check', '2018-02-15', 1322) ,
('Check', '2017-04-11', 1323) ,
('Credit', '2018-11-07', 1324) ,
('Loyalty points', '2017-12-08', 1325) ,
('Debit', '2018-07-17', 1326) ,
('Check', '2017-11-13', 1327) ,
('Credit', '2017-08-09', 1328) ,
('Check', '2018-12-05', 1329) ,
('Debit', '2017-12-30', 1330) ,
('Check', '2017-06-06', 1331) ,
('Debit', '2017-06-12', 1332) ,
('Check', '2017-06-17', 1333) ,
('Check', '2018-10-27', 1334) ,
('Debit', '2018-10-27', 1335) ,
('Loyalty points', '2017-10-29', 1336) ,
('Credit', '2018-11-15', 1337) ,
('Check', '2017-12-24', 1338) ,
('Debit', '2018-06-11', 1339) ,
('Debit', '2017-09-16', 1340) ,
('Check', '2018-04-28', 1341) ,
('Check', '2017-08-23', 1342) ,
('Debit', '2018-04-20', 1343) ,
('Debit', '2017-10-19', 1344) ,
('Check', '2017-04-23', 1345) ,
('Check', '2017-08-17', 1346) ,
('Debit', '2018-04-30', 1347) ,
('Check', '2018-01-05', 1348) ,
('Credit', '2018-12-12', 1349) ,
('Credit', '2017-01-08', 1350) ,
('Credit', '2018-06-29', 1351) ,
('Check', '2017-05-01', 1352) ,
('Check', '2017-11-27', 1353) ,
('Debit', '2018-07-03', 1354) ,
('Check', '2017-09-24', 1355) ,
('Debit', '2017-12-02', 1356) ,
('Loyalty points', '2018-12-24', 1357) ,
('Debit', '2018-12-13', 1358) ,
('Check', '2018-07-27', 1359) ,
('Debit', '2018-09-30', 1360) ,
('Check', '2018-07-28', 1361) ,
('Credit', '2017-06-08', 1362) ,
('Debit', '2017-11-29', 1363) ,
('Credit', '2017-08-03', 1364) ,
('Credit', '2018-12-15', 1365) ,
('Credit', '2018-08-25', 1366) ,
('Credit', '2017-09-14', 1367) ,
('Loyalty points', '2017-04-14', 1368) ,
('Credit', '2017-12-30', 1369) ,
('Credit', '2017-08-12', 1370) ,
('Debit', '2018-06-12', 1371) ,
('Debit', '2018-10-16', 1372) ,
('Debit', '2018-03-23', 1373) ,
('Loyalty points', '2017-07-18', 1374) ,
('Loyalty points', '2018-10-31', 1375) ,
('Debit', '2018-05-13', 1376) ,
('Loyalty points', '2018-04-21', 1377) ,
('Check', '2018-08-08', 1378) ,
('Loyalty points', '2018-04-22', 1379) ,
('Debit', '2017-04-20', 1380) ,
('Check', '2017-02-02', 1381) ,
('Check', '2018-04-17', 1382) ,
('Check', '2017-12-26', 1383) ,
('Credit', '2018-10-11', 1384) ,
('Check', '2018-07-11', 1385) ,
('Credit', '2017-08-25', 1386) ,
('Loyalty points', '2017-04-03', 1387) ,
('Check', '2017-03-12', 1388) ,
('Check', '2018-11-27', 1389) ,
('Debit', '2018-07-25', 1390) ,
('Check', '2018-08-15', 1391) ,
('Credit', '2018-04-12', 1392) ,
('Loyalty points', '2018-10-01', 1393) ,
('Check', '2017-10-10', 1394) ,
('Credit', '2018-10-12', 1395) ,
('Loyalty points', '2017-10-24', 1396) ,
('Debit', '2017-02-21', 1397) ,
('Loyalty points', '2018-06-27', 1398) ,
('Loyalty points', '2017-11-07', 1399) ,
('Debit', '2017-01-17', 1400) ,
('Debit', '2017-01-31', 1401) ,
('Check', '2018-06-28', 1402) ,
('Credit', '2018-01-15', 1403) ,
('Loyalty points', '2018-06-08', 1404) ,
('Credit', '2017-12-11', 1405) ,
('Check', '2017-12-15', 1406) ,
('Loyalty points', '2018-11-02', 1407) ,
('Debit', '2017-06-08', 1408) ,
('Loyalty points', '2017-01-07', 1409) ,
('Debit', '2018-09-25', 1410) ,
('Debit', '2017-01-28', 1411) ,
('Credit', '2017-03-07', 1412) ,
('Loyalty points', '2017-04-03', 1413) ,
('Credit', '2017-04-13', 1414) ,
('Credit', '2017-04-21', 1415) ,
('Credit', '2018-07-24', 1416) ,
('Loyalty points', '2018-01-03', 1417) ,
('Credit', '2017-03-13', 1418) ,
('Debit', '2017-07-14', 1419) ,
('Credit', '2018-07-11', 1420) ,
('Debit', '2017-06-17', 1421) ,
('Credit', '2018-08-02', 1422) ,
('Loyalty points', '2018-07-05', 1423) ,
('Check', '2018-03-26', 1424) ,
('Debit', '2018-08-15', 1425) ,
('Debit', '2018-12-15', 1426) ,
('Credit', '2018-03-13', 1427) ,
('Check', '2018-06-26', 1428) ,
('Check', '2017-01-26', 1429) ,
('Credit', '2017-05-11', 1430) ,
('Credit', '2018-05-14', 1431) ,
('Credit', '2017-10-22', 1432) ,
('Debit', '2018-08-17', 1433) ,
('Loyalty points', '2017-07-20', 1434) ,
('Check', '2018-10-21', 1435) ,
('Debit', '2018-01-14', 1436) ,
('Loyalty points', '2017-04-14', 1437) ,
('Credit', '2018-05-07', 1438) ,
('Debit', '2017-06-12', 1439) ,
('Debit', '2017-11-30', 1440) ,
('Debit', '2018-02-12', 1441) ,
('Credit', '2017-08-25', 1442) ,
('Loyalty points', '2018-11-28', 1443) ,
('Debit', '2018-12-28', 1444) ,
('Check', '2018-04-30', 1445) ,
('Debit', '2017-10-05', 1446) ,
('Check', '2018-01-16', 1447) ,
('Check', '2017-12-13', 1448) ,
('Credit', '2017-06-23', 1449) ,
('Check', '2017-10-03', 1450) ,
('Credit', '2017-07-06', 1451) ,
('Credit', '2017-09-01', 1452) ,
('Check', '2017-01-24', 1453) ,
('Check', '2017-08-11', 1454) ,
('Credit', '2017-03-29', 1455) ,
('Credit', '2017-08-01', 1456) ,
('Debit', '2018-04-25', 1457) ,
('Credit', '2018-07-26', 1458) ,
('Credit', '2018-01-21', 1459) ,
('Credit', '2018-02-18', 1460) ,
('Check', '2017-01-28', 1461) ,
('Loyalty points', '2017-04-17', 1462) ,
('Check', '2017-01-17', 1463) ,
('Credit', '2017-02-16', 1464) ,
('Loyalty points', '2017-04-18', 1465) ,
('Check', '2017-07-05', 1466) ,
('Check', '2018-02-18', 1467) ,
('Debit', '2018-07-28', 1468) ,
('Loyalty points', '2018-04-13', 1469) ,
('Check', '2018-01-26', 1470) ,
('Credit', '2017-12-04', 1471) ,
('Check', '2017-02-16', 1472) ,
('Debit', '2017-07-08', 1473) ,
('Check', '2018-05-03', 1474) ,
('Credit', '2018-06-09', 1475) ,
('Credit', '2018-09-22', 1476) ,
('Debit', '2018-11-11', 1477) ,
('Credit', '2017-03-10', 1478) ,
('Debit', '2017-08-17', 1479) ,
('Check', '2018-04-09', 1480) ,
('Check', '2018-12-11', 1481) ,
('Debit', '2017-02-28', 1482) ,
('Debit', '2017-03-02', 1483) ,
('Debit', '2018-05-31', 1484) ,
('Check', '2017-04-12', 1485) ,
('Debit', '2017-12-28', 1486) ,
('Debit', '2017-09-08', 1487) ,
('Debit', '2017-07-04', 1488) ,
('Credit', '2017-09-19', 1489) ,
('Check', '2017-09-04', 1490) ,
('Credit', '2018-01-12', 1491) ,
('Check', '2017-02-23', 1492) ,
('Debit', '2017-05-26', 1493) ,
('Check', '2017-09-13', 1494) ,
('Check', '2017-02-03', 1495) ,
('Credit', '2017-07-28', 1496) ,
('Credit', '2018-01-13', 1497) ,
('Loyalty points', '2017-12-30', 1498) ,
('Check', '2018-07-02', 1499) ,
('Credit', '2018-06-06', 1500) ,
('Debit', '2017-08-09', 1501) ,
('Credit', '2017-02-02', 1502) ,
('Credit', '2017-10-23', 1503) ,
('Check', '2018-06-09', 1504) ,
('Credit', '2018-10-22', 1505) ,
('Loyalty points', '2017-04-13', 1506) ,
('Debit', '2017-01-08', 1507) ,
('Credit', '2017-07-10', 1508) ,
('Check', '2017-04-16', 1509) ,
('Debit', '2017-10-22', 1510) ,
('Credit', '2018-03-20', 1511) ,
('Credit', '2018-08-09', 1512) ,
('Credit', '2017-01-19', 1513) ,
('Credit', '2018-12-27', 1514) ,
('Debit', '2017-03-07', 1515) ,
('Credit', '2017-03-20', 1516) ,
('Credit', '2018-07-31', 1517) ,
('Credit', '2017-04-05', 1518) ,
('Debit', '2017-10-08', 1519) ,
('Debit', '2018-04-27', 1520) ,
('Debit', '2018-07-29', 1521) ,
('Credit', '2017-02-23', 1522) ,
('Credit', '2017-12-24', 1523) ,
('Credit', '2017-04-26', 1524) ,
('Check', '2017-01-01', 1525) ,
('Credit', '2017-02-27', 1526) ,
('Debit', '2018-11-03', 1527) ,
('Check', '2017-10-13', 1528) ,
('Debit', '2018-11-03', 1529) ,
('Loyalty points', '2017-03-24', 1530) ,
('Debit', '2018-08-07', 1531) ,
('Debit', '2018-07-14', 1532) ,
('Check', '2017-10-19', 1533) ,
('Credit', '2017-09-07', 1534) ,
('Credit', '2017-03-22', 1535) ,
('Debit', '2018-08-01', 1536) ,
('Debit', '2018-08-01', 1537) ,
('Debit', '2018-03-14', 1538) ,
('Loyalty points', '2017-04-18', 1539) ,
('Check', '2018-12-03', 1540) ,
('Debit', '2018-12-02', 1541) ,
('Check', '2017-12-27', 1542) ,
('Debit', '2018-01-01', 1543) ,
('Credit', '2018-04-24', 1544) ,
('Credit', '2017-09-29', 1545) ,
('Check', '2017-06-23', 1546) ,
('Check', '2017-08-04', 1547) ,
('Debit', '2017-01-15', 1548) ,
('Credit', '2018-06-07', 1549) ,
('Debit', '2018-12-06', 1550) ,
('Loyalty points', '2018-11-18', 1551) ,
('Debit', '2017-01-20', 1552) ,
('Credit', '2018-09-06', 1553) ,
('Debit', '2017-05-07', 1554) ,
('Credit', '2017-01-11', 1555) ,
('Debit', '2018-03-16', 1556) ,
('Debit', '2018-03-11', 1557) ,
('Check', '2017-07-22', 1558) ,
('Check', '2017-12-17', 1559) ,
('Credit', '2018-07-10', 1560) ,
('Debit', '2018-09-05', 1561) ,
('Check', '2017-07-18', 1562) ,
('Credit', '2017-11-17', 1563) ,
('Debit', '2018-08-29', 1564) ,
('Check', '2018-06-24', 1565) ,
('Check', '2017-08-18', 1566) ,
('Debit', '2018-11-17', 1567) ,
('Credit', '2017-02-25', 1568) ,
('Check', '2018-05-20', 1569) ,
('Loyalty points', '2018-09-14', 1570) ,
('Credit', '2018-05-06', 1571) ,
('Credit', '2018-11-08', 1572) ,
('Loyalty points', '2017-08-05', 1573) ,
('Debit', '2017-08-20', 1574) ,
('Debit', '2017-07-27', 1575) ,
('Debit', '2018-12-08', 1576) ,
('Loyalty points', '2018-08-28', 1577) ,
('Check', '2017-12-26', 1578) ,
('Check', '2018-06-05', 1579) ,
('Credit', '2018-06-15', 1580) ,
('Credit', '2018-11-10', 1581) ,
('Check', '2017-03-20', 1582) ,
('Debit', '2018-07-19', 1583) ,
('Credit', '2017-05-30', 1584) ,
('Credit', '2018-09-11', 1585) ,
('Credit', '2017-07-23', 1586) ,
('Credit', '2018-10-06', 1587) ,
('Credit', '2018-07-28', 1588) ,
('Credit', '2017-12-25', 1589) ,
('Credit', '2018-10-18', 1590) ,
('Credit', '2018-06-30', 1591) ,
('Credit', '2017-03-07', 1592) ,
('Debit', '2017-11-13', 1593) ,
('Credit', '2017-04-01', 1594) ,
('Check', '2017-12-28', 1595) ,
('Credit', '2018-03-26', 1596) ,
('Debit', '2018-07-09', 1597) ,
('Credit', '2018-09-05', 1598) ,
('Check', '2017-07-31', 1599) ,
('Credit', '2017-08-13', 1600) ,
('Credit', '2017-10-24', 1601) ,
('Debit', '2017-07-22', 1602) ,
('Check', '2017-10-29', 1603) ,
('Credit', '2018-03-11', 1604) ,
('Credit', '2018-01-31', 1605) ,
('Debit', '2018-03-25', 1606) ,
('Debit', '2017-05-04', 1607) ,
('Check', '2017-10-06', 1608) ,
('Debit', '2017-08-25', 1609) ,
('Credit', '2017-02-23', 1610) ,
('Check', '2017-06-21', 1611) ,
('Credit', '2017-09-12', 1612) ,
('Loyalty points', '2018-12-06', 1613) ,
('Credit', '2017-05-21', 1614) ,
('Loyalty points', '2018-08-26', 1615) ,
('Debit', '2017-07-29', 1616) ,
('Check', '2018-02-11', 1617) ,
('Credit', '2018-03-05', 1618) ,
('Credit', '2018-09-03', 1619) ,
('Check', '2017-09-24', 1620) ,
('Check', '2018-12-25', 1621) ,
('Credit', '2018-08-11', 1622) ,
('Debit', '2017-03-31', 1623) ,
('Loyalty points', '2017-04-26', 1624) ,
('Debit', '2018-06-27', 1625) ,
('Debit', '2017-07-27', 1626) ,
('Check', '2017-07-31', 1627) ,
('Debit', '2017-08-23', 1628) ,
('Check', '2018-10-08', 1629) ,
('Credit', '2018-09-06', 1630) ,
('Check', '2018-12-17', 1631) ,
('Check', '2018-03-25', 1632) ,
('Check', '2017-01-09', 1633) ,
('Debit', '2017-11-06', 1634) ,
('Check', '2018-12-21', 1635) ,
('Credit', '2018-09-27', 1636) ,
('Debit', '2018-12-06', 1637) ,
('Credit', '2018-05-05', 1638) ,
('Check', '2017-05-04', 1639) ,
('Credit', '2017-06-25', 1640) ,
('Check', '2018-02-25', 1641) ,
('Debit', '2018-09-17', 1642) ,
('Check', '2018-06-03', 1643) ,
('Debit', '2018-10-28', 1644) ,
('Debit', '2018-11-30', 1645) ,
('Debit', '2018-06-18', 1646) ,
('Loyalty points', '2018-04-06', 1647) ,
('Check', '2018-08-29', 1648) ,
('Loyalty points', '2018-09-04', 1649) ,
('Debit', '2018-11-04', 1650) ,
('Credit', '2017-12-15', 1651) ,
('Credit', '2018-08-26', 1652) ,
('Debit', '2017-12-24', 1653) ,
('Credit', '2017-01-10', 1654) ,
('Debit', '2018-04-19', 1655) ,
('Debit', '2018-03-20', 1656) ,
('Credit', '2018-12-20', 1657) ,
('Check', '2018-03-14', 1658) ,
('Check', '2018-07-27', 1659) ,
('Check', '2017-03-20', 1660) ,
('Check', '2018-05-15', 1661) ,
('Credit', '2018-08-12', 1662) ,
('Debit', '2017-05-11', 1663) ,
('Credit', '2018-03-08', 1664) ,
('Check', '2017-04-20', 1665) ,
('Debit', '2017-03-18', 1666) ,
('Loyalty points', '2018-08-30', 1667) ,
('Credit', '2018-04-01', 1668) ,
('Check', '2017-01-30', 1669) ,
('Check', '2017-04-24', 1670) ,
('Debit', '2018-06-25', 1671) ,
('Loyalty points', '2018-11-17', 1672) ,
('Credit', '2017-01-03', 1673) ,
('Check', '2017-08-27', 1674) ,
('Loyalty points', '2018-06-05', 1675) ,
('Loyalty points', '2017-02-27', 1676) ,
('Loyalty points', '2017-03-13', 1677) ,
('Debit', '2018-12-07', 1678) ,
('Check', '2018-02-06', 1679) ,
('Credit', '2018-06-11', 1680) ,
('Credit', '2017-07-16', 1681) ,
('Debit', '2018-11-28', 1682) ,
('Credit', '2018-07-07', 1683) ,
('Debit', '2018-05-25', 1684) ,
('Credit', '2017-10-07', 1685) ,
('Check', '2018-01-08', 1686) ,
('Check', '2018-05-15', 1687) ,
('Debit', '2017-06-21', 1688) ,
('Credit', '2018-11-08', 1689) ,
('Credit', '2017-07-20', 1690) ,
('Debit', '2017-05-07', 1691) ,
('Check', '2017-02-23', 1692) ,
('Credit', '2018-04-05', 1693) ,
('Check', '2018-06-01', 1694) ,
('Check', '2018-11-15', 1695) ,
('Credit', '2017-03-25', 1696) ,
('Check', '2018-02-15', 1697) ,
('Check', '2017-09-21', 1698) ,
('Credit', '2017-02-18', 1699) ,
('Debit', '2018-08-06', 1700) ,
('Credit', '2018-03-18', 1701) ,
('Loyalty points', '2018-10-10', 1702) ,
('Credit', '2018-10-17', 1703) ,
('Loyalty points', '2018-10-07', 1704) ,
('Loyalty points', '2017-02-13', 1705) ,
('Check', '2018-03-25', 1706) ,
('Credit', '2018-05-25', 1707) ,
('Debit', '2018-08-20', 1708) ,
('Check', '2018-06-16', 1709) ,
('Credit', '2017-12-10', 1710) ,
('Credit', '2017-07-25', 1711) ,
('Debit', '2017-08-06', 1712) ,
('Debit', '2018-11-04', 1713) ,
('Check', '2018-03-04', 1714) ,
('Loyalty points', '2017-02-14', 1715) ,
('Debit', '2018-08-01', 1716) ,
('Check', '2017-11-07', 1717) ,
('Credit', '2018-03-20', 1718) ,
('Check', '2018-04-18', 1719) ,
('Credit', '2017-05-27', 1720) ,
('Check', '2018-01-06', 1721) ,
('Loyalty points', '2017-05-07', 1722) ,
('Credit', '2017-04-29', 1723) ,
('Credit', '2017-03-01', 1724) ,
('Check', '2018-10-23', 1725) ,
('Credit', '2018-02-03', 1726) ,
('Check', '2018-01-16', 1727) ,
('Loyalty points', '2017-01-16', 1728) ,
('Credit', '2018-02-10', 1729) ,
('Credit', '2017-04-25', 1730) ,
('Loyalty points', '2017-08-16', 1731) ,
('Credit', '2017-06-25', 1732) ,
('Credit', '2018-05-22', 1733) ,
('Debit', '2018-09-18', 1734) ,
('Debit', '2017-08-03', 1735) ,
('Loyalty points', '2018-12-26', 1736) ,
('Check', '2018-10-01', 1737) ,
('Loyalty points', '2018-09-11', 1738) ,
('Check', '2017-02-28', 1739) ,
('Credit', '2018-08-12', 1740) ,
('Credit', '2017-02-26', 1741) ,
('Credit', '2018-01-31', 1742) ,
('Credit', '2018-09-24', 1743) ,
('Debit', '2018-01-19', 1744) ,
('Credit', '2017-11-27', 1745) ,
('Debit', '2017-07-20', 1746) ,
('Credit', '2018-05-08', 1747) ,
('Credit', '2017-07-20', 1748) ,
('Check', '2018-12-27', 1749) ,
('Credit', '2018-04-14', 1750) ,
('Credit', '2018-09-15', 1751) ,
('Credit', '2018-04-19', 1752) ,
('Loyalty points', '2018-11-30', 1753) ,
('Credit', '2017-06-28', 1754) ,
('Credit', '2017-02-27', 1755) ,
('Debit', '2018-07-08', 1756) ,
('Check', '2017-07-05', 1757) ,
('Debit', '2018-03-21', 1758) ,
('Debit', '2018-08-21', 1759) ,
('Debit', '2018-10-13', 1760) ,
('Check', '2018-04-23', 1761) ,
('Check', '2017-03-23', 1762) ,
('Loyalty points', '2018-05-03', 1763) ,
('Debit', '2017-01-06', 1764) ,
('Debit', '2018-12-15', 1765) ,
('Check', '2017-09-05', 1766) ,
('Credit', '2018-06-08', 1767) ,
('Debit', '2018-09-07', 1768) ,
('Check', '2017-10-29', 1769) ,
('Check', '2017-11-11', 1770) ,
('Check', '2017-12-07', 1771) ,
('Credit', '2017-01-24', 1772) ,
('Credit', '2018-07-23', 1773) ,
('Loyalty points', '2017-08-25', 1774) ,
('Debit', '2018-07-13', 1775) ,
('Credit', '2018-04-09', 1776) ,
('Credit', '2018-04-02', 1777) ,
('Debit', '2018-04-08', 1778) ,
('Credit', '2017-04-02', 1779) ,
('Check', '2018-08-09', 1780) ,
('Debit', '2017-09-11', 1781) ,
('Credit', '2017-12-05', 1782) ,
('Check', '2018-07-22', 1783) ,
('Check', '2017-11-23', 1784) ,
('Credit', '2017-04-07', 1785) ,
('Loyalty points', '2017-03-17', 1786) ,
('Loyalty points', '2017-12-29', 1787) ,
('Check', '2018-09-12', 1788) ,
('Check', '2017-06-19', 1789) ,
('Credit', '2017-11-29', 1790) ,
('Debit', '2018-11-22', 1791) ,
('Check', '2018-09-13', 1792) ,
('Debit', '2018-08-18', 1793) ,
('Debit', '2017-03-26', 1794) ,
('Credit', '2017-02-04', 1795) ,
('Debit', '2018-05-27', 1796) ,
('Debit', '2018-02-15', 1797) ,
('Debit', '2018-03-02', 1798) ,
('Debit', '2017-12-24', 1799) ,
('Check', '2018-06-22', 1800) ,
('Check', '2018-04-20', 1801) ,
('Credit', '2017-06-13', 1802) ,
('Debit', '2018-07-02', 1803) ,
('Credit', '2018-04-22', 1804) ,
('Check', '2017-10-20', 1805) ,
('Credit', '2018-09-30', 1806) ,
('Debit', '2018-08-29', 1807) ,
('Check', '2018-09-06', 1808) ,
('Check', '2017-10-17', 1809) ,
('Debit', '2017-04-03', 1810) ,
('Credit', '2018-09-16', 1811) ,
('Loyalty points', '2017-10-06', 1812) ,
('Credit', '2017-05-16', 1813) ,
('Check', '2018-08-10', 1814) ,
('Debit', '2018-12-04', 1815) ,
('Debit', '2017-11-18', 1816) ,
('Debit', '2017-10-06', 1817) ,
('Loyalty points', '2018-05-03', 1818) ,
('Debit', '2018-08-18', 1819) ,
('Check', '2018-07-10', 1820) ,
('Debit', '2018-01-16', 1821) ,
('Check', '2017-06-17', 1822) ,
('Debit', '2018-12-22', 1823) ,
('Loyalty points', '2018-09-11', 1824) ,
('Check', '2018-10-12', 1825) ,
('Debit', '2017-04-25', 1826) ,
('Check', '2017-01-13', 1827) ,
('Debit', '2018-10-18', 1828) ,
('Credit', '2017-01-09', 1829) ,
('Debit', '2018-06-17', 1830) ,
('Check', '2017-11-16', 1831) ,
('Debit', '2018-05-05', 1832) ,
('Credit', '2018-10-24', 1833) ,
('Credit', '2018-02-19', 1834) ,
('Debit', '2018-03-08', 1835) ,
('Loyalty points', '2018-08-12', 1836) ,
('Check', '2018-06-02', 1837) ,
('Check', '2017-01-29', 1838) ,
('Debit', '2018-04-12', 1839) ,
('Credit', '2017-10-28', 1840) ,
('Check', '2017-06-13', 1841) ,
('Check', '2017-06-17', 1842) ,
('Check', '2017-03-20', 1843) ,
('Loyalty points', '2018-05-13', 1844) ,
('Credit', '2017-03-10', 1845) ,
('Check', '2018-12-01', 1846) ,
('Credit', '2018-03-07', 1847) ,
('Check', '2018-04-15', 1848) ,
('Check', '2017-10-13', 1849) ,
('Loyalty points', '2017-04-15', 1850) ,
('Debit', '2017-05-17', 1851) ,
('Loyalty points', '2018-02-13', 1852) ,
('Credit', '2018-09-18', 1853) ,
('Check', '2018-07-15', 1854) ,
('Credit', '2018-07-28', 1855) ,
('Credit', '2018-09-24', 1856) ,
('Check', '2018-07-03', 1857) ,
('Debit', '2017-02-28', 1858) ,
('Loyalty points', '2018-05-10', 1859) ,
('Check', '2017-06-21', 1860) ,
('Credit', '2018-04-20', 1861) ,
('Debit', '2018-06-05', 1862) ,
('Credit', '2018-03-25', 1863) ,
('Check', '2017-09-04', 1864) ,
('Check', '2018-05-18', 1865) ,
('Credit', '2017-05-04', 1866) ,
('Credit', '2018-11-03', 1867) ,
('Debit', '2017-02-18', 1868) ,
('Credit', '2018-10-24', 1869) ,
('Debit', '2017-03-06', 1870) ,
('Loyalty points', '2018-03-30', 1871) ,
('Check', '2017-06-09', 1872) ,
('Debit', '2017-07-11', 1873) ,
('Loyalty points', '2017-05-06', 1874) ,
('Check', '2018-03-30', 1875) ,
('Debit', '2017-09-18', 1876) ,
('Debit', '2017-01-08', 1877) ,
('Debit', '2017-08-14', 1878) ,
('Debit', '2017-11-10', 1879) ,
('Check', '2017-06-25', 1880) ,
('Loyalty points', '2017-12-02', 1881) ,
('Check', '2018-05-15', 1882) ,
('Loyalty points', '2017-02-14', 1883) ,
('Check', '2018-08-11', 1884) ,
('Debit', '2017-09-13', 1885) ,
('Check', '2017-08-31', 1886) ,
('Debit', '2017-03-20', 1887) ,
('Credit', '2017-10-05', 1888) ,
('Credit', '2017-09-14', 1889) ,
('Check', '2017-04-24', 1890) ,
('Credit', '2017-08-30', 1891) ,
('Check', '2018-03-10', 1892) ,
('Debit', '2018-12-02', 1893) ,
('Debit', '2017-11-17', 1894) ,
('Credit', '2018-03-15', 1895) ,
('Loyalty points', '2017-03-16', 1896) ,
('Credit', '2017-09-03', 1897) ,
('Debit', '2018-02-09', 1898) ,
('Check', '2017-07-15', 1899) ,
('Check', '2018-03-13', 1900) ,
('Check', '2017-07-17', 1901) ,
('Credit', '2018-03-26', 1902) ,
('Check', '2018-09-23', 1903) ,
('Debit', '2018-09-18', 1904) ,
('Credit', '2018-11-25', 1905) ,
('Check', '2018-09-25', 1906) ,
('Debit', '2017-05-03', 1907) ,
('Credit', '2018-10-27', 1908) ,
('Credit', '2017-01-08', 1909) ,
('Debit', '2018-03-20', 1910) ,
('Loyalty points', '2018-09-09', 1911) ,
('Credit', '2018-05-17', 1912) ,
('Debit', '2018-07-17', 1913) ,
('Credit', '2018-08-18', 1914) ,
('Debit', '2018-01-12', 1915) ,
('Debit', '2017-06-01', 1916) ,
('Loyalty points', '2018-05-21', 1917) ,
('Credit', '2018-06-03', 1918) ,
('Credit', '2017-02-08', 1919) ,
('Check', '2018-05-27', 1920) ,
('Debit', '2018-09-21', 1921) ,
('Credit', '2017-03-01', 1922) ,
('Credit', '2018-10-27', 1923) ,
('Check', '2017-11-25', 1924) ,
('Debit', '2017-03-15', 1925) ,
('Debit', '2018-11-13', 1926) ,
('Debit', '2017-10-10', 1927) ,
('Debit', '2017-10-25', 1928) ,
('Check', '2018-09-21', 1929) ,
('Credit', '2017-05-27', 1930) ,
('Debit', '2017-12-01', 1931) ,
('Check', '2018-04-26', 1932) ,
('Check', '2018-07-19', 1933) ,
('Debit', '2018-06-11', 1934) ,
('Credit', '2018-05-19', 1935) ,
('Check', '2017-09-06', 1936) ,
('Debit', '2017-10-21', 1937) ,
('Debit', '2018-07-31', 1938) ,
('Check', '2018-08-23', 1939) ,
('Credit', '2017-07-12', 1940) ,
('Credit', '2018-06-07', 1941) ,
('Debit', '2017-08-23', 1942) ,
('Credit', '2018-04-25', 1943) ,
('Debit', '2018-03-15', 1944) ,
('Credit', '2018-01-13', 1945) ,
('Debit', '2017-08-07', 1946) ,
('Check', '2017-11-19', 1947) ,
('Credit', '2017-08-04', 1948) ,
('Loyalty points', '2017-12-26', 1949) ,
('Loyalty points', '2018-06-17', 1950) ,
('Debit', '2018-06-24', 1951) ,
('Debit', '2017-10-20', 1952) ,
('Credit', '2018-11-08', 1953) ,
('Debit', '2017-01-02', 1954) ,
('Check', '2018-12-03', 1955) ,
('Debit', '2018-02-28', 1956) ,
('Credit', '2017-04-12', 1957) ,
('Debit', '2018-07-24', 1958) ,
('Check', '2017-09-27', 1959) ,
('Credit', '2018-05-27', 1960) ,
('Credit', '2018-11-22', 1961) ,
('Debit', '2017-02-14', 1962) ,
('Credit', '2017-03-19', 1963) ,
('Check', '2018-07-04', 1964) ,
('Credit', '2018-10-11', 1965) ,
('Debit', '2018-09-08', 1966) ,
('Check', '2017-07-18', 1967) ,
('Credit', '2017-03-30', 1968) ,
('Debit', '2017-12-17', 1969) ,
('Check', '2017-09-15', 1970) ,
('Debit', '2018-12-14', 1971) ,
('Credit', '2017-09-02', 1972) ,
('Check', '2017-07-14', 1973) ,
('Check', '2017-12-19', 1974) ,
('Check', '2017-01-31', 1975) ,
('Check', '2018-04-21', 1976) ,
('Check', '2017-09-08', 1977) ,
('Debit', '2017-10-27', 1978) ,
('Check', '2017-08-24', 1979) ,
('Credit', '2017-08-22', 1980) ,
('Debit', '2017-11-11', 1981) ,
('Credit', '2018-04-29', 1982) ,
('Debit', '2018-08-23', 1983) ,
('Loyalty points', '2018-11-13', 1984) ,
('Credit', '2017-04-28', 1985) ,
('Credit', '2017-03-06', 1986) ,
('Check', '2018-04-17', 1987) ,
('Loyalty points', '2018-10-09', 1988) ,
('Credit', '2017-09-07', 1989) ,
('Check', '2017-08-19', 1990) ,
('Check', '2018-07-31', 1991) ,
('Check', '2018-06-27', 1992) ,
('Credit', '2017-03-23', 1993) ,
('Credit', '2018-06-22', 1994) ,
('Check', '2018-06-26', 1995) ,
('Credit', '2017-02-17', 1996) ,
('Debit', '2018-08-19', 1997) ,
('Loyalty points', '2018-08-06', 1998) ,
('Check', '2018-01-31', 1999) ,
('Loyalty points', '2018-02-15', 2000)


Select * 
From Payment



Insert into CustomerReview Values 

(4, '2017-05-22', 'Yes', 1) ,
(4, '2017-02-11', 'Yes', 2) ,
(1, '2018-12-21', 'No', 3) ,
(4, '2018-04-28', 'Yes', 4) ,
(4, '2018-04-30', 'Yes', 5) ,
(4, '2017-04-20', 'Yes', 6) ,
(3, '2018-04-02', 'No', 7) ,
(2, '2018-04-22', 'No', 8) ,
(5, '2017-10-06', 'No', 9) ,
(4, '2017-11-19', 'Yes', 10) ,
(3, '2018-10-21', 'No', 11) ,
(4, '2018-09-05', 'Yes', 12) ,
(4, '2018-05-05', 'Yes', 13) ,
(4, '2017-10-06', 'Yes', 14) ,
(3, '2018-03-14', 'No', 15) ,
(5, '2017-08-28', 'No', 16) ,
(5, '2018-05-18', 'Yes', 17) ,
(4, '2017-12-19', 'No', 18) ,
(4, '2017-12-19', 'Yes', 19) ,
(4, '2018-01-19', 'Yes', 20) ,
(5, '2017-09-27', 'Yes', 21) ,
(4, '2018-04-11', 'Yes', 22) ,
(4, '2018-04-06', 'Yes', 23) ,
(4, '2018-05-04', 'No', 24) ,
(3, '2018-11-03', 'No', 25) ,
(4, '2018-11-26', 'Yes', 26) ,
(4, '2018-11-21', 'Yes', 27) ,
(4, '2018-04-12', 'Yes', 28) ,
(4, '2017-08-17', 'No', 29) ,
(4, '2017-01-14', 'Yes', 30) ,
(4, '2017-07-26', 'Yes', 31) ,
(4, '2018-01-29', 'Yes', 32) ,
(5, '2017-06-15', 'Yes', 33) ,
(4, '2018-07-12', 'Yes', 34) ,
(4, '2017-11-29', 'Yes', 35) ,
(4, '2018-04-21', 'Yes', 36) ,
(3, '2018-09-20', 'No', 37) ,
(4, '2017-11-20', 'No', 38) ,
(5, '2018-11-25', 'Yes', 39) ,
(4, '2018-01-21', 'Yes', 40) ,
(4, '2017-01-31', 'Yes', 41) ,
(4, '2018-07-22', 'Yes', 42) ,
(4, '2017-05-11', 'Yes', 43) ,
(4, '2018-03-25', 'Yes', 44) ,
(5, '2018-04-28', 'Yes', 45) ,
(4, '2018-02-02', 'Yes', 46) ,
(4, '2017-02-05', 'Yes', 47) ,
(4, '2017-12-25', 'Yes', 48) ,
(4, '2017-08-08', 'Yes', 49) ,
(4, '2017-03-26', 'Yes', 50) ,
(5, '2017-06-03', 'Yes', 51) ,
(4, '2018-01-14', 'Yes', 52) ,
(5, '2017-11-28', 'Yes', 53) ,
(4, '2018-01-02', 'No', 54) ,
(4, '2017-01-08', 'Yes', 55) ,
(4, '2018-11-08', 'Yes', 56) ,
(4, '2018-03-03', 'Yes', 57) ,
(5, '2018-12-23', 'Yes', 58) ,
(5, '2018-05-29', 'Yes', 59) ,
(4, '2017-04-13', 'Yes', 60) ,
(4, '2018-09-22', 'Yes', 61) ,
(4, '2018-09-06', 'No', 62) ,
(4, '2017-11-13', 'Yes', 63) ,
(3, '2018-12-12', 'No', 64) ,
(1, '2017-10-28', 'No', 65) ,
(4, '2017-01-01', 'Yes', 66) ,
(5, '2018-06-25', 'Yes', 67) ,
(4, '2017-12-18', 'Yes', 68) ,
(4, '2018-08-13', 'Yes', 69) ,
(5, '2017-03-13', 'Yes', 70) ,
(4, '2018-04-03', 'Yes', 71) ,
(4, '2018-01-03', 'Yes', 72) ,
(4, '2017-02-24', 'No', 73) ,
(4, '2017-10-10', 'Yes', 74) ,
(4, '2018-07-06', 'Yes', 75) ,
(5, '2018-12-03', 'No', 76) ,
(4, '2017-04-15', 'No', 77) ,
(4, '2017-05-24', 'Yes', 78) ,
(5, '2018-02-07', 'Yes', 79) ,
(4, '2017-05-21', 'No', 80) ,
(4, '2017-02-18', 'Yes', 81) ,
(4, '2017-05-26', 'Yes', 82) ,
(4, '2018-12-22', 'Yes', 83) ,
(4, '2018-05-10', 'Yes', 84) ,
(5, '2018-06-14', 'No', 85) ,
(4, '2018-01-05', 'No', 86) ,
(4, '2018-03-26', 'Yes', 87) ,
(4, '2018-01-13', 'Yes', 88) ,
(4, '2017-03-28', 'No', 89) ,
(3, '2018-02-26', 'No', 90) ,
(4, '2017-05-27', 'No', 91) ,
(4, '2018-08-20', 'Yes', 92) ,
(4, '2017-11-14', 'No', 93) ,
(3, '2018-04-19', 'No', 94) ,
(5, '2018-10-18', 'No', 95) ,
(4, '2018-05-25', 'Yes', 96) ,
(3, '2017-11-16', 'No', 97) ,
(4, '2018-11-05', 'Yes', 98) ,
(4, '2017-05-15', 'Yes', 99) ,
(3, '2018-02-16', 'No', 100) ,
(4, '2018-12-11', 'No', 101) ,
(5, '2017-08-01', 'No', 102) ,
(4, '2017-05-01', 'Yes', 103) ,
(5, '2018-04-10', 'No', 104) ,
(4, '2017-06-12', 'Yes', 105) ,
(4, '2017-06-20', 'Yes', 106) ,
(5, '2017-07-12', 'Yes', 107) ,
(4, '2017-04-13', 'Yes', 108) ,
(4, '2018-06-05', 'No', 109) ,
(4, '2017-07-09', 'Yes', 110) ,
(2, '2018-12-07', 'No', 111) ,
(4, '2017-12-10', 'Yes', 112) ,
(4, '2018-10-28', 'Yes', 113) ,
(4, '2018-04-02', 'Yes', 114) ,
(5, '2017-09-29', 'Yes', 115) ,
(4, '2017-02-21', 'Yes', 116) ,
(4, '2017-08-12', 'No', 117) ,
(4, '2018-12-30', 'No', 118) ,
(4, '2017-05-04', 'No', 119) ,
(5, '2017-08-04', 'Yes', 120) ,
(4, '2018-07-28', 'No', 121) ,
(4, '2018-11-19', 'Yes', 122) ,
(5, '2017-09-27', 'Yes', 123) ,
(4, '2018-03-24', 'Yes', 124) ,
(4, '2017-03-20', 'Yes', 125) ,
(4, '2017-12-09', 'Yes', 126) ,
(5, '2018-05-17', 'Yes', 127) ,
(4, '2018-10-08', 'Yes', 128) ,
(5, '2018-10-27', 'Yes', 129) ,
(4, '2018-02-17', 'Yes', 130) ,
(4, '2018-04-19', 'Yes', 131) ,
(5, '2018-12-06', 'Yes', 132) ,
(4, '2017-09-19', 'Yes', 133) ,
(4, '2017-09-07', 'No', 134) ,
(4, '2018-08-15', 'Yes', 135) ,
(5, '2018-10-08', 'Yes', 136) ,
(5, '2017-10-07', 'Yes', 137) ,
(5, '2018-02-09', 'Yes', 138) ,
(4, '2017-11-06', 'Yes', 139) ,
(5, '2017-04-13', 'Yes', 140) ,
(5, '2017-03-04', 'No', 141) ,
(4, '2017-12-05', 'Yes', 142) ,
(5, '2018-01-08', 'Yes', 143) ,
(4, '2017-04-03', 'Yes', 144) ,
(3, '2017-09-18', 'No', 145) ,
(4, '2017-01-09', 'Yes', 146) ,
(5, '2017-07-12', 'Yes', 147) ,
(4, '2017-05-15', 'Yes', 148) ,
(4, '2017-06-14', 'Yes', 149) ,
(4, '2018-07-13', 'Yes', 150) ,
(3, '2018-08-10', 'No', 151) ,
(4, '2017-12-07', 'Yes', 152) ,
(1, '2017-07-22', 'No', 153) ,
(5, '2017-08-12', 'No', 154) ,
(4, '2018-01-16', 'Yes', 155) ,
(3, '2017-11-04', 'No', 156) ,
(4, '2017-08-08', 'Yes', 157) ,
(1, '2018-12-30', 'No', 158) ,
(4, '2017-06-14', 'Yes', 159) ,
(4, '2018-06-16', 'Yes', 160) ,
(4, '2017-03-15', 'Yes', 161) ,
(5, '2017-11-24', 'No', 162) ,
(5, '2018-06-27', 'Yes', 163) ,
(1, '2017-01-17', 'No', 164) ,
(5, '2018-01-15', 'Yes', 165) ,
(4, '2018-05-05', 'Yes', 166) ,
(4, '2018-05-01', 'Yes', 167) ,
(4, '2017-10-29', 'No', 168) ,
(4, '2017-01-18', 'Yes', 169) ,
(4, '2017-08-31', 'Yes', 170) ,
(4, '2017-08-09', 'Yes', 171) ,
(3, '2017-10-31', 'No', 172) ,
(4, '2017-09-28', 'Yes', 173) ,
(4, '2018-01-18', 'Yes', 174) ,
(1, '2018-07-25', 'No', 175) ,
(4, '2018-04-24', 'No', 176) ,
(5, '2017-04-03', 'Yes', 177) ,
(4, '2018-04-04', 'Yes', 178) ,
(4, '2018-06-02', 'Yes', 179) ,
(4, '2017-06-24', 'Yes', 180) ,
(4, '2018-01-31', 'No', 181) ,
(4, '2018-10-03', 'Yes', 182) ,
(4, '2018-01-02', 'No', 183) ,
(4, '2018-09-24', 'Yes', 184) ,
(4, '2018-07-08', 'Yes', 185) ,
(4, '2018-05-03', 'Yes', 186) ,
(4, '2018-10-29', 'No', 187) ,
(4, '2017-07-26', 'Yes', 188) ,
(4, '2017-04-24', 'Yes', 189) ,
(4, '2017-12-03', 'No', 190) ,
(3, '2018-07-14', 'No', 191) ,
(4, '2018-06-12', 'Yes', 192) ,
(5, '2018-04-09', 'Yes', 193) ,
(4, '2018-01-28', 'Yes', 194) ,
(4, '2018-09-08', 'No', 195) ,
(4, '2018-04-13', 'Yes', 196) ,
(5, '2018-10-11', 'No', 197) ,
(4, '2018-07-11', 'Yes', 198) ,
(4, '2018-08-08', 'Yes', 199) ,
(4, '2018-02-28', 'Yes', 200) ,
(4, '2018-07-07', 'Yes', 201) ,
(5, '2017-09-13', 'Yes', 202) ,
(4, '2018-02-01', 'Yes', 203) ,
(4, '2017-05-17', 'No', 204) ,
(4, '2018-03-21', 'No', 205) ,
(4, '2017-12-06', 'Yes', 206) ,
(4, '2017-09-22', 'Yes', 207) ,
(5, '2017-08-23', 'No', 208) ,
(4, '2018-02-20', 'Yes', 209) ,
(3, '2017-02-01', 'No', 210) ,
(5, '2017-07-10', 'Yes', 211) ,
(3, '2018-04-04', 'No', 212) ,
(5, '2017-02-22', 'Yes', 213) ,
(2, '2017-06-05', 'No', 214) ,
(4, '2017-04-29', 'Yes', 215) ,
(4, '2018-04-03', 'No', 216) ,
(5, '2018-06-27', 'Yes', 217) ,
(2, '2017-12-20', 'No', 218) ,
(5, '2017-12-28', 'Yes', 219) ,
(4, '2017-04-10', 'Yes', 220) ,
(4, '2017-09-21', 'Yes', 221) ,
(4, '2018-10-16', 'Yes', 222) ,
(5, '2018-04-01', 'No', 223) ,
(4, '2018-09-19', 'Yes', 224) ,
(4, '2017-01-27', 'Yes', 225) ,
(2, '2018-04-05', 'Yes', 226) ,
(4, '2018-11-30', 'Yes', 227) ,
(4, '2018-01-22', 'No', 228) ,
(4, '2018-04-15', 'Yes', 229) ,
(5, '2018-01-29', 'Yes', 230) ,
(5, '2017-06-12', 'Yes', 231) ,
(5, '2018-03-03', 'Yes', 232) ,
(5, '2017-06-22', 'No', 233) ,
(4, '2018-03-30', 'Yes', 234) ,
(4, '2018-11-14', 'Yes', 235) ,
(5, '2017-08-26', 'No', 236) ,
(4, '2017-11-09', 'Yes', 237) ,
(4, '2018-05-19', 'No', 238) ,
(4, '2017-01-04', 'Yes', 239) ,
(4, '2018-04-27', 'Yes', 240) ,
(4, '2018-09-20', 'Yes', 241) ,
(4, '2017-06-06', 'Yes', 242) ,
(4, '2017-09-04', 'Yes', 243) ,
(4, '2018-01-04', 'No', 244) ,
(4, '2017-09-18', 'Yes', 245) ,
(4, '2018-05-01', 'No', 246) ,
(4, '2017-11-06', 'No', 247) ,
(5, '2018-12-08', 'No', 248) ,
(1, '2017-10-03', 'No', 249) ,
(4, '2018-03-12', 'Yes', 250) ,
(2, '2018-04-28', 'No', 251) ,
(4, '2018-12-03', 'No', 252) ,
(5, '2017-10-10', 'Yes', 253) ,
(4, '2017-10-06', 'Yes', 254) ,
(1, '2017-01-19', 'Yes', 255) ,
(4, '2017-11-11', 'Yes', 256) ,
(4, '2018-03-30', 'Yes', 257) ,
(4, '2018-03-04', 'Yes', 258) ,
(4, '2017-09-05', 'Yes', 259) ,
(5, '2018-02-17', 'Yes', 260) ,
(4, '2017-08-11', 'Yes', 261) ,
(3, '2018-05-11', 'No', 262) ,
(4, '2018-02-02', 'No', 263) ,
(4, '2018-07-04', 'No', 264) ,
(4, '2018-04-30', 'Yes', 265) ,
(4, '2017-09-07', 'No', 266) ,
(4, '2017-06-20', 'Yes', 267) ,
(4, '2017-05-29', 'Yes', 268) ,
(4, '2017-06-25', 'Yes', 269) ,
(1, '2018-06-26', 'No', 270) ,
(4, '2018-12-05', 'Yes', 271) ,
(4, '2017-10-26', 'Yes', 272) ,
(4, '2018-10-18', 'Yes', 273) ,
(4, '2017-03-28', 'Yes', 274) ,
(5, '2017-10-24', 'Yes', 275) ,
(4, '2017-10-06', 'No', 276) ,
(4, '2018-03-28', 'No', 277) ,
(4, '2017-11-07', 'No', 278) ,
(4, '2017-10-18', 'Yes', 279) ,
(4, '2018-04-17', 'Yes', 280) ,
(4, '2017-10-07', 'Yes', 281) ,
(3, '2018-04-15', 'No', 282) ,
(2, '2017-02-26', 'No', 283) ,
(1, '2018-11-17', 'Yes', 284) ,
(4, '2017-11-02', 'No', 285) ,
(5, '2017-03-07', 'Yes', 286) ,
(4, '2018-01-20', 'No', 287) ,
(4, '2017-03-31', 'Yes', 288) ,
(4, '2017-02-06', 'Yes', 289) ,
(3, '2017-06-10', 'No', 290) ,
(3, '2017-11-01', 'No', 291) ,
(4, '2018-01-04', 'No', 292) ,
(4, '2018-04-13', 'Yes', 293) ,
(4, '2017-11-07', 'Yes', 294) ,
(4, '2017-01-30', 'Yes', 295) ,
(4, '2017-05-29', 'Yes', 296) ,
(4, '2018-12-13', 'Yes', 297) ,
(3, '2018-03-01', 'No', 298) ,
(4, '2018-07-07', 'Yes', 299) ,
(4, '2018-04-06', 'Yes', 300) ,
(3, '2017-08-23', 'Yes', 301) ,
(2, '2017-11-20', 'No', 302) ,
(5, '2018-05-19', 'Yes', 303) ,
(4, '2017-11-30', 'Yes', 304) ,
(3, '2018-02-10', 'No', 305) ,
(4, '2018-04-04', 'Yes', 306) ,
(4, '2018-03-08', 'No', 307) ,
(4, '2017-05-01', 'Yes', 308) ,
(4, '2017-02-08', 'Yes', 309) ,
(3, '2018-05-22', 'No', 310) ,
(5, '2018-09-29', 'Yes', 311) ,
(4, '2017-06-22', 'Yes', 312) ,
(5, '2018-03-19', 'No', 313) ,
(4, '2018-04-30', 'No', 314) ,
(4, '2017-04-17', 'No', 315) ,
(4, '2017-09-07', 'No', 316) ,
(4, '2017-02-12', 'Yes', 317) ,
(4, '2017-12-22', 'Yes', 318) ,
(1, '2018-04-28', 'Yes', 319) ,
(4, '2017-03-07', 'Yes', 320) ,
(1, '2017-07-04', 'No', 321) ,
(4, '2017-04-04', 'No', 322) ,
(4, '2018-05-25', 'No', 323) ,
(5, '2018-12-02', 'Yes', 324) ,
(4, '2018-12-05', 'Yes', 325) ,
(4, '2018-01-06', 'Yes', 326) ,
(5, '2018-10-13', 'Yes', 327) ,
(4, '2017-11-20', 'No', 328) ,
(4, '2017-06-13', 'No', 329) ,
(4, '2018-04-25', 'No', 330) ,
(4, '2017-10-05', 'Yes', 331) ,
(5, '2018-07-07', 'Yes', 332) ,
(4, '2018-08-25', 'No', 333) ,
(3, '2017-07-09', 'No', 334) ,
(3, '2017-02-05', 'Yes', 335) ,
(4, '2018-06-10', 'Yes', 336) ,
(4, '2018-02-11', 'No', 337) ,
(4, '2018-02-01', 'Yes', 338) ,
(5, '2017-11-01', 'Yes', 339) ,
(3, '2017-02-15', 'No', 340) ,
(4, '2018-02-21', 'Yes', 341) ,
(4, '2017-11-13', 'Yes', 342) ,
(2, '2017-04-20', 'No', 343) ,
(5, '2018-09-01', 'Yes', 344) ,
(3, '2017-04-16', 'Yes', 345) ,
(4, '2018-02-22', 'Yes', 346) ,
(4, '2018-08-10', 'Yes', 347) ,
(4, '2017-03-15', 'No', 348) ,
(4, '2017-12-30', 'Yes', 349) ,
(3, '2017-11-21', 'No', 350) ,
(4, '2018-04-05', 'Yes', 351) ,
(3, '2017-01-16', 'No', 352) ,
(4, '2018-09-15', 'Yes', 353) ,
(4, '2018-06-15', 'No', 354) ,
(4, '2017-10-17', 'No', 355) ,
(4, '2018-09-24', 'Yes', 356) ,
(4, '2018-02-04', 'Yes', 357) ,
(4, '2017-11-06', 'No', 358) ,
(3, '2018-09-14', 'No', 359) ,
(4, '2017-04-03', 'Yes', 360) ,
(4, '2018-09-07', 'Yes', 361) ,
(4, '2018-12-09', 'Yes', 362) ,
(4, '2017-01-26', 'No', 363) ,
(4, '2017-07-22', 'No', 364) ,
(5, '2017-12-21', 'Yes', 365) ,
(4, '2018-12-17', 'Yes', 366) ,
(4, '2018-02-20', 'Yes', 367) ,
(4, '2018-04-16', 'Yes', 368) ,
(5, '2017-02-16', 'Yes', 369) ,
(4, '2018-09-24', 'Yes', 370) ,
(4, '2017-02-26', 'Yes', 371) ,
(4, '2017-08-06', 'Yes', 372) ,
(1, '2018-07-09', 'No', 373) ,
(4, '2018-06-01', 'Yes', 374) ,
(4, '2018-12-21', 'Yes', 375) ,
(4, '2018-12-11', 'Yes', 376) ,
(4, '2017-10-01', 'Yes', 377) ,
(5, '2018-03-23', 'Yes', 378) ,
(5, '2017-09-08', 'No', 379) ,
(4, '2017-02-11', 'Yes', 380) ,
(4, '2018-11-04', 'Yes', 381) ,
(4, '2018-07-28', 'No', 382) ,
(4, '2018-08-15', 'Yes', 383) ,
(4, '2018-02-27', 'Yes', 384) ,
(4, '2018-08-19', 'Yes', 385) ,
(4, '2017-05-27', 'Yes', 386) ,
(4, '2017-03-15', 'No', 387) ,
(3, '2018-01-07', 'No', 388) ,
(4, '2018-07-26', 'Yes', 389) ,
(4, '2018-01-11', 'Yes', 390) ,
(4, '2018-02-28', 'Yes', 391) ,
(4, '2018-02-25', 'Yes', 392) ,
(4, '2017-01-06', 'No', 393) ,
(4, '2018-06-07', 'Yes', 394) ,
(1, '2017-03-29', 'No', 395) ,
(5, '2017-02-27', 'Yes', 396) ,
(4, '2018-11-29', 'No', 397) ,
(3, '2017-05-17', 'Yes', 398) ,
(2, '2017-10-19', 'No', 399) ,
(4, '2017-01-24', 'Yes', 400) ,
(4, '2017-03-07', 'Yes', 401) ,
(1, '2018-12-24', 'No', 402) ,
(4, '2018-05-14', 'Yes', 403) ,
(4, '2017-08-19', 'Yes', 404) ,
(4, '2018-08-23', 'Yes', 405) ,
(5, '2018-06-17', 'Yes', 406) ,
(4, '2018-02-18', 'Yes', 407) ,
(4, '2017-09-09', 'Yes', 408) ,
(5, '2017-09-21', 'Yes', 409) ,
(5, '2018-11-03', 'Yes', 410) ,
(4, '2018-10-02', 'No', 411) ,
(4, '2017-06-30', 'No', 412) ,
(4, '2018-12-07', 'Yes', 413) ,
(3, '2017-06-01', 'No', 414) ,
(4, '2018-12-23', 'Yes', 415) ,
(3, '2017-07-04', 'No', 416) ,
(5, '2017-03-01', 'Yes', 417) ,
(4, '2017-07-10', 'Yes', 418) ,
(4, '2018-07-11', 'Yes', 419) ,
(5, '2018-12-15', 'Yes', 420) ,
(1, '2018-12-02', 'No', 421) ,
(1, '2018-08-23', 'No', 422) ,
(4, '2018-03-09', 'Yes', 423) ,
(2, '2018-01-23', 'No', 424) ,
(4, '2018-07-18', 'Yes', 425) ,
(4, '2017-10-31', 'Yes', 426) ,
(3, '2018-04-30', 'No', 427) ,
(4, '2018-03-26', 'Yes', 428) ,
(4, '2018-11-28', 'Yes', 429) ,
(4, '2018-12-29', 'Yes', 430) ,
(5, '2018-03-23', 'Yes', 431) ,
(5, '2017-09-22', 'Yes', 432) ,
(4, '2017-12-12', 'Yes', 433) ,
(4, '2018-11-04', 'Yes', 434) ,
(4, '2017-05-02', 'Yes', 435) ,
(4, '2018-08-04', 'Yes', 436) ,
(4, '2017-11-25', 'No', 437) ,
(4, '2017-08-03', 'Yes', 438) ,
(5, '2018-04-23', 'Yes', 439) ,
(4, '2018-10-05', 'Yes', 440) ,
(3, '2017-10-16', 'No', 441) ,
(3, '2018-05-03', 'No', 442) ,
(4, '2018-05-01', 'Yes', 443) ,
(4, '2017-08-18', 'Yes', 444) ,
(4, '2018-09-30', 'No', 445) ,
(3, '2018-03-23', 'Yes', 446) ,
(4, '2018-02-07', 'No', 447) ,
(4, '2017-01-24', 'Yes', 448) ,
(4, '2018-08-23', 'Yes', 449) ,
(4, '2017-11-09', 'Yes', 450) ,
(2, '2017-05-10', 'No', 451) ,
(4, '2017-03-10', 'No', 452) ,
(4, '2018-06-09', 'Yes', 453) ,
(3, '2018-09-06', 'No', 454) ,
(4, '2018-02-17', 'Yes', 455) ,
(3, '2017-05-05', 'No', 456) ,
(4, '2017-12-03', 'Yes', 457) ,
(4, '2018-01-19', 'No', 458) ,
(4, '2018-01-19', 'Yes', 459) ,
(4, '2018-02-14', 'No', 460) ,
(4, '2017-03-06', 'Yes', 461) ,
(4, '2018-01-06', 'Yes', 462) ,
(3, '2018-04-02', 'No', 463) ,
(4, '2018-06-25', 'No', 464) ,
(5, '2018-02-26', 'Yes', 465) ,
(4, '2017-02-09', 'Yes', 466) ,
(4, '2017-05-11', 'Yes', 467) ,
(4, '2018-03-07', 'Yes', 468) ,
(4, '2018-02-02', 'Yes', 469) ,
(4, '2017-11-13', 'Yes', 470) ,
(4, '2018-11-29', 'Yes', 471) ,
(5, '2017-04-18', 'Yes', 472) ,
(5, '2017-10-25', 'Yes', 473) ,
(3, '2017-06-09', 'No', 474) ,
(4, '2017-03-13', 'Yes', 475) ,
(4, '2017-01-21', 'Yes', 476) ,
(5, '2017-04-20', 'Yes', 477) ,
(4, '2018-04-09', 'Yes', 478) ,
(4, '2018-09-13', 'Yes', 479) ,
(2, '2017-08-09', 'No', 480) ,
(5, '2017-03-24', 'Yes', 481) ,
(4, '2018-03-05', 'No', 482) ,
(4, '2017-09-06', 'Yes', 483) ,
(1, '2017-09-08', 'No', 484) ,
(4, '2017-07-21', 'Yes', 485) ,
(4, '2017-12-13', 'Yes', 486) ,
(4, '2018-03-14', 'Yes', 487) ,
(4, '2018-04-06', 'No', 488) ,
(1, '2017-05-29', 'No', 489) ,
(5, '2018-03-14', 'Yes', 490) ,
(5, '2017-06-07', 'Yes', 491) ,
(2, '2018-12-13', 'No', 492) ,
(5, '2017-02-26', 'Yes', 493) ,
(1, '2018-09-09', 'No', 494) ,
(4, '2017-12-18', 'Yes', 495) ,
(4, '2017-09-14', 'Yes', 496) ,
(4, '2017-08-02', 'Yes', 497) ,
(1, '2018-02-12', 'No', 498) ,
(5, '2017-05-20', 'Yes', 499) ,
(2, '2018-03-16', 'No', 500) ,
(4, '2017-04-23', 'Yes', 501) ,
(2, '2017-02-18', 'Yes', 502) ,
(4, '2018-12-24', 'No', 503) ,
(3, '2018-05-11', 'No', 504) ,
(5, '2017-04-26', 'Yes', 505) ,
(4, '2018-05-15', 'Yes', 506) ,
(4, '2018-11-30', 'No', 507) ,
(4, '2017-02-04', 'No', 508) ,
(3, '2018-07-27', 'No', 509) ,
(4, '2018-09-05', 'Yes', 510) ,
(4, '2018-04-12', 'Yes', 511) ,
(2, '2018-09-01', 'No', 512) ,
(4, '2018-01-27', 'Yes', 513) ,
(4, '2018-12-17', 'Yes', 514) ,
(4, '2018-03-19', 'Yes', 515) ,
(4, '2017-11-12', 'Yes', 516) ,
(5, '2017-07-26', 'Yes', 517) ,
(3, '2018-01-15', 'No', 518) ,
(4, '2017-06-20', 'Yes', 519) ,
(4, '2018-11-11', 'Yes', 520) ,
(4, '2018-06-24', 'Yes', 521) ,
(4, '2017-12-02', 'No', 522) ,
(4, '2017-10-12', 'Yes', 523) ,
(5, '2018-05-06', 'Yes', 524) ,
(4, '2017-02-06', 'Yes', 525) ,
(4, '2018-05-16', 'No', 526) ,
(4, '2018-03-26', 'Yes', 527) ,
(5, '2017-09-25', 'Yes', 528) ,
(5, '2018-02-12', 'Yes', 529) ,
(4, '2018-06-02', 'Yes', 530) ,
(4, '2018-06-06', 'Yes', 531) ,
(4, '2017-01-28', 'Yes', 532) ,
(4, '2018-05-31', 'No', 533) ,
(4, '2017-09-09', 'No', 534) ,
(5, '2018-03-11', 'Yes', 535) ,
(4, '2017-06-30', 'Yes', 536) ,
(4, '2018-11-26', 'Yes', 537) ,
(2, '2017-04-14', 'No', 538) ,
(4, '2017-06-10', 'No', 539) ,
(4, '2018-10-22', 'Yes', 540) ,
(4, '2018-05-25', 'Yes', 541) ,
(4, '2018-01-06', 'Yes', 542) ,
(4, '2018-04-30', 'Yes', 543) ,
(5, '2017-10-10', 'Yes', 544) ,
(5, '2017-07-02', 'Yes', 545) ,
(4, '2018-10-04', 'Yes', 546) ,
(4, '2017-07-25', 'No', 547) ,
(3, '2018-08-07', 'No', 548) ,
(4, '2018-05-03', 'No', 549) ,
(5, '2018-11-03', 'Yes', 550) ,
(3, '2017-07-13', 'No', 551) ,
(3, '2017-12-21', 'No', 552) ,
(4, '2017-05-11', 'Yes', 553) ,
(4, '2018-03-29', 'No', 554) ,
(4, '2018-10-06', 'Yes', 555) ,
(4, '2017-01-26', 'Yes', 556) ,
(4, '2017-10-31', 'Yes', 557) ,
(3, '2018-02-07', 'No', 558) ,
(4, '2018-11-15', 'Yes', 559) ,
(4, '2018-12-19', 'Yes', 560) ,
(3, '2017-06-13', 'No', 561) ,
(2, '2018-06-21', 'No', 562) ,
(4, '2017-06-06', 'No', 563) ,
(4, '2018-12-26', 'Yes', 564) ,
(4, '2017-07-12', 'Yes', 565) ,
(1, '2018-03-12', 'No', 566) ,
(4, '2017-02-05', 'Yes', 567) ,
(4, '2017-10-14', 'Yes', 568) ,
(3, '2018-09-27', 'No', 569) ,
(5, '2018-10-26', 'Yes', 570) ,
(3, '2018-09-05', 'No', 571) ,
(4, '2018-10-27', 'Yes', 572) ,
(5, '2017-11-25', 'Yes', 573) ,
(4, '2017-04-03', 'Yes', 574) ,
(3, '2018-11-02', 'No', 575) ,
(5, '2018-01-25', 'Yes', 576) ,
(5, '2018-04-11', 'Yes', 577) ,
(4, '2017-08-01', 'Yes', 578) ,
(3, '2018-08-28', 'Yes', 579) ,
(4, '2017-04-25', 'Yes', 580) ,
(1, '2018-02-27', 'No', 581) ,
(3, '2018-10-11', 'No', 582) ,
(4, '2018-08-15', 'Yes', 583) ,
(4, '2018-10-19', 'Yes', 584) ,
(5, '2018-10-02', 'Yes', 585) ,
(4, '2018-03-15', 'Yes', 586) ,
(4, '2018-01-08', 'Yes', 587) ,
(4, '2017-11-26', 'Yes', 588) ,
(5, '2018-02-02', 'Yes', 589) ,
(2, '2018-05-08', 'No', 590) ,
(3, '2018-10-08', 'No', 591) ,
(4, '2018-11-18', 'Yes', 592) ,
(3, '2018-07-15', 'No', 593) ,
(4, '2017-02-25', 'Yes', 594) ,
(4, '2017-05-29', 'Yes', 595) ,
(4, '2017-01-03', 'Yes', 596) ,
(3, '2017-07-26', 'Yes', 597) ,
(4, '2018-08-31', 'Yes', 598) ,
(4, '2018-10-03', 'Yes', 599) ,
(3, '2017-08-15', 'No', 600) ,
(4, '2018-11-02', 'Yes', 601) ,
(4, '2017-03-03', 'Yes', 602) ,
(4, '2018-09-26', 'No', 603) ,
(4, '2018-06-23', 'No', 604) ,
(5, '2017-07-21', 'Yes', 605) ,
(4, '2018-11-18', 'Yes', 606) ,
(4, '2018-05-18', 'No', 607) ,
(4, '2018-07-02', 'Yes', 608) ,
(4, '2017-03-07', 'Yes', 609) ,
(5, '2018-01-29', 'Yes', 610) ,
(2, '2018-12-31', 'No', 611) ,
(4, '2017-04-29', 'Yes', 612) ,
(4, '2017-10-20', 'Yes', 613) ,
(4, '2018-05-21', 'Yes', 614) ,
(5, '2017-10-29', 'Yes', 615) ,
(2, '2017-10-09', 'Yes', 616) ,
(4, '2018-06-07', 'Yes', 617) ,
(5, '2017-11-22', 'Yes', 618) ,
(4, '2017-02-03', 'No', 619) ,
(5, '2018-04-29', 'Yes', 620) ,
(4, '2018-01-03', 'No', 621) ,
(4, '2018-01-20', 'Yes', 622) ,
(4, '2017-12-10', 'Yes', 623) ,
(4, '2018-01-28', 'No', 624) ,
(4, '2017-12-02', 'Yes', 625) ,
(4, '2018-12-08', 'Yes', 626) ,
(5, '2018-12-03', 'Yes', 627) ,
(1, '2018-09-11', 'Yes', 628) ,
(4, '2018-01-14', 'Yes', 629) ,
(4, '2018-05-25', 'Yes', 630) ,
(4, '2018-01-23', 'Yes', 631) ,
(5, '2017-06-15', 'Yes', 632) ,
(4, '2017-09-02', 'No', 633) ,
(4, '2018-12-16', 'Yes', 634) ,
(4, '2017-02-26', 'Yes', 635) ,
(4, '2017-12-29', 'Yes', 636) ,
(4, '2018-01-25', 'Yes', 637) ,
(2, '2017-12-12', 'No', 638) ,
(3, '2018-02-21', 'No', 639) ,
(3, '2017-01-03', 'No', 640) ,
(5, '2018-04-15', 'Yes', 641) ,
(2, '2018-04-18', 'No', 642) ,
(2, '2018-10-25', 'No', 643) ,
(4, '2017-05-19', 'Yes', 644) ,
(3, '2017-06-07', 'No', 645) ,
(4, '2018-08-11', 'Yes', 646) ,
(4, '2018-02-21', 'Yes', 647) ,
(5, '2017-03-29', 'No', 648) ,
(4, '2017-07-22', 'Yes', 649) ,
(3, '2018-12-22', 'No', 650) ,
(5, '2018-06-19', 'No', 651) ,
(4, '2017-10-20', 'No', 652) ,
(4, '2018-02-01', 'Yes', 653) ,
(4, '2018-08-22', 'Yes', 654) ,
(4, '2018-05-05', 'Yes', 655) ,
(5, '2017-04-01', 'Yes', 656) ,
(5, '2018-07-06', 'Yes', 657) ,
(3, '2017-11-19', 'No', 658) ,
(5, '2017-02-12', 'No', 659) ,
(4, '2017-06-04', 'Yes', 660) ,
(5, '2018-02-16', 'Yes', 661) ,
(4, '2017-03-28', 'Yes', 662) ,
(5, '2018-08-30', 'Yes', 663) ,
(4, '2017-07-30', 'No', 664) ,
(3, '2018-05-16', 'Yes', 665) ,
(4, '2018-11-24', 'No', 666) ,
(4, '2018-09-22', 'Yes', 667) ,
(4, '2018-09-08', 'Yes', 668) ,
(4, '2018-10-19', 'Yes', 669) ,
(4, '2018-01-12', 'Yes', 670) ,
(4, '2017-09-14', 'Yes', 671) ,
(4, '2018-07-10', 'No', 672) ,
(4, '2017-11-25', 'No', 673) ,
(5, '2017-10-25', 'Yes', 674) ,
(4, '2018-03-22', 'No', 675) ,
(1, '2018-08-21', 'No', 676) ,
(5, '2017-12-31', 'Yes', 677) ,
(4, '2017-03-17', 'Yes', 678) ,
(3, '2017-07-23', 'Yes', 679) ,
(4, '2017-08-11', 'Yes', 680) ,
(4, '2017-10-01', 'No', 681) ,
(4, '2017-11-05', 'Yes', 682) ,
(4, '2017-07-12', 'Yes', 683) ,
(4, '2017-01-30', 'Yes', 684) ,
(4, '2017-09-06', 'Yes', 685) ,
(4, '2018-08-28', 'Yes', 686) ,
(4, '2018-12-24', 'No', 687) ,
(5, '2017-09-30', 'Yes', 688) ,
(3, '2017-04-08', 'No', 689) ,
(4, '2017-11-10', 'Yes', 690) ,
(4, '2018-08-25', 'Yes', 691) ,
(4, '2017-02-04', 'No', 692) ,
(4, '2018-12-17', 'Yes', 693) ,
(3, '2018-05-01', 'No', 694) ,
(2, '2018-10-19', 'No', 695) ,
(3, '2017-08-19', 'No', 696) ,
(4, '2017-08-26', 'Yes', 697) ,
(4, '2017-07-22', 'Yes', 698) ,
(4, '2017-06-16', 'No', 699) ,
(4, '2017-10-18', 'Yes', 700) ,
(4, '2017-03-05', 'Yes', 701) ,
(4, '2017-03-30', 'Yes', 702) ,
(1, '2018-05-11', 'No', 703) ,
(1, '2018-12-22', 'No', 704) ,
(1, '2018-09-27', 'No', 705) ,
(5, '2018-04-27', 'No', 706) ,
(5, '2017-01-29', 'Yes', 707) ,
(4, '2017-12-20', 'Yes', 708) ,
(4, '2018-09-09', 'Yes', 709) ,
(4, '2018-10-11', 'No', 710) ,
(4, '2018-12-21', 'No', 711) ,
(4, '2017-01-12', 'No', 712) ,
(4, '2017-11-23', 'Yes', 713) ,
(4, '2017-01-27', 'Yes', 714) ,
(4, '2018-12-25', 'Yes', 715) ,
(4, '2018-04-23', 'No', 716) ,
(4, '2017-12-21', 'No', 717) ,
(1, '2018-02-16', 'No', 718) ,
(3, '2018-10-11', 'No', 719) ,
(4, '2017-01-08', 'Yes', 720) ,
(4, '2017-06-22', 'Yes', 721) ,
(2, '2017-09-27', 'Yes', 722) ,
(4, '2017-11-07', 'No', 723) ,
(4, '2018-05-01', 'Yes', 724) ,
(1, '2018-10-26', 'No', 725) ,
(5, '2017-06-17', 'Yes', 726) ,
(4, '2018-04-17', 'Yes', 727) ,
(2, '2017-06-15', 'No', 728) ,
(4, '2018-01-05', 'Yes', 729) ,
(4, '2018-12-01', 'Yes', 730) ,
(4, '2017-02-27', 'Yes', 731) ,
(5, '2018-04-15', 'Yes', 732) ,
(5, '2017-02-25', 'No', 733) ,
(4, '2018-05-09', 'Yes', 734) ,
(3, '2018-05-26', 'Yes', 735) ,
(4, '2018-12-23', 'Yes', 736) ,
(4, '2018-06-19', 'Yes', 737) ,
(4, '2018-07-22', 'Yes', 738) ,
(5, '2017-05-13', 'Yes', 739) ,
(4, '2017-08-01', 'No', 740) ,
(4, '2018-04-11', 'Yes', 741) ,
(3, '2018-05-20', 'Yes', 742) ,
(3, '2017-03-17', 'No', 743) ,
(4, '2017-07-28', 'Yes', 744) ,
(4, '2017-12-31', 'No', 745) ,
(4, '2018-02-02', 'Yes', 746) ,
(5, '2018-09-25', 'Yes', 747) ,
(4, '2018-07-24', 'No', 748) ,
(4, '2018-12-23', 'Yes', 749) ,
(3, '2017-05-04', 'No', 750) ,
(4, '2018-11-30', 'Yes', 751) ,
(4, '2018-05-30', 'Yes', 752) ,
(3, '2018-01-31', 'No', 753) ,
(4, '2018-01-05', 'Yes', 754) ,
(2, '2018-09-22', 'No', 755) ,
(4, '2018-07-22', 'Yes', 756) ,
(5, '2018-11-27', 'Yes', 757) ,
(2, '2018-09-30', 'Yes', 758) ,
(4, '2018-08-24', 'Yes', 759) ,
(1, '2017-10-22', 'No', 760) ,
(5, '2018-07-28', 'Yes', 761) ,
(4, '2018-07-25', 'Yes', 762) ,
(2, '2017-10-01', 'No', 763) ,
(4, '2018-09-08', 'Yes', 764) ,
(2, '2018-02-03', 'No', 765) ,
(5, '2018-03-11', 'Yes', 766) ,
(5, '2018-02-08', 'No', 767) ,
(4, '2018-09-11', 'Yes', 768) ,
(4, '2017-08-15', 'Yes', 769) ,
(4, '2018-04-17', 'Yes', 770) ,
(4, '2018-09-22', 'Yes', 771) ,
(3, '2018-06-27', 'No', 772) ,
(4, '2017-02-13', 'No', 773) ,
(4, '2018-05-09', 'No', 774) ,
(4, '2017-08-10', 'Yes', 775) ,
(5, '2017-01-01', 'No', 776) ,
(4, '2018-09-25', 'Yes', 777) ,
(4, '2017-08-20', 'Yes', 778) ,
(2, '2017-05-03', 'No', 779) ,
(4, '2018-05-05', 'Yes', 780) ,
(4, '2017-01-08', 'Yes', 781) ,
(1, '2018-02-25', 'No', 782) ,
(4, '2017-08-02', 'Yes', 783) ,
(4, '2017-02-03', 'No', 784) ,
(4, '2018-12-03', 'Yes', 785) ,
(4, '2017-10-27', 'Yes', 786) ,
(4, '2017-06-18', 'Yes', 787) ,
(4, '2018-05-16', 'Yes', 788) ,
(4, '2017-09-25', 'Yes', 789) ,
(2, '2018-07-08', 'Yes', 790) ,
(3, '2018-06-06', 'No', 791) ,
(4, '2018-03-01', 'Yes', 792) ,
(4, '2018-05-11', 'Yes', 793) ,
(4, '2018-04-09', 'Yes', 794) ,
(2, '2018-06-16', 'No', 795) ,
(4, '2017-04-12', 'Yes', 796) ,
(4, '2017-03-25', 'Yes', 797) ,
(4, '2018-03-30', 'Yes', 798) ,
(1, '2018-02-01', 'No', 799) ,
(3, '2018-08-15', 'No', 800) ,
(4, '2017-05-01', 'No', 801) ,
(1, '2018-12-14', 'No', 802) ,
(5, '2018-11-23', 'Yes', 803) ,
(2, '2017-08-07', 'No', 804) ,
(4, '2018-01-26', 'Yes', 805) ,
(4, '2018-10-18', 'Yes', 806) ,
(3, '2017-09-13', 'No', 807) ,
(4, '2018-07-17', 'Yes', 808) ,
(4, '2018-11-27', 'No', 809) ,
(5, '2017-06-29', 'Yes', 810) ,
(5, '2017-11-27', 'Yes', 811) ,
(5, '2017-01-14', 'No', 812) ,
(4, '2018-01-12', 'Yes', 813) ,
(3, '2017-11-23', 'No', 814) ,
(4, '2018-03-03', 'Yes', 815) ,
(5, '2017-09-06', 'Yes', 825) ,
(4, '2017-10-13', 'Yes', 826) ,
(4, '2017-05-05', 'Yes', 827) ,
(5, '2017-10-26', 'Yes', 828) ,
(2, '2017-04-29', 'No', 829) ,
(2, '2018-02-11', 'No', 830) ,
(1, '2018-05-08', 'No', 831) ,
(5, '2018-07-09', 'Yes', 832) ,
(5, '2017-07-26', 'Yes', 833) ,
(4, '2017-04-01', 'Yes', 834) ,
(4, '2018-08-13', 'Yes', 835) ,
(1, '2018-05-21', 'No', 836) ,
(2, '2017-04-02', 'No', 837) ,
(4, '2017-07-28', 'No', 838) ,
(4, '2018-09-20', 'Yes', 839) ,
(4, '2017-03-15', 'Yes', 840) ,
(4, '2018-02-24', 'Yes', 841) ,
(4, '2018-11-04', 'Yes', 842) ,
(4, '2018-04-05', 'Yes', 843) ,
(4, '2018-04-16', 'No', 844) ,
(4, '2018-03-25', 'Yes', 845) ,
(3, '2018-06-23', 'Yes', 846) ,
(5, '2018-11-27', 'Yes', 847) ,
(4, '2018-12-16', 'No', 848) ,
(4, '2017-12-08', 'Yes', 849) ,
(4, '2017-09-14', 'No', 850) ,
(4, '2018-11-17', 'Yes', 851) ,
(4, '2018-12-18', 'Yes', 852) ,
(4, '2018-01-26', 'Yes', 853) ,
(3, '2018-09-15', 'Yes', 854) ,
(4, '2017-09-13', 'Yes', 855) ,
(4, '2017-12-17', 'Yes', 856) ,
(4, '2017-09-08', 'Yes', 857) ,
(1, '2018-04-22', 'No', 858) ,
(4, '2018-07-31', 'Yes', 859) ,
(4, '2018-06-15', 'No', 860) ,
(4, '2018-09-03', 'Yes', 861) ,
(5, '2018-12-06', 'No', 862) ,
(5, '2018-04-26', 'Yes', 863) ,
(3, '2018-04-05', 'No', 864) ,
(4, '2018-03-01', 'Yes', 865) ,
(4, '2018-03-17', 'Yes', 866) ,
(5, '2018-08-22', 'Yes', 867) ,
(4, '2017-03-17', 'Yes', 868) ,
(5, '2018-10-13', 'Yes', 869) ,
(5, '2017-11-19', 'Yes', 870) ,
(4, '2018-03-07', 'Yes', 871) ,
(4, '2018-02-28', 'Yes', 872) ,
(4, '2018-09-25', 'Yes', 873) ,
(4, '2018-12-17', 'Yes', 874) ,
(4, '2017-10-16', 'Yes', 875) ,
(4, '2018-12-10', 'No', 876) ,
(4, '2018-11-14', 'Yes', 877) ,
(4, '2018-06-29', 'Yes', 878) ,
(4, '2017-05-03', 'Yes', 879) ,
(3, '2018-06-19', 'Yes', 880) ,
(5, '2017-07-17', 'No', 881) ,
(4, '2018-10-07', 'Yes', 882) ,
(4, '2018-10-12', 'Yes', 883) ,
(2, '2017-04-14', 'No', 884) ,
(3, '2017-04-21', 'Yes', 885) ,
(4, '2017-04-08', 'Yes', 886) ,
(3, '2018-06-18', 'No', 887) ,
(1, '2017-12-01', 'No', 888) ,
(4, '2017-05-04', 'Yes', 889) ,
(4, '2018-09-23', 'Yes', 890) ,
(2, '2017-02-25', 'No', 891) ,
(5, '2017-07-21', 'Yes', 892) ,
(4, '2018-05-12', 'Yes', 893) ,
(5, '2018-09-24', 'Yes', 894) ,
(4, '2017-05-01', 'Yes', 895) ,
(4, '2018-04-29', 'Yes', 896) ,
(4, '2017-07-23', 'Yes', 897) ,
(2, '2017-03-08', 'No', 898) ,
(2, '2017-11-06', 'No', 899) ,
(1, '2018-06-14', 'Yes', 900) ,
(2, '2018-11-14', 'No', 901) ,
(4, '2017-11-20', 'Yes', 902) ,
(4, '2018-01-29', 'No', 903) ,
(4, '2017-03-19', 'Yes', 904) ,
(4, '2017-02-19', 'Yes', 905) ,
(4, '2017-01-05', 'Yes', 906) ,
(4, '2018-09-23', 'Yes', 907) ,
(4, '2017-01-21', 'Yes', 908) ,
(5, '2017-10-03', 'Yes', 909) ,
(3, '2017-03-22', 'No', 910) ,
(4, '2017-03-19', 'Yes', 911) ,
(4, '2017-01-28', 'Yes', 912) ,
(1, '2017-01-30', 'No', 913) ,
(3, '2017-09-14', 'No', 914) ,
(4, '2017-08-31', 'Yes', 915) ,
(4, '2018-07-12', 'Yes', 916) ,
(4, '2017-10-26', 'Yes', 917) ,
(4, '2018-05-31', 'Yes', 918) ,
(4, '2017-09-09', 'Yes', 919) ,
(4, '2017-06-11', 'No', 920) ,
(3, '2018-08-16', 'Yes', 921) ,
(4, '2018-11-16', 'Yes', 922) ,
(5, '2018-09-10', 'Yes', 923) ,
(2, '2017-11-01', 'Yes', 924) ,
(4, '2018-03-11', 'Yes', 925) ,
(3, '2018-10-06', 'No', 926) ,
(3, '2017-11-17', 'No', 927) ,
(4, '2017-02-05', 'Yes', 928) ,
(5, '2018-07-23', 'Yes', 929) ,
(1, '2017-05-23', 'No', 930) ,
(4, '2017-05-27', 'Yes', 931) ,
(4, '2018-07-15', 'Yes', 932) ,
(4, '2018-12-24', 'Yes', 933) ,
(4, '2018-08-25', 'Yes', 934) ,
(4, '2018-05-31', 'No', 935) ,
(4, '2018-01-27', 'Yes', 936) ,
(3, '2017-01-23', 'No', 937) ,
(1, '2018-09-02', 'No', 938) ,
(4, '2018-02-12', 'Yes', 939) ,
(4, '2018-09-05', 'No', 940) ,
(4, '2017-03-16', 'No', 941) ,
(5, '2018-07-06', 'No', 942) ,
(4, '2017-01-23', 'Yes', 943) ,
(4, '2017-03-08', 'No', 944) ,
(3, '2018-02-21', 'No', 945) ,
(5, '2017-01-17', 'Yes', 946) ,
(4, '2018-05-10', 'Yes', 947) ,
(4, '2018-11-21', 'Yes', 948) ,
(4, '2018-07-03', 'Yes', 949) ,
(3, '2018-02-19', 'No', 950) ,
(4, '2018-04-12', 'Yes', 951) ,
(4, '2018-01-10', 'No', 952) ,
(4, '2017-05-16', 'Yes', 953) ,
(4, '2017-07-31', 'No', 954) ,
(4, '2018-03-15', 'Yes', 955) ,
(4, '2017-11-07', 'Yes', 956) ,
(4, '2017-05-19', 'Yes', 957) ,
(3, '2017-10-25', 'Yes', 958) ,
(4, '2017-04-24', 'Yes', 959) ,
(4, '2018-01-20', 'Yes', 960) ,
(5, '2017-06-16', 'No', 961) ,
(4, '2018-09-04', 'Yes', 962) ,
(4, '2018-03-07', 'No', 963) ,
(3, '2018-02-16', 'Yes', 964) ,
(5, '2018-03-17', 'Yes', 965) ,
(4, '2018-09-12', 'Yes', 966) ,
(4, '2018-02-24', 'Yes', 967) ,
(4, '2017-09-20', 'Yes', 968) ,
(1, '2018-09-28', 'Yes', 969) ,
(4, '2018-12-02', 'Yes', 970) ,
(5, '2017-09-30', 'Yes', 971) ,
(4, '2017-01-09', 'Yes', 972) ,
(4, '2017-08-26', 'Yes', 973) ,
(5, '2017-11-12', 'Yes', 974) ,
(4, '2017-11-26', 'Yes', 975) ,
(4, '2017-08-25', 'Yes', 976) ,
(5, '2018-08-19', 'Yes', 977) ,
(4, '2017-11-06', 'Yes', 978) ,
(3, '2017-04-29', 'No', 979) ,
(4, '2017-11-06', 'Yes', 980) ,
(1, '2018-11-25', 'No', 981) ,
(4, '2018-09-18', 'Yes', 982) ,
(3, '2017-11-27', 'No', 983) ,
(4, '2018-03-07', 'Yes', 984) ,
(4, '2017-07-10', 'Yes', 985) ,
(4, '2017-01-22', 'Yes', 986) ,
(4, '2017-12-09', 'Yes', 987) ,
(4, '2017-01-03', 'No', 988) ,
(1, '2018-09-23', 'Yes', 989) ,
(4, '2018-10-02', 'Yes', 990) ,
(1, '2018-12-11', 'No', 991) ,
(4, '2018-08-12', 'Yes', 992) ,
(1, '2017-08-14', 'No', 993) ,
(4, '2017-04-25', 'No', 994) ,
(4, '2018-02-15', 'Yes', 995) ,
(5, '2018-06-17', 'Yes', 996) ,
(4, '2018-03-23', 'Yes', 997) ,
(4, '2017-11-29', 'Yes', 998) ,
(3, '2018-04-27', 'Yes', 999) ,
(4, '2018-10-20', 'Yes', 1000) 
Insert into CustomerReview Values 
(5, '2018-02-28', 'Yes', 1004) ,
(5, '2017-02-21', 'Yes', 1005) ,
(4, '2017-01-28', 'Yes', 1006) ,
(5, '2017-06-06', 'Yes', 1007) ,
(4, '2018-12-09', 'Yes', 1008) ,
(4, '2018-03-16', 'Yes', 1009) ,
(4, '2018-03-22', 'Yes', 1010) ,
(4, '2018-03-04', 'Yes', 1011) ,
(1, '2017-07-28', 'Yes', 1012) ,
(2, '2018-03-23', 'No', 1013) ,
(4, '2017-03-26', 'No', 1014) ,
(5, '2018-09-24', 'Yes', 1015) ,
(4, '2017-06-20', 'No', 1016) ,
(4, '2017-01-27', 'Yes', 1017) ,
(4, '2018-04-06', 'No', 1018) ,
(5, '2018-07-21', 'Yes', 1019) ,
(2, '2018-09-23', 'No', 1020) ,
(4, '2018-04-22', 'Yes', 1021) ,
(4, '2017-11-06', 'Yes', 1022) ,
(4, '2017-03-29', 'Yes', 1023) ,
(4, '2018-11-09', 'Yes', 1024) ,
(5, '2017-09-25', 'No', 1025) ,
(2, '2017-12-17', 'No', 1026) ,
(5, '2017-06-13', 'Yes', 1027) ,
(5, '2017-04-18', 'Yes', 1028) ,
(4, '2017-09-22', 'Yes', 1029) ,
(2, '2018-07-08', 'No', 1030) ,
(4, '2018-01-23', 'Yes', 1031) ,
(4, '2017-11-23', 'No', 1032) ,
(4, '2017-07-20', 'No', 1033) ,
(2, '2017-03-20', 'No', 1034) ,
(4, '2017-06-02', 'Yes', 1035) ,
(3, '2018-04-21', 'Yes', 1036) ,
(4, '2017-07-13', 'Yes', 1037) ,
(4, '2018-08-07', 'Yes', 1038) ,
(5, '2017-08-09', 'Yes', 1039) ,
(5, '2017-07-28', 'Yes', 1040) ,
(4, '2018-06-28', 'Yes', 1041) ,
(3, '2017-07-19', 'No', 1042) ,
(4, '2018-01-13', 'Yes', 1043) ,
(4, '2017-11-13', 'Yes', 1044) ,
(4, '2018-09-15', 'Yes', 1045) ,
(4, '2017-07-31', 'Yes', 1046) ,
(4, '2017-04-03', 'No', 1047) ,
(4, '2017-03-31', 'Yes', 1048) ,
(4, '2018-07-19', 'Yes', 1049) ,
(4, '2017-12-12', 'No', 1050) ,
(3, '2018-11-28', 'Yes', 1051) ,
(4, '2018-04-07', 'Yes', 1052) ,
(4, '2018-08-25', 'Yes', 1053) ,
(4, '2018-06-28', 'No', 1054) ,
(3, '2017-03-03', 'No', 1055) ,
(4, '2018-07-15', 'No', 1056) ,
(4, '2018-08-23', 'Yes', 1057) ,
(4, '2017-12-10', 'Yes', 1058) ,
(4, '2018-07-24', 'Yes', 1059) ,
(1, '2018-03-04', 'No', 1060) ,
(4, '2017-12-15', 'Yes', 1061) ,
(4, '2017-03-08', 'Yes', 1062) ,
(4, '2017-04-02', 'No', 1063) ,
(4, '2018-07-03', 'No', 1064) ,
(5, '2017-09-12', 'Yes', 1065) ,
(3, '2018-06-27', 'No', 1066) ,
(4, '2017-04-03', 'Yes', 1067) ,
(4, '2018-06-11', 'Yes', 1068) ,
(3, '2018-09-08', 'No', 1069) ,
(4, '2018-04-14', 'Yes', 1070) ,
(4, '2018-01-17', 'Yes', 1071) ,
(4, '2017-03-20', 'Yes', 1072) ,
(4, '2017-04-08', 'Yes', 1073) ,
(4, '2018-03-12', 'Yes', 1074) ,
(4, '2018-03-29', 'No', 1075) ,
(3, '2018-06-17', 'No', 1076) ,
(4, '2017-11-19', 'Yes', 1077) ,
(4, '2017-05-27', 'Yes', 1078) ,
(3, '2017-06-27', 'No', 1079) ,
(4, '2017-11-08', 'Yes', 1080) ,
(5, '2017-01-15', 'Yes', 1081) ,
(4, '2018-01-07', 'Yes', 1082) ,
(4, '2017-06-03', 'No', 1083) ,
(4, '2017-12-30', 'Yes', 1084) ,
(4, '2018-01-06', 'Yes', 1085) ,
(5, '2018-10-11', 'Yes', 1086) ,
(3, '2017-10-09', 'No', 1087) ,
(3, '2017-07-20', 'No', 1088) ,
(4, '2018-11-01', 'Yes', 1089) ,
(4, '2017-03-23', 'Yes', 1090) ,
(4, '2018-05-09', 'Yes', 1091) ,
(4, '2018-09-17', 'Yes', 1092) ,
(4, '2017-11-19', 'Yes', 1093) ,
(4, '2018-11-05', 'Yes', 1094) ,
(3, '2017-09-25', 'No', 1095) ,
(2, '2018-10-22', 'No', 1096) ,
(5, '2017-12-01', 'No', 1097) ,
(1, '2018-09-21', 'Yes', 1098) ,
(4, '2017-05-22', 'No', 1099) ,
(4, '2018-04-29', 'Yes', 1100) ,
(4, '2017-09-18', 'Yes', 1101) ,
(4, '2018-08-30', 'Yes', 1102) ,
(4, '2018-08-10', 'Yes', 1103) ,
(4, '2017-03-19', 'Yes', 1104) ,
(4, '2018-11-21', 'No', 1105) ,
(4, '2017-03-28', 'Yes', 1106) ,
(4, '2018-01-03', 'Yes', 1107) ,
(4, '2018-06-28', 'Yes', 1108) ,
(1, '2017-11-07', 'No', 1109) ,
(4, '2017-07-02', 'Yes', 1110) ,
(4, '2017-04-23', 'Yes', 1111) ,
(5, '2017-04-17', 'Yes', 1112) ,
(4, '2018-02-28', 'Yes', 1113) ,
(4, '2018-10-17', 'Yes', 1114) ,
(4, '2017-11-15', 'Yes', 1115) ,
(2, '2017-09-06', 'Yes', 1116) ,
(4, '2018-03-23', 'Yes', 1117) ,
(4, '2018-09-09', 'No', 1118) ,
(4, '2017-09-30', 'Yes', 1119) ,
(4, '2018-08-19', 'Yes', 1120) ,
(4, '2017-04-27', 'Yes', 1121) ,
(4, '2017-01-16', 'Yes', 1122) ,
(5, '2018-11-21', 'Yes', 1123) ,
(4, '2017-05-26', 'No', 1124) ,
(5, '2018-12-03', 'No', 1125) ,
(4, '2018-11-19', 'Yes', 1126) ,
(4, '2018-12-18', 'Yes', 1127) ,
(4, '2018-01-20', 'Yes', 1128) ,
(4, '2018-07-08', 'Yes', 1129) ,
(4, '2017-02-09', 'Yes', 1130) ,
(5, '2017-08-12', 'Yes', 1131) ,
(4, '2017-10-14', 'Yes', 1132) ,
(4, '2018-11-11', 'Yes', 1133) ,
(5, '2017-03-20', 'Yes', 1134) ,
(4, '2017-05-06', 'Yes', 1135) ,
(4, '2018-12-19', 'Yes', 1136) ,
(4, '2018-03-05', 'Yes', 1137) ,
(5, '2018-12-30', 'Yes', 1138) ,
(2, '2017-03-13', 'No', 1139) ,
(4, '2017-01-25', 'No', 1140) ,
(4, '2018-01-24', 'Yes', 1141) ,
(4, '2017-12-12', 'Yes', 1142) ,
(4, '2018-08-22', 'Yes', 1143) ,
(4, '2018-08-05', 'Yes', 1144) ,
(5, '2017-04-05', 'Yes', 1145) ,
(5, '2018-05-31', 'No', 1146) ,
(4, '2017-08-17', 'Yes', 1147) ,
(5, '2018-01-27', 'Yes', 1148) ,
(4, '2018-03-06', 'Yes', 1149) ,
(4, '2017-12-09', 'No', 1150) ,
(4, '2017-03-18', 'Yes', 1151) ,
(4, '2017-10-25', 'Yes', 1152) ,
(4, '2017-07-22', 'Yes', 1153) ,
(3, '2018-02-04', 'No', 1154) ,
(4, '2017-04-11', 'Yes', 1155) ,
(4, '2018-10-05', 'Yes', 1156) ,
(4, '2017-03-24', 'Yes', 1157) ,
(4, '2017-05-03', 'Yes', 1158) ,
(4, '2017-08-28', 'Yes', 1159) ,
(1, '2017-04-07', 'No', 1160) ,
(4, '2018-02-02', 'Yes', 1161) ,
(4, '2017-06-05', 'No', 1162) ,
(4, '2018-11-24', 'Yes', 1163) ,
(4, '2018-07-31', 'No', 1164) ,
(4, '2017-09-21', 'Yes', 1165) ,
(5, '2017-05-27', 'No', 1166) ,
(4, '2017-03-29', 'Yes', 1167) ,
(4, '2017-02-01', 'Yes', 1168) ,
(4, '2017-11-17', 'Yes', 1169) ,
(4, '2018-04-24', 'Yes', 1170) ,
(4, '2017-11-29', 'Yes', 1171) ,
(4, '2018-12-04', 'Yes', 1172) ,
(4, '2017-05-05', 'Yes', 1173) ,
(4, '2017-02-17', 'Yes', 1174) ,
(4, '2018-05-04', 'No', 1175) ,
(5, '2018-10-07', 'Yes', 1176) ,
(5, '2018-09-10', 'No', 1177) ,
(4, '2018-03-09', 'Yes', 1178) ,
(4, '2017-08-17', 'No', 1179) ,
(4, '2018-02-03', 'Yes', 1180) ,
(4, '2017-11-09', 'No', 1181) ,
(4, '2017-01-05', 'Yes', 1182) ,
(4, '2017-04-23', 'Yes', 1183) ,
(4, '2017-05-05', 'Yes', 1184) ,
(3, '2018-01-02', 'No', 1185) ,
(4, '2017-08-26', 'Yes', 1186) ,
(3, '2018-06-14', 'Yes', 1187) ,
(4, '2018-08-10', 'Yes', 1188) ,
(4, '2017-07-21', 'Yes', 1189) ,
(5, '2018-02-07', 'Yes', 1190) ,
(4, '2018-04-16', 'Yes', 1191) ,
(5, '2018-10-23', 'No', 1192) ,
(4, '2017-11-16', 'Yes', 1193) ,
(4, '2017-08-27', 'No', 1194) ,
(3, '2018-12-10', 'No', 1195) ,
(4, '2017-06-09', 'No', 1196) ,
(5, '2017-08-05', 'Yes', 1197) ,
(5, '2018-11-30', 'No', 1198) ,
(4, '2017-10-25', 'No', 1199) ,
(4, '2017-06-12', 'Yes', 1200) ,
(5, '2018-08-14', 'Yes', 1201) ,
(1, '2017-06-03', 'No', 1202) ,
(2, '2018-12-29', 'No', 1203) ,
(4, '2018-07-25', 'Yes', 1204) ,
(1, '2018-09-25', 'Yes', 1205) ,
(1, '2018-12-22', 'Yes', 1206) ,
(4, '2017-05-14', 'Yes', 1207) ,
(4, '2018-01-26', 'Yes', 1208) ,
(4, '2017-04-17', 'Yes', 1209) ,
(5, '2017-06-30', 'No', 1210) ,
(4, '2018-08-24', 'Yes', 1211) ,
(5, '2018-11-08', 'No', 1212) ,
(2, '2018-02-01', 'No', 1213) ,
(4, '2018-11-03', 'No', 1214) ,
(4, '2017-12-01', 'Yes', 1215) ,
(4, '2017-05-28', 'Yes', 1216) ,
(1, '2017-09-01', 'No', 1217) ,
(4, '2018-05-13', 'Yes', 1218) ,
(5, '2018-03-05', 'Yes', 1219) ,
(4, '2018-05-16', 'No', 1220) ,
(4, '2017-05-01', 'Yes', 1221) ,
(4, '2017-06-18', 'Yes', 1222) ,
(4, '2018-12-19', 'Yes', 1223) ,
(4, '2018-09-05', 'Yes', 1224) ,
(5, '2017-01-13', 'Yes', 1225) ,
(2, '2017-06-16', 'No', 1226) ,
(2, '2018-07-12', 'No', 1227) ,
(4, '2017-04-01', 'No', 1228) ,
(4, '2018-11-01', 'Yes', 1229) ,
(4, '2018-01-22', 'Yes', 1230) ,
(4, '2017-02-11', 'Yes', 1231) ,
(4, '2017-02-27', 'Yes', 1232) ,
(3, '2018-12-13', 'No', 1233) ,
(4, '2017-12-28', 'No', 1234) ,
(4, '2018-10-19', 'Yes', 1235) ,
(5, '2018-07-20', 'No', 1236) ,
(4, '2018-02-20', 'No', 1237) ,
(4, '2018-07-05', 'Yes', 1238) ,
(4, '2017-07-23', 'Yes', 1239) ,
(5, '2017-03-30', 'Yes', 1240) ,
(3, '2017-08-03', 'No', 1241) ,
(5, '2017-04-01', 'Yes', 1242) ,
(4, '2018-06-19', 'No', 1243) ,
(4, '2018-12-12', 'Yes', 1244) ,
(4, '2017-11-21', 'Yes', 1245) ,
(4, '2018-10-22', 'Yes', 1246) ,
(1, '2017-12-18', 'No', 1247) ,
(4, '2018-04-21', 'Yes', 1248) ,
(4, '2017-05-27', 'No', 1249) ,
(4, '2018-08-09', 'No', 1250) ,
(4, '2017-06-15', 'Yes', 1251) ,
(4, '2018-12-09', 'No', 1252) ,
(4, '2018-03-08', 'Yes', 1253) ,
(4, '2018-05-11', 'Yes', 1254) ,
(4, '2018-09-10', 'Yes', 1255) ,
(4, '2017-03-04', 'No', 1256) ,
(3, '2017-02-04', 'No', 1257) ,
(5, '2018-01-07', 'Yes', 1258) ,
(5, '2018-02-11', 'Yes', 1259) ,
(4, '2017-07-12', 'Yes', 1260) ,
(2, '2018-10-29', 'Yes', 1261) ,
(3, '2018-02-13', 'No', 1262) ,
(4, '2018-05-21', 'Yes', 1263) ,
(5, '2018-11-16', 'Yes', 1264) ,
(4, '2018-09-10', 'Yes', 1265) ,
(4, '2018-10-17', 'Yes', 1266) ,
(5, '2018-09-16', 'Yes', 1267) ,
(3, '2018-04-30', 'Yes', 1268) ,
(4, '2017-11-05', 'Yes', 1269) ,
(4, '2018-06-25', 'Yes', 1270) ,
(1, '2018-01-12', 'No', 1271) ,
(4, '2018-06-28', 'Yes', 1272) ,
(4, '2018-12-06', 'Yes', 1273) ,
(4, '2018-05-25', 'Yes', 1274) ,
(4, '2017-06-05', 'Yes', 1275) ,
(3, '2018-02-16', 'Yes', 1276) ,
(4, '2017-01-16', 'Yes', 1277) ,
(4, '2018-11-20', 'Yes', 1278) ,
(4, '2017-01-15', 'Yes', 1279) ,
(4, '2018-10-27', 'Yes', 1280) ,
(2, '2018-08-17', 'No', 1281) ,
(4, '2018-08-12', 'Yes', 1282) ,
(4, '2018-06-14', 'No', 1283) ,
(4, '2017-09-22', 'Yes', 1284) ,
(5, '2018-03-05', 'Yes', 1285) ,
(4, '2017-10-16', 'Yes', 1286) ,
(5, '2017-06-21', 'Yes', 1287) ,
(4, '2018-11-20', 'Yes', 1288) ,
(3, '2018-12-19', 'Yes', 1289) ,
(3, '2017-11-19', 'No', 1290) ,
(4, '2018-10-01', 'Yes', 1291) ,
(4, '2017-09-03', 'Yes', 1292) ,
(4, '2017-11-28', 'No', 1293) ,
(4, '2017-10-26', 'Yes', 1294) ,
(4, '2017-06-16', 'No', 1295) ,
(1, '2018-09-20', 'Yes', 1296) ,
(4, '2018-07-18', 'Yes', 1297) ,
(4, '2018-11-15', 'Yes', 1298) ,
(4, '2018-10-19', 'Yes', 1299) ,
(4, '2018-07-20', 'Yes', 1300) ,
(1, '2018-10-22', 'Yes', 1301) ,
(5, '2018-08-11', 'Yes', 1302) ,
(2, '2017-11-21', 'No', 1303) ,
(2, '2017-05-27', 'No', 1304) ,
(3, '2017-03-16', 'No', 1305) ,
(4, '2018-02-09', 'Yes', 1306) ,
(4, '2018-08-21', 'Yes', 1307) ,
(4, '2018-10-03', 'No', 1308) ,
(4, '2018-03-23', 'No', 1309) ,
(4, '2018-05-03', 'Yes', 1310) ,
(5, '2018-02-24', 'Yes', 1311) ,
(5, '2018-05-08', 'No', 1312) ,
(4, '2018-08-23', 'No', 1313) ,
(4, '2017-10-23', 'Yes', 1314) ,
(5, '2018-04-28', 'No', 1315) ,
(4, '2017-07-17', 'Yes', 1316) ,
(4, '2017-02-08', 'Yes', 1317) ,
(4, '2018-12-28', 'Yes', 1318) ,
(3, '2018-09-05', 'No', 1319) ,
(4, '2017-07-04', 'No', 1320) ,
(4, '2017-03-03', 'Yes', 1321) ,
(4, '2017-03-27', 'Yes', 1322) ,
(4, '2018-01-05', 'Yes', 1323) ,
(4, '2018-04-07', 'Yes', 1324) ,
(3, '2018-08-19', 'No', 1325) ,
(4, '2017-05-09', 'Yes', 1326) ,
(4, '2017-07-25', 'Yes', 1327) ,
(4, '2017-06-09', 'Yes', 1328) ,
(2, '2018-01-16', 'No', 1329) ,
(4, '2018-10-07', 'Yes', 1330) ,
(4, '2017-06-20', 'Yes', 1331) ,
(4, '2017-08-01', 'Yes', 1332) ,
(4, '2018-03-06', 'Yes', 1333) ,
(4, '2018-08-11', 'Yes', 1334) ,
(4, '2018-08-12', 'No', 1335) ,
(5, '2018-02-19', 'No', 1336) ,
(2, '2017-04-19', 'Yes', 1337) ,
(4, '2018-05-05', 'Yes', 1338) ,
(3, '2018-03-20', 'No', 1339) ,
(5, '2018-07-28', 'Yes', 1340) ,
(4, '2018-08-18', 'Yes', 1341) ,
(1, '2018-07-18', 'Yes', 1342) ,
(3, '2017-02-27', 'No', 1343) ,
(4, '2017-10-24', 'Yes', 1344) ,
(3, '2018-11-02', 'Yes', 1345) ,
(3, '2017-01-17', 'Yes', 1346) ,
(3, '2017-06-11', 'No', 1347) ,
(4, '2018-08-09', 'Yes', 1348) ,
(5, '2018-04-07', 'Yes', 1349) ,
(4, '2018-02-03', 'Yes', 1350) ,
(4, '2017-02-12', 'No', 1351) ,
(2, '2017-05-22', 'No', 1352) ,
(4, '2018-08-16', 'Yes', 1353) ,
(4, '2018-01-21', 'No', 1354) ,
(5, '2018-06-20', 'Yes', 1355) ,
(3, '2018-05-15', 'No', 1356) ,
(4, '2018-10-07', 'Yes', 1357) ,
(4, '2018-07-29', 'Yes', 1358) ,
(4, '2018-02-07', 'Yes', 1359) ,
(4, '2018-06-05', 'No', 1360) ,
(4, '2017-09-14', 'Yes', 1361) ,
(3, '2017-07-08', 'Yes', 1362) ,
(4, '2018-10-23', 'Yes', 1363) ,
(4, '2018-09-25', 'Yes', 1364) ,
(4, '2017-04-03', 'Yes', 1365) ,
(5, '2017-04-12', 'No', 1366) ,
(4, '2018-11-21', 'No', 1367) ,
(4, '2018-11-30', 'Yes', 1368) ,
(4, '2017-08-11', 'Yes', 1369) ,
(5, '2018-09-05', 'Yes', 1370) ,
(4, '2018-11-01', 'Yes', 1371) ,
(4, '2017-06-29', 'Yes', 1372) ,
(4, '2017-08-19', 'Yes', 1373) ,
(4, '2018-09-01', 'No', 1374) ,
(5, '2018-11-11', 'Yes', 1375) ,
(4, '2017-09-21', 'No', 1376) ,
(3, '2018-03-05', 'No', 1377) ,
(4, '2017-08-25', 'Yes', 1378) ,
(4, '2018-06-04', 'Yes', 1379) ,
(3, '2018-04-07', 'No', 1380) ,
(4, '2018-08-24', 'No', 1381) ,
(3, '2017-05-14', 'Yes', 1382) ,
(4, '2018-08-08', 'Yes', 1383) ,
(4, '2017-12-01', 'Yes', 1384) ,
(4, '2018-08-29', 'Yes', 1385) ,
(4, '2018-01-09', 'Yes', 1386) ,
(4, '2018-06-18', 'No', 1387) ,
(4, '2017-08-25', 'No', 1388) ,
(4, '2018-06-06', 'No', 1389) ,
(3, '2017-08-06', 'No', 1390) ,
(5, '2018-04-13', 'Yes', 1391) ,
(5, '2018-12-27', 'Yes', 1392) ,
(5, '2017-12-17', 'Yes', 1393) ,
(4, '2018-04-01', 'Yes', 1394) ,
(4, '2017-04-08', 'Yes', 1395) ,
(3, '2018-05-09', 'No', 1396) ,
(4, '2018-12-01', 'Yes', 1397) ,
(1, '2017-11-20', 'Yes', 1398) ,
(4, '2018-04-07', 'Yes', 1399) ,
(4, '2017-02-18', 'Yes', 1400) ,
(4, '2017-03-03', 'Yes', 1401) ,
(5, '2017-02-07', 'Yes', 1402) ,
(4, '2017-05-29', 'Yes', 1403) ,
(5, '2017-05-20', 'No', 1404) ,
(5, '2018-01-27', 'Yes', 1405) ,
(4, '2017-04-23', 'Yes', 1406) ,
(1, '2018-05-11', 'Yes', 1407) ,
(4, '2018-10-06', 'Yes', 1408) ,
(5, '2017-05-18', 'No', 1409) ,
(1, '2018-05-30', 'No', 1410) ,
(4, '2018-11-14', 'No', 1411) ,
(4, '2017-10-02', 'Yes', 1412) ,
(1, '2017-10-29', 'Yes', 1413) ,
(5, '2017-10-07', 'Yes', 1414) ,
(2, '2018-05-01', 'No', 1415) ,
(4, '2018-07-26', 'Yes', 1416) ,
(4, '2017-09-22', 'No', 1417) ,
(5, '2017-06-28', 'Yes', 1418) ,
(5, '2018-07-01', 'No', 1419) ,
(4, '2017-03-12', 'Yes', 1420) ,
(4, '2017-04-02', 'Yes', 1421) ,
(5, '2017-01-26', 'No', 1422) ,
(4, '2017-06-27', 'Yes', 1423) ,
(3, '2018-07-08', 'No', 1424) ,
(4, '2018-03-07', 'Yes', 1425) ,
(4, '2017-05-19', 'Yes', 1426) ,
(5, '2017-11-15', 'No', 1427) ,
(5, '2017-08-10', 'Yes', 1428) ,
(1, '2017-01-28', 'No', 1429) ,
(3, '2018-01-07', 'Yes', 1430) ,
(4, '2018-12-09', 'Yes', 1431) ,
(5, '2018-03-18', 'Yes', 1432) ,
(4, '2018-11-25', 'Yes', 1433) ,
(4, '2017-06-07', 'No', 1434) ,
(4, '2017-07-15', 'Yes', 1435) ,
(4, '2018-10-13', 'Yes', 1436) ,
(4, '2018-02-05', 'No', 1437) ,
(4, '2017-02-10', 'Yes', 1438) ,
(1, '2018-08-17', 'No', 1439) ,
(5, '2017-07-30', 'Yes', 1440) ,
(4, '2017-06-13', 'Yes', 1441) ,
(4, '2017-11-18', 'Yes', 1442) ,
(4, '2018-04-13', 'Yes', 1443) ,
(5, '2017-03-23', 'Yes', 1444) ,
(5, '2018-07-06', 'Yes', 1445) ,
(4, '2018-11-26', 'Yes', 1446) ,
(5, '2018-01-05', 'Yes', 1447) ,
(3, '2017-01-10', 'No', 1448) ,
(5, '2018-07-10', 'Yes', 1449) ,
(4, '2017-06-08', 'Yes', 1450) ,
(4, '2018-11-27', 'Yes', 1451) ,
(4, '2017-09-23', 'No', 1452) ,
(3, '2018-11-07', 'No', 1453) ,
(4, '2018-12-20', 'No', 1454) ,
(4, '2018-09-16', 'Yes', 1455) ,
(4, '2017-07-10', 'Yes', 1456) ,
(4, '2017-05-14', 'No', 1457) ,
(5, '2018-03-01', 'Yes', 1458) ,
(3, '2017-09-10', 'No', 1459) ,
(4, '2018-06-06', 'Yes', 1460) ,
(3, '2018-06-24', 'No', 1461) ,
(4, '2017-06-10', 'Yes', 1462) ,
(4, '2017-09-30', 'No', 1463) ,
(4, '2018-05-14', 'Yes', 1464) ,
(5, '2018-06-09', 'Yes', 1465) ,
(4, '2017-05-22', 'Yes', 1466) ,
(4, '2017-08-20', 'No', 1467) ,
(4, '2017-02-24', 'Yes', 1468) ,
(1, '2017-11-01', 'Yes', 1469) ,
(4, '2017-01-11', 'Yes', 1470) ,
(4, '2018-01-15', 'No', 1471) ,
(4, '2018-12-24', 'Yes', 1472) ,
(2, '2018-05-25', 'No', 1473) ,
(4, '2018-11-09', 'Yes', 1474) ,
(4, '2018-03-09', 'Yes', 1475) ,
(3, '2018-04-28', 'No', 1476) ,
(4, '2017-06-29', 'No', 1477) ,
(4, '2017-11-24', 'Yes', 1478) ,
(4, '2018-02-17', 'Yes', 1479) ,
(4, '2017-05-24', 'Yes', 1480) ,
(4, '2017-11-04', 'No', 1481) ,
(4, '2018-12-14', 'Yes', 1482) ,
(4, '2018-08-15', 'Yes', 1483) ,
(2, '2018-03-19', 'Yes', 1484) ,
(4, '2018-10-21', 'No', 1485) ,
(3, '2017-11-06', 'No', 1486) ,
(4, '2018-08-16', 'Yes', 1487) ,
(4, '2017-12-12', 'No', 1488) ,
(3, '2018-04-11', 'Yes', 1489) ,
(4, '2018-08-15', 'Yes', 1490) ,
(4, '2017-11-03', 'No', 1491) ,
(4, '2018-08-07', 'No', 1492) ,
(5, '2017-07-04', 'Yes', 1493) ,
(4, '2018-01-27', 'Yes', 1494) ,
(1, '2017-02-12', 'No', 1495) ,
(4, '2017-04-30', 'Yes', 1496) ,
(4, '2017-03-11', 'Yes', 1497) ,
(4, '2018-07-11', 'No', 1498) ,
(4, '2017-09-17', 'Yes', 1499) ,
(5, '2018-04-27', 'Yes', 1500) ,
(4, '2017-02-06', 'No', 1501) ,
(4, '2018-10-23', 'Yes', 1502) ,
(5, '2017-10-29', 'Yes', 1503) ,
(4, '2018-05-09', 'Yes', 1504) ,
(4, '2018-09-10', 'Yes', 1505) ,
(4, '2018-04-03', 'Yes', 1506) ,
(4, '2018-12-16', 'No', 1507) ,
(1, '2017-12-24', 'No', 1508) ,
(4, '2017-12-06', 'Yes', 1509) ,
(5, '2018-09-01', 'Yes', 1510) ,
(4, '2018-10-29', 'Yes', 1511) ,
(1, '2018-06-05', 'No', 1512) ,
(4, '2018-08-15', 'Yes', 1513) ,
(4, '2018-10-06', 'Yes', 1514) ,
(4, '2017-01-19', 'Yes', 1515) ,
(4, '2018-03-22', 'Yes', 1516) ,
(4, '2017-03-14', 'No', 1517) ,
(4, '2017-02-26', 'No', 1518) ,
(4, '2017-06-15', 'Yes', 1519) ,
(4, '2018-09-04', 'No', 1520) ,
(4, '2018-04-19', 'Yes', 1521) ,
(5, '2017-07-29', 'Yes', 1522) ,
(4, '2017-01-22', 'Yes', 1523) ,
(3, '2018-02-17', 'No', 1524) ,
(5, '2018-11-04', 'Yes', 1525) ,
(4, '2018-11-26', 'Yes', 1526) ,
(3, '2018-12-26', 'No', 1527) ,
(4, '2017-08-10', 'Yes', 1528) ,
(5, '2018-07-11', 'Yes', 1529) ,
(4, '2018-04-09', 'Yes', 1530) ,
(4, '2017-08-08', 'Yes', 1531) ,
(4, '2018-04-06', 'Yes', 1532) ,
(4, '2018-07-25', 'Yes', 1533) ,
(4, '2018-02-02', 'Yes', 1534) ,
(4, '2017-05-25', 'Yes', 1535) ,
(4, '2017-12-01', 'Yes', 1536) ,
(4, '2017-04-17', 'Yes', 1537) ,
(5, '2017-09-13', 'Yes', 1538) ,
(3, '2018-07-21', 'Yes', 1539) ,
(4, '2018-06-17', 'Yes', 1540) ,
(3, '2018-09-14', 'No', 1541) ,
(2, '2018-11-01', 'No', 1542) ,
(4, '2018-02-17', 'Yes', 1543) ,
(4, '2017-04-13', 'Yes', 1544) ,
(4, '2017-01-31', 'Yes', 1545) ,
(2, '2018-04-02', 'No', 1546) ,
(4, '2018-10-20', 'Yes', 1547) ,
(4, '2018-07-27', 'Yes', 1548) ,
(5, '2018-10-17', 'Yes', 1549) ,
(4, '2017-04-15', 'Yes', 1550) ,
(3, '2017-04-27', 'No', 1551) ,
(1, '2018-11-27', 'Yes', 1552) ,
(1, '2017-08-18', 'No', 1553) ,
(4, '2018-02-18', 'Yes', 1554) ,
(5, '2018-06-06', 'Yes', 1555) ,
(4, '2017-08-26', 'Yes', 1556) ,
(4, '2017-08-05', 'Yes', 1557) ,
(4, '2017-10-09', 'Yes', 1558) ,
(4, '2018-06-09', 'No', 1559) ,
(5, '2017-08-03', 'Yes', 1560) ,
(4, '2018-09-30', 'Yes', 1561) ,
(3, '2017-10-07', 'No', 1562) ,
(5, '2017-01-22', 'Yes', 1563) ,
(3, '2018-12-24', 'No', 1564) ,
(2, '2017-01-23', 'No', 1565) ,
(4, '2017-01-13', 'Yes', 1566) ,
(4, '2018-04-09', 'Yes', 1567) ,
(4, '2018-09-17', 'No', 1568) ,
(4, '2017-07-18', 'Yes', 1569) ,
(4, '2018-04-13', 'Yes', 1570) ,
(5, '2017-04-12', 'Yes', 1571) ,
(2, '2017-05-20', 'No', 1572) ,
(4, '2017-01-02', 'Yes', 1573) ,
(4, '2017-07-19', 'Yes', 1574) ,
(2, '2017-01-16', 'Yes', 1575) ,
(4, '2018-07-01', 'Yes', 1576) ,
(4, '2018-06-01', 'Yes', 1577) ,
(4, '2017-01-26', 'Yes', 1578) ,
(2, '2017-12-05', 'No', 1579) ,
(4, '2017-12-25', 'No', 1580) ,
(4, '2017-03-02', 'Yes', 1581) ,
(4, '2017-09-16', 'Yes', 1582) ,
(5, '2018-05-09', 'Yes', 1583) ,
(4, '2018-07-11', 'Yes', 1584) ,
(3, '2017-01-22', 'No', 1585) ,
(4, '2017-12-09', 'Yes', 1586) ,
(4, '2017-03-30', 'Yes', 1587) ,
(4, '2017-04-10', 'Yes', 1588) ,
(4, '2017-07-23', 'No', 1589) ,
(4, '2017-05-20', 'No', 1590) ,
(3, '2018-10-09', 'No', 1591) ,
(1, '2017-03-22', 'No', 1592) ,
(3, '2017-01-27', 'Yes', 1593) ,
(5, '2017-09-22', 'Yes', 1594) ,
(3, '2017-11-22', 'No', 1595) ,
(1, '2017-12-07', 'No', 1596) ,
(4, '2017-04-08', 'No', 1597) ,
(4, '2017-10-13', 'Yes', 1598) ,
(4, '2018-10-05', 'Yes', 1599) ,
(4, '2018-12-15', 'Yes', 1600) ,
(4, '2017-12-05', 'Yes', 1601) ,
(5, '2017-09-22', 'Yes', 1602) ,
(5, '2017-06-22', 'No', 1603) ,
(4, '2017-08-29', 'No', 1604) ,
(1, '2018-11-30', 'No', 1605) ,
(4, '2018-01-01', 'Yes', 1606) ,
(4, '2018-06-30', 'Yes', 1607) ,
(4, '2018-01-19', 'Yes', 1608) ,
(5, '2018-02-15', 'Yes', 1609) ,
(4, '2018-06-20', 'Yes', 1610) ,
(4, '2017-02-02', 'Yes', 1611) ,
(4, '2018-01-26', 'Yes', 1612) ,
(1, '2018-10-04', 'No', 1613) ,
(4, '2017-10-04', 'Yes', 1614) ,
(4, '2017-01-23', 'Yes', 1615) ,
(3, '2018-01-13', 'No', 1616) ,
(5, '2017-08-05', 'Yes', 1617) ,
(3, '2018-11-21', 'No', 1618) ,
(5, '2018-03-18', 'Yes', 1619) ,
(3, '2018-11-06', 'Yes', 1620) ,
(3, '2017-09-29', 'No', 1621) ,
(4, '2017-11-07', 'Yes', 1622) ,
(4, '2017-02-15', 'Yes', 1623) ,
(4, '2017-08-31', 'No', 1624) ,
(5, '2018-01-18', 'Yes', 1625) ,
(4, '2017-07-06', 'Yes', 1626) ,
(1, '2018-04-16', 'No', 1627) ,
(4, '2018-06-19', 'Yes', 1628) ,
(5, '2017-02-15', 'No', 1629) ,
(4, '2017-03-20', 'Yes', 1630) ,
(4, '2017-06-25', 'Yes', 1631) ,
(4, '2018-04-19', 'Yes', 1632) ,
(4, '2017-11-24', 'Yes', 1633) ,
(4, '2018-02-02', 'No', 1634) ,
(4, '2018-02-15', 'No', 1635) ,
(4, '2017-01-16', 'Yes', 1636) ,
(4, '2017-04-15', 'Yes', 1637) ,
(4, '2018-02-01', 'No', 1638) ,
(4, '2018-04-27', 'Yes', 1639) ,
(3, '2018-07-31', 'Yes', 1640) ,
(4, '2018-05-25', 'No', 1641) ,
(4, '2018-01-14', 'Yes', 1642) ,
(4, '2018-03-02', 'No', 1643) ,
(4, '2018-07-12', 'Yes', 1644) ,
(4, '2018-01-14', 'Yes', 1645) ,
(3, '2018-03-18', 'No', 1646) ,
(1, '2018-12-04', 'No', 1647) ,
(4, '2018-07-29', 'Yes', 1648) ,
(5, '2018-12-15', 'Yes', 1649) ,
(3, '2018-05-31', 'No', 1650) ,
(5, '2017-11-26', 'Yes', 1651) ,
(4, '2018-09-14', 'Yes', 1652) ,
(4, '2018-12-11', 'No', 1653) ,
(4, '2018-02-08', 'Yes', 1654) ,
(3, '2018-01-21', 'No', 1655) ,
(2, '2018-07-09', 'No', 1656) ,
(4, '2018-11-09', 'Yes', 1657) ,
(4, '2018-03-10', 'Yes', 1658) ,
(3, '2018-08-31', 'Yes', 1659) ,
(5, '2018-01-13', 'No', 1660) ,
(4, '2017-09-04', 'No', 1661) ,
(4, '2017-09-08', 'Yes', 1662) ,
(4, '2017-02-15', 'Yes', 1663) ,
(5, '2017-10-24', 'No', 1664) ,
(1, '2017-07-23', 'No', 1665) ,
(4, '2017-11-09', 'Yes', 1666) ,
(5, '2017-03-16', 'Yes', 1667) ,
(5, '2018-05-04', 'No', 1668) ,
(4, '2018-08-21', 'Yes', 1669) ,
(4, '2018-01-26', 'Yes', 1670) ,
(4, '2017-04-11', 'Yes', 1671) ,
(4, '2018-01-24', 'Yes', 1672) ,
(4, '2018-09-08', 'Yes', 1673) ,
(4, '2018-08-12', 'No', 1674) ,
(4, '2018-12-09', 'Yes', 1675) ,
(4, '2018-03-18', 'Yes', 1676) ,
(3, '2017-01-03', 'No', 1677) ,
(4, '2018-04-25', 'Yes', 1678) ,
(1, '2017-10-15', 'No', 1679) ,
(4, '2018-12-10', 'Yes', 1680) ,
(5, '2017-11-21', 'Yes', 1681) ,
(5, '2017-12-20', 'Yes', 1682) ,
(4, '2018-06-17', 'Yes', 1683) ,
(5, '2018-01-22', 'No', 1684) ,
(5, '2017-12-13', 'Yes', 1685) ,
(5, '2018-03-17', 'Yes', 1686) ,
(3, '2017-07-20', 'No', 1687) ,
(4, '2018-03-05', 'No', 1688) ,
(5, '2017-01-19', 'Yes', 1689) ,
(4, '2017-11-08', 'Yes', 1690) ,
(4, '2017-11-22', 'Yes', 1691) ,
(3, '2017-08-22', 'No', 1692) ,
(1, '2018-11-10', 'No', 1693) ,
(4, '2017-10-15', 'Yes', 1694) ,
(4, '2018-03-24', 'Yes', 1695) ,
(4, '2018-08-25', 'Yes', 1696) ,
(4, '2018-06-13', 'Yes', 1697) ,
(4, '2017-01-11', 'Yes', 1698) ,
(4, '2017-06-30', 'Yes', 1699) ,
(4, '2017-05-23', 'Yes', 1700) ,
(2, '2017-01-04', 'Yes', 1701) ,
(4, '2018-10-11', 'Yes', 1702) ,
(4, '2017-01-23', 'Yes', 1703) ,
(5, '2017-07-26', 'No', 1704) ,
(4, '2017-02-09', 'No', 1705) ,
(5, '2018-05-19', 'Yes', 1706) ,
(4, '2017-05-31', 'Yes', 1707) ,
(4, '2018-03-16', 'Yes', 1708) ,
(4, '2017-07-06', 'Yes', 1709) ,
(4, '2018-02-08', 'Yes', 1710) ,
(2, '2018-08-04', 'No', 1711) ,
(5, '2017-05-16', 'Yes', 1712) ,
(3, '2018-07-25', 'No', 1713) ,
(4, '2017-04-09', 'Yes', 1714) ,
(4, '2017-07-13', 'Yes', 1715) ,
(4, '2018-06-15', 'Yes', 1716) ,
(3, '2018-05-05', 'No', 1717) ,
(4, '2018-07-08', 'Yes', 1718) ,
(4, '2017-09-15', 'No', 1719) ,
(4, '2018-04-08', 'No', 1720) ,
(5, '2018-03-21', 'Yes', 1721) ,
(4, '2018-05-21', 'Yes', 1722) ,
(4, '2017-11-18', 'Yes', 1723) ,
(5, '2017-07-05', 'Yes', 1724) ,
(3, '2017-07-01', 'Yes', 1725) ,
(4, '2017-05-24', 'Yes', 1726) ,
(4, '2017-11-05', 'No', 1727) ,
(3, '2018-05-09', 'Yes', 1728) ,
(4, '2018-01-18', 'Yes', 1729) ,
(3, '2017-11-17', 'No', 1730) ,
(4, '2017-09-02', 'Yes', 1731) ,
(5, '2018-09-06', 'Yes', 1732) ,
(3, '2018-12-29', 'Yes', 1733) ,
(4, '2017-05-26', 'Yes', 1734) ,
(4, '2017-07-03', 'No', 1735) ,
(4, '2018-06-05', 'Yes', 1736) ,
(3, '2018-11-04', 'Yes', 1737) ,
(1, '2017-07-14', 'No', 1738) ,
(5, '2018-12-26', 'Yes', 1739) ,
(4, '2017-04-22', 'Yes', 1740) ,
(4, '2018-01-26', 'Yes', 1741) ,
(5, '2018-07-09', 'Yes', 1742) ,
(4, '2018-07-10', 'Yes', 1743) ,
(4, '2018-04-11', 'Yes', 1744) ,
(5, '2017-10-12', 'Yes', 1745) ,
(4, '2017-04-26', 'Yes', 1746) ,
(4, '2018-05-06', 'Yes', 1747) ,
(5, '2017-11-07', 'Yes', 1748) ,
(4, '2018-06-26', 'Yes', 1749) ,
(5, '2017-05-13', 'Yes', 1750) ,
(5, '2017-04-09', 'Yes', 1751) ,
(2, '2018-11-17', 'No', 1752) ,
(4, '2018-06-02', 'Yes', 1753) ,
(5, '2017-05-03', 'Yes', 1754) ,
(2, '2018-02-27', 'No', 1755) ,
(4, '2018-02-26', 'Yes', 1756) ,
(4, '2017-10-30', 'Yes', 1757) ,
(5, '2018-04-02', 'No', 1758) ,
(4, '2018-01-29', 'No', 1759) ,
(5, '2017-06-23', 'Yes', 1760) ,
(4, '2017-12-09', 'Yes', 1761) ,
(5, '2017-07-04', 'Yes', 1762) ,
(4, '2017-04-13', 'Yes', 1763) ,
(5, '2018-06-15', 'No', 1764) ,
(3, '2017-10-03', 'Yes', 1765) ,
(4, '2018-12-06', 'Yes', 1766) ,
(4, '2018-04-09', 'Yes', 1767) ,
(4, '2017-12-29', 'Yes', 1768) ,
(4, '2017-04-05', 'Yes', 1769) ,
(4, '2018-04-11', 'Yes', 1770) ,
(4, '2018-03-12', 'No', 1771) ,
(4, '2017-11-20', 'Yes', 1772) ,
(4, '2017-04-20', 'Yes', 1773) ,
(4, '2018-08-17', 'Yes', 1774) ,
(5, '2018-06-15', 'Yes', 1775) ,
(4, '2018-06-13', 'No', 1776) ,
(4, '2018-06-05', 'Yes', 1777) ,
(4, '2017-10-30', 'Yes', 1778) ,
(1, '2017-02-07', 'Yes', 1779) ,
(3, '2017-03-06', 'No', 1780) ,
(4, '2018-10-15', 'No', 1781) ,
(4, '2017-08-22', 'Yes', 1782) ,
(4, '2017-07-29', 'Yes', 1783) ,
(1, '2018-07-02', 'Yes', 1784) ,
(4, '2017-07-08', 'Yes', 1785) ,
(4, '2017-02-15', 'Yes', 1786) ,
(5, '2017-09-11', 'Yes', 1787) ,
(3, '2018-03-25', 'Yes', 1788) ,
(4, '2018-01-11', 'Yes', 1789) ,
(4, '2018-09-30', 'Yes', 1790) ,
(4, '2017-10-28', 'Yes', 1791) ,
(2, '2018-08-22', 'No', 1792) ,
(4, '2018-03-17', 'Yes', 1793) ,
(4, '2018-10-26', 'Yes', 1794) ,
(5, '2017-08-01', 'Yes', 1795) ,
(4, '2017-03-16', 'No', 1796) ,
(4, '2017-07-04', 'Yes', 1797) ,
(4, '2017-10-13', 'Yes', 1798) ,
(5, '2018-12-06', 'Yes', 1799) ,
(4, '2017-08-20', 'No', 1800) ,
(4, '2017-06-14', 'Yes', 1801) ,
(4, '2017-03-05', 'Yes', 1802) ,
(4, '2018-08-04', 'Yes', 1803) ,
(4, '2017-12-15', 'No', 1804) ,
(1, '2018-05-01', 'No', 1805) ,
(4, '2018-12-13', 'Yes', 1806) ,
(5, '2018-09-09', 'Yes', 1807) ,
(4, '2018-09-10', 'Yes', 1808) ,
(4, '2018-10-07', 'Yes', 1809) ,
(4, '2017-08-03', 'Yes', 1810) ,
(4, '2018-07-29', 'Yes', 1811) ,
(4, '2018-09-07', 'No', 1812) ,
(4, '2017-09-15', 'Yes', 1813) ,
(4, '2017-05-01', 'Yes', 1814) ,
(5, '2018-03-21', 'Yes', 1815) ,
(4, '2017-02-15', 'Yes', 1816) ,
(2, '2017-08-18', 'No', 1817) ,
(5, '2017-02-23', 'No', 1818) ,
(4, '2017-10-20', 'Yes', 1819) ,
(5, '2017-11-17', 'Yes', 1820) ,
(4, '2017-02-26', 'Yes', 1821) ,
(4, '2018-05-24', 'Yes', 1822) ,
(4, '2017-03-18', 'No', 1823) ,
(5, '2018-07-11', 'No', 1824) ,
(5, '2018-10-14', 'Yes', 1825) ,
(4, '2018-08-05', 'Yes', 1826) ,
(4, '2017-12-20', 'Yes', 1827) ,
(4, '2018-08-22', 'No', 1828) ,
(4, '2017-11-14', 'No', 1829) ,
(4, '2018-01-26', 'Yes', 1830) ,
(2, '2017-09-25', 'No', 1831) ,
(5, '2018-06-10', 'Yes', 1832) ,
(4, '2018-01-16', 'Yes', 1833) ,
(5, '2018-04-21', 'Yes', 1834) ,
(5, '2018-06-14', 'Yes', 1835) ,
(5, '2017-03-14', 'Yes', 1836) ,
(4, '2017-12-08', 'Yes', 1837) ,
(4, '2017-01-16', 'Yes', 1838) ,
(2, '2018-09-22', 'Yes', 1839) ,
(5, '2017-01-28', 'No', 1840) ,
(2, '2018-06-02', 'No', 1841) ,
(5, '2018-08-20', 'Yes', 1842) ,
(3, '2017-11-19', 'No', 1843) ,
(3, '2018-05-26', 'No', 1844) ,
(4, '2018-11-22', 'Yes', 1845) ,
(3, '2017-05-10', 'No', 1846) ,
(5, '2017-12-20', 'Yes', 1847) ,
(4, '2017-05-16', 'Yes', 1848) ,
(4, '2018-06-08', 'Yes', 1849) ,
(4, '2017-11-27', 'Yes', 1850) ,
(4, '2017-08-24', 'Yes', 1851) ,
(4, '2018-09-14', 'Yes', 1852) ,
(5, '2018-10-10', 'Yes', 1853) ,
(4, '2017-12-10', 'Yes', 1854) ,
(4, '2018-06-06', 'Yes', 1855) ,
(5, '2018-03-21', 'No', 1856) ,
(3, '2018-02-13', 'No', 1857) ,
(4, '2018-06-07', 'Yes', 1858) ,
(4, '2018-08-19', 'Yes', 1859) ,
(4, '2017-01-15', 'Yes', 1860) ,
(4, '2018-04-03', 'Yes', 1861) ,
(1, '2018-09-13', 'No', 1862) ,
(3, '2017-02-14', 'No', 1863) ,
(5, '2018-05-25', 'Yes', 1864) ,
(2, '2018-01-25', 'No', 1865) ,
(5, '2017-01-20', 'Yes', 1866) ,
(4, '2017-04-17', 'Yes', 1867) ,
(1, '2017-06-30', 'No', 1868) ,
(4, '2017-09-03', 'No', 1869) ,
(5, '2017-10-08', 'Yes', 1870) ,
(5, '2018-02-28', 'Yes', 1871) ,
(4, '2018-05-28', 'Yes', 1872) ,
(2, '2017-10-21', 'No', 1873) ,
(3, '2017-03-29', 'No', 1874) ,
(4, '2017-04-15', 'Yes', 1875) ,
(4, '2017-01-16', 'No', 1876) ,
(4, '2017-09-30', 'Yes', 1877) ,
(4, '2017-01-05', 'Yes', 1878) ,
(4, '2018-01-12', 'Yes', 1879) ,
(4, '2017-10-27', 'No', 1880) ,
(2, '2018-07-30', 'No', 1881) ,
(1, '2017-11-02', 'No', 1882) ,
(4, '2018-10-17', 'No', 1883) ,
(4, '2017-07-10', 'Yes', 1884) ,
(4, '2018-06-05', 'No', 1885) ,
(4, '2017-06-05', 'No', 1886) ,
(5, '2018-12-14', 'Yes', 1887) ,
(4, '2018-04-01', 'Yes', 1888) ,
(4, '2018-08-18', 'Yes', 1889) ,
(4, '2017-08-21', 'Yes', 1890) ,
(4, '2018-03-05', 'Yes', 1891) ,
(2, '2018-04-14', 'No', 1892) ,
(3, '2018-05-24', 'No', 1893) ,
(4, '2017-09-13', 'No', 1894) ,
(2, '2017-08-05', 'No', 1895) ,
(2, '2018-05-30', 'No', 1896) ,
(4, '2018-04-20', 'Yes', 1897) ,
(5, '2017-01-24', 'No', 1898) ,
(4, '2017-07-11', 'Yes', 1899) ,
(4, '2017-10-29', 'Yes', 1900) ,
(4, '2018-01-20', 'Yes', 1901) ,
(4, '2017-02-22', 'Yes', 1902) ,
(4, '2018-12-01', 'Yes', 1903) ,
(5, '2017-11-26', 'Yes', 1904) ,
(5, '2018-03-17', 'Yes', 1905) ,
(2, '2017-05-04', 'No', 1906) ,
(5, '2018-07-05', 'Yes', 1907) ,
(5, '2017-12-27', 'Yes', 1908) ,
(4, '2018-03-21', 'Yes', 1909) ,
(4, '2018-09-10', 'Yes', 1910) ,
(4, '2017-12-25', 'Yes', 1911) ,
(5, '2017-01-21', 'Yes', 1912) ,
(4, '2017-04-25', 'Yes', 1913) ,
(4, '2017-11-07', 'Yes', 1914) ,
(4, '2017-10-17', 'No', 1915) ,
(4, '2018-03-20', 'Yes', 1916) ,
(4, '2017-06-13', 'No', 1917) ,
(4, '2017-08-19', 'No', 1918) ,
(4, '2018-04-13', 'Yes', 1919) ,
(4, '2018-10-09', 'Yes', 1920) ,
(4, '2017-01-23', 'Yes', 1921) ,
(4, '2017-05-27', 'Yes', 1922) ,
(4, '2017-08-21', 'Yes', 1923) ,
(4, '2018-10-16', 'Yes', 1924) ,
(4, '2017-05-24', 'Yes', 1925) ,
(5, '2017-03-28', 'No', 1926) ,
(4, '2017-09-19', 'Yes', 1927) ,
(5, '2018-06-02', 'Yes', 1928) ,
(1, '2017-08-08', 'No', 1929) ,
(4, '2017-11-02', 'No', 1930) ,
(5, '2018-03-20', 'No', 1931) ,
(4, '2018-06-03', 'Yes', 1932) ,
(3, '2017-08-02', 'No', 1933) ,
(4, '2018-04-25', 'Yes', 1934) ,
(4, '2018-04-14', 'Yes', 1935) ,
(4, '2017-03-09', 'Yes', 1936) ,
(4, '2018-10-15', 'Yes', 1937) ,
(4, '2018-12-07', 'No', 1938) ,
(4, '2017-01-05', 'Yes', 1939) ,
(4, '2017-10-27', 'No', 1940) ,
(4, '2017-12-09', 'Yes', 1941) ,
(4, '2018-05-09', 'Yes', 1942) ,
(5, '2018-09-10', 'Yes', 1943) ,
(3, '2018-06-05', 'No', 1944) ,
(4, '2017-09-30', 'Yes', 1945) ,
(4, '2018-03-02', 'Yes', 1946) ,
(5, '2017-08-16', 'Yes', 1947) ,
(3, '2018-03-27', 'No', 1948) ,
(4, '2018-01-08', 'Yes', 1949) ,
(4, '2018-10-03', 'No', 1950) ,
(4, '2018-11-15', 'No', 1951) ,
(4, '2018-02-05', 'Yes', 1952) ,
(2, '2018-10-08', 'No', 1953) ,
(4, '2018-12-17', 'Yes', 1954) ,
(5, '2018-06-21', 'Yes', 1955) ,
(3, '2018-10-03', 'No', 1956) ,
(4, '2017-02-28', 'Yes', 1957) ,
(5, '2017-06-22', 'Yes', 1958) ,
(5, '2017-10-04', 'Yes', 1959) ,
(4, '2018-08-24', 'Yes', 1960) ,
(3, '2017-03-21', 'No', 1961) ,
(4, '2018-11-15', 'Yes', 1962) ,
(4, '2018-08-29', 'Yes', 1963) ,
(3, '2018-07-17', 'Yes', 1964) ,
(5, '2018-08-14', 'Yes', 1965) ,
(1, '2017-03-11', 'No', 1966) ,
(4, '2017-11-19', 'Yes', 1967) ,
(4, '2017-02-07', 'Yes', 1968) ,
(4, '2017-10-30', 'Yes', 1969) ,
(3, '2018-06-24', 'No', 1970) ,
(4, '2018-01-15', 'Yes', 1971) ,
(4, '2017-12-11', 'Yes', 1972) ,
(4, '2017-06-27', 'Yes', 1973) ,
(4, '2017-08-17', 'Yes', 1974) ,
(4, '2017-01-11', 'Yes', 1975) ,
(5, '2017-12-12', 'Yes', 1976) ,
(4, '2017-11-14', 'Yes', 1977) ,
(4, '2017-08-23', 'Yes', 1978) ,
(4, '2018-08-11', 'Yes', 1979) ,
(4, '2017-09-30', 'No', 1980) ,
(4, '2018-01-24', 'Yes', 1981) ,
(4, '2018-10-19', 'No', 1982) ,
(4, '2018-10-24', 'Yes', 1983) ,
(1, '2017-03-30', 'No', 1984) ,
(4, '2018-06-01', 'Yes', 1985) ,
(4, '2017-12-14', 'Yes', 1986) ,
(4, '2018-11-01', 'Yes', 1987) ,
(4, '2017-01-21', 'Yes', 1988) ,
(2, '2018-11-08', 'No', 1989) ,
(2, '2017-12-25', 'No', 1990) ,
(5, '2018-03-11', 'No', 1991) ,
(1, '2017-01-13', 'Yes', 1992) ,
(4, '2018-04-30', 'Yes', 1993) ,
(4, '2017-05-23', 'No', 1994) ,
(4, '2017-05-06', 'No', 1995) ,
(5, '2018-04-03', 'Yes', 1996) ,
(2, '2017-02-20', 'No', 1997) ,
(4, '2017-08-11', 'Yes', 1998) ,
(2, '2018-08-17', 'No', 1999) ,
(5, '2017-03-08', 'Yes', 2000) 


Select * 
from CustomerReview

-- queries 


-- Q 01
--Query to select to 5 hotels based on their average rating 

 Select top 5 Cast( AVG(Cr.ReviewRating)as decimal(10,2)) as Rating , htl.Name
From CustomerReview Cr , Booking Bk, Room R, Hotel htl
Where Cr.Booking_ID = Bk.Booking_id and Bk.RoomNumber = R.RoomNumber and R.HotelID = htl.HotelID
Group by htl.Name
Order by Rating desc

-- Q 02
-- Query to List All Bookings Along with Customer, Room, and Hotel Information
SELECT B.Booking_id, B.check_in_date, B.check_out_date, B.total_room_price,
    C.Name AS CustomerName, C.Email AS CustomerEmail, C.phone_number AS CustomerPhone,
    R.RoomNumber, RT.Name AS RoomType, RT.PricePerNight,
    H.Name AS HotelName, H.Address AS HotelAddress
FROM Booking B
JOIN Customer C ON B.customer_id = C.customer_id
JOIN Room R ON B.RoomNumber = R.RoomNumber
JOIN RoomType RT ON R.RoomTypeID = RT.RoomTypeID
JOIN Hotel H ON R.HotelID = H.HotelID;

-- Q 02
--same query without join statement
SELECT B.Booking_id, B.check_in_date, B.check_out_date, B.total_room_price,
    C.Name AS CustomerName, C.Email AS CustomerEmail, C.phone_number AS CustomerPhone,
    R.RoomNumber, RT.Name AS RoomType, RT.PricePerNight,
    H.Name AS HotelName, H.Address AS HotelAddress
FROM Booking B,Customer C,Room R,RoomType RT,Hotel H
where B.customer_id = C.customer_id and B.RoomNumber = R.RoomNumber and R.RoomTypeID = RT.RoomTypeID and R.HotelID = H.HotelID;

-- Q 03
--Query to Find Rooms Available in a Specific Hotel with Details of Room Type
SELECT R.RoomNumber, RT.Name AS RoomType, RT.Description, RT.PricePerNight, RT.Capacity, R.Status
FROM Room R
JOIN RoomType RT ON R.RoomTypeID = RT.RoomTypeID
JOIN Hotel H ON R.HotelID = H.HotelID
WHERE H.HotelID = 'h8' AND R.Status = 'Available';

-- Q 04
--Query to Find the Average Booking Price for Each Hotel 
SELECT H.HotelID, H.Name AS HotelName, AVG(B.total_room_price) AS AverageBookingPrice
FROM Hotel H
JOIN Room R ON H.HotelID = R.HotelID
JOIN Booking B ON R.RoomNumber = B.RoomNumber
GROUP BY H.HotelID, H.Name;

-- Q 05
--Query to Find the Staff Members with the Highest Salary in Each Hotel
SELECT S.StaffID, S.FirstName, S.LastName, S.Salary, H.HotelID, H.Name AS HotelName
FROM Staff S
JOIN Hotel H ON S.HotelID = H.HotelID
WHERE 
    S.Salary = (SELECT MAX(Salary) 
                FROM Staff 
                WHERE HotelID = S.HotelID);

-- Q 06
--Query to Retrieve the details of all bookings made by customers from a specific nationality along with the hotel information.
SELECT Booking.*, Hotel.Name AS HotelName, Hotel.Address AS HotelAddress
FROM Booking
INNER JOIN Room ON Booking.RoomNumber = Room.RoomNumber
INNER JOIN Hotel ON Room.HotelID = Hotel.HotelID
INNER JOIN Customer ON Booking.customer_id = Customer.customer_id
WHERE Customer.Nationality = 'Indian';

-- Q 07
--Query to Retrieve the top 5 most expensive bookings along with customer details.
SELECT TOP 5 Booking.*, Customer.Name AS CustomerName, Customer.Email AS CustomerEmail
FROM Booking
INNER JOIN Customer ON Booking.customer_id = Customer.customer_id
ORDER BY Booking. total_room_price DESC;

-- Q 08
--Query to List the number of bookings made by each customer along with their total expenditure.
SELECT Customer.customer_id, Customer.Name AS CustomerName, COUNT(Booking.Booking_id) AS TotalBookings, SUM(Booking.total_room_price) AS TotalExpenditure
FROM Customer
LEFT JOIN Booking ON Customer.customer_id = Booking.customer_id
GROUP BY Customer.customer_id, Customer.Name;

-- Q 09
--Query to List the rooms that are currently occupied along with the names of the customers occupying them.
SELECT Room.RoomNumber, Customer.Name AS CustomerName
FROM Room
INNER JOIN Booking ON Room.RoomNumber = Booking.RoomNumber
INNER JOIN Customer ON Booking.customer_id = Customer.customer_id
WHERE Room.Status = 'occupied';

-- Q 10
--Query to find the total revenue generated by top 5 hotel from bookings
SELECT top 5 Hotel.Name as HotelName, SUM(Booking.total_room_price) AS TotalRevenue
FROM Booking 
JOIN Room  ON Booking.RoomNumber = Room.RoomNumber
JOIN Hotel ON Room.HotelID = Hotel.HotelID
GROUP BY Hotel.Name
Order by SUM(Booking.total_room_price) Desc;

-- Q 11
--Query to retrieve the details of customers who have booked rooms in multiple hotels.
SELECT customer_id, Name, COUNT(DISTINCT HotelID) AS NumHotelsBooked
FROM (
    SELECT Customer.customer_id, Customer.Name, Booking.RoomNumber, Room.HotelID
    FROM Customer
    JOIN Booking ON Customer.customer_id = Booking.customer_id
    JOIN Room ON Booking.RoomNumber = Room.RoomNumber
) AS CustomerBookings
GROUP BY customer_id, Name
HAVING COUNT(DISTINCT HotelID) > 1;

-- Q 12
--Query to find the average salary of staff by position in each hotel
SELECT distinct H.Name AS HotelName, S.Position As Position_of_staff, AVG(S.Salary) AS AverageSalary
FROM Staff S
JOIN Hotel H ON S.HotelID = H.HotelID
GROUP BY H.Name, S.Position;

--Q  13
-- Query to find Hotels ranked by most bookings 
  Select  Count(* )as TotalBookings , htl.Name
From  Booking Bk, Room R, Hotel htl
Where Bk.RoomNumber = R.RoomNumber and R.HotelID = htl.HotelID
Group by htl.Name
Order by TotalBookings desc



